time_ms,neuron_1_voltage_mv,neuron_1_synaptic_current_nA,neuron_2_voltage_mv,neuron_2_synaptic_current_nA,neuron_3_voltage_mv,neuron_3_synaptic_current_nA,neuron_4_voltage_mv,neuron_4_synaptic_current_nA,neuron_5_voltage_mv,neuron_5_synaptic_current_nA
0.0,-65.0,0.0,-65.0,0.0,-65.0,0.0,-65.0,0.0,-65.0,0.0
0.1,-64.9,0.0,-65.0,0.0,-65.0,0.0,-65.0,0.0,-65.0,0.0
0.2,-64.8005,0.0,-65.0,0.0,-65.0,0.0,-65.0,0.0,-65.0,0.0
0.30000000000000004,-64.7014975,0.0,-65.0,0.0,-65.0,0.0,-65.0,0.0,-65.0,0.0
0.4,-64.6029900125,0.0,-65.0,0.0,-65.0,0.0,-65.0,0.0,-65.0,0.0
0.5,-64.5049750624375,0.0,-65.0,0.0,-65.0,0.0,-65.0,0.0,-65.0,0.0
0.6000000000000001,-64.4074501871253,0.0,-65.0,0.0,-65.0,0.0,-65.0,0.0,-65.0,0.0
0.7000000000000001,-64.31041293618968,0.0,-65.0,0.0,-65.0,0.0,-65.0,0.0,-65.0,0.0
0.8,-64.21386087150873,0.0,-65.0,0.0,-65.0,0.0,-65.0,0.0,-65.0,0.0
0.9,-64.11779156715119,0.0,-65.0,0.0,-65.0,0.0,-65.0,0.0,-65.0,0.0
1.0,-64.02220260931543,0.0,-65.0,0.0,-65.0,0.0,-65.0,0.0,-65.0,0.0
1.1,-63.92709159626885,0.0,-65.0,0.0,-65.0,0.0,-65.0,0.0,-65.0,0.0
1.2000000000000002,-63.832456138287505,0.0,-65.0,0.0,-65.0,0.0,-65.0,0.0,-65.0,0.0
1.3,-63.73829385759607,0.0,-65.0,0.0,-65.0,0.0,-65.0,0.0,-65.0,0.0
1.4000000000000001,-63.64460238830809,0.0,-65.0,0.0,-65.0,0.0,-65.0,0.0,-65.0,0.0
1.5,-63.55137937636655,0.0,-65.0,0.0,-65.0,0.0,-65.0,0.0,-65.0,0.0
1.6,-63.45862247948472,0.0,-65.0,0.0,-65.0,0.0,-65.0,0.0,-65.0,0.0
1.7000000000000002,-63.366329367087296,0.0,-65.0,0.0,-65.0,0.0,-65.0,0.0,-65.0,0.0
1.8,-63.27449772025186,0.0,-65.0,0.0,-65.0,0.0,-65.0,0.0,-65.0,0.0
1.9000000000000001,-63.1831252316506,0.0,-65.0,0.0,-65.0,0.0,-65.0,0.0,-65.0,0.0
2.0,-63.09220960549235,0.0,-65.0,0.0,-65.0,0.0,-65.0,0.0,-65.0,0.0
2.1,-63.001748557464886,0.0,-65.0,0.0,-65.0,0.0,-65.0,0.0,-65.0,0.0
2.2,-62.91173981467756,0.0,-65.0,0.0,-65.0,0.0,-65.0,0.0,-65.0,0.0
2.3000000000000003,-62.822181115604174,0.0,-65.0,0.0,-65.0,0.0,-65.0,0.0,-65.0,0.0
2.4000000000000004,-62.733070210026156,0.0,-65.0,0.0,-65.0,0.0,-65.0,0.0,-65.0,0.0
2.5,-62.644404858976024,0.0,-65.0,0.0,-65.0,0.0,-65.0,0.0,-65.0,0.0
2.6,-62.556182834681145,0.0,-65.0,0.0,-65.0,0.0,-65.0,0.0,-65.0,0.0
2.7,-62.46840192050774,0.0,-65.0,0.0,-65.0,0.0,-65.0,0.0,-65.0,0.0
2.8000000000000003,-62.3810599109052,0.0,-65.0,0.0,-65.0,0.0,-65.0,0.0,-65.0,0.0
2.9000000000000004,-62.29415461135068,0.0,-65.0,0.0,-65.0,0.0,-65.0,0.0,-65.0,0.0
3.0,-62.207683838293924,0.0,-65.0,0.0,-65.0,0.0,-65.0,0.0,-65.0,0.0
3.1,-62.12164541910246,0.0,-65.0,0.0,-65.0,0.0,-65.0,0.0,-65.0,0.0
3.2,-62.036037192006944,0.0,-65.0,0.0,-65.0,0.0,-65.0,0.0,-65.0,0.0
3.3000000000000003,-61.95085700604691,0.0,-65.0,0.0,-65.0,0.0,-65.0,0.0,-65.0,0.0
3.4000000000000004,-61.866102721016674,0.0,-65.0,0.0,-65.0,0.0,-65.0,0.0,-65.0,0.0
3.5,-61.78177220741159,0.0,-65.0,0.0,-65.0,0.0,-65.0,0.0,-65.0,0.0
3.6,-61.69786334637453,0.0,-65.0,0.0,-65.0,0.0,-65.0,0.0,-65.0,0.0
3.7,-61.61437402964266,0.0,-65.0,0.0,-65.0,0.0,-65.0,0.0,-65.0,0.0
3.8000000000000003,-61.53130215949445,0.0,-65.0,0.0,-65.0,0.0,-65.0,0.0,-65.0,0.0
3.9000000000000004,-61.44864564869698,0.0,-65.0,0.0,-65.0,0.0,-65.0,0.0,-65.0,0.0
4.0,-61.3664024204535,0.0,-65.0,0.0,-65.0,0.0,-65.0,0.0,-65.0,0.0
4.1000000000000005,-61.28457040835123,0.0,-65.0,0.0,-65.0,0.0,-65.0,0.0,-65.0,0.0
4.2,-61.203147556309474,0.0,-65.0,0.0,-65.0,0.0,-65.0,0.0,-65.0,0.0
4.3,-61.122131818527926,0.0,-65.0,0.0,-65.0,0.0,-65.0,0.0,-65.0,0.0
4.4,-61.041521159435284,0.0,-65.0,0.0,-65.0,0.0,-65.0,0.0,-65.0,0.0
4.5,-60.96131355363811,0.0,-65.0,0.0,-65.0,0.0,-65.0,0.0,-65.0,0.0
4.6000000000000005,-60.88150698586992,0.0,-65.0,0.0,-65.0,0.0,-65.0,0.0,-65.0,0.0
4.7,-60.80209945094057,0.0,-65.0,0.0,-65.0,0.0,-65.0,0.0,-65.0,0.0
4.800000000000001,-60.72308895368587,0.0,-65.0,0.0,-65.0,0.0,-65.0,0.0,-65.0,0.0
4.9,-60.644473508917436,0.0,-65.0,0.0,-65.0,0.0,-65.0,0.0,-65.0,0.0
5.0,-60.566251141372845,0.0,-65.0,0.0,-65.0,0.0,-65.0,0.0,-65.0,0.0
5.1000000000000005,-60.488419885665984,0.0,-65.0,0.0,-65.0,0.0,-65.0,0.0,-65.0,0.0
5.2,-60.41097778623765,0.0,-65.0,0.0,-65.0,0.0,-65.0,0.0,-65.0,0.0
5.300000000000001,-60.333922897306465,0.0,-65.0,0.0,-65.0,0.0,-65.0,0.0,-65.0,0.0
5.4,-60.25725328281993,0.0,-65.0,0.0,-65.0,0.0,-65.0,0.0,-65.0,0.0
5.5,-60.18096701640583,0.0,-65.0,0.0,-65.0,0.0,-65.0,0.0,-65.0,0.0
5.6000000000000005,-60.1050621813238,0.0,-65.0,0.0,-65.0,0.0,-65.0,0.0,-65.0,0.0
5.7,-60.02953687041718,0.0,-65.0,0.0,-65.0,0.0,-65.0,0.0,-65.0,0.0
5.800000000000001,-59.95438918606509,0.0,-65.0,0.0,-65.0,0.0,-65.0,0.0,-65.0,0.0
5.9,-59.87961724013477,0.0,-65.0,0.0,-65.0,0.0,-65.0,0.0,-65.0,0.0
6.0,-59.8052191539341,0.0,-65.0,0.0,-65.0,0.0,-65.0,0.0,-65.0,0.0
6.1000000000000005,-59.73119305816443,0.0,-65.0,0.0,-65.0,0.0,-65.0,0.0,-65.0,0.0
6.2,-59.6575370928736,0.0,-65.0,0.0,-65.0,0.0,-65.0,0.0,-65.0,0.0
6.300000000000001,-59.58424940740924,0.0,-65.0,0.0,-65.0,0.0,-65.0,0.0,-65.0,0.0
6.4,-59.511328160372194,0.0,-65.0,0.0,-65.0,0.0,-65.0,0.0,-65.0,0.0
6.5,-59.43877151957033,0.0,-65.0,0.0,-65.0,0.0,-65.0,0.0,-65.0,0.0
6.6000000000000005,-59.36657766197248,0.0,-65.0,0.0,-65.0,0.0,-65.0,0.0,-65.0,0.0
6.7,-59.294744773662615,0.0,-65.0,0.0,-65.0,0.0,-65.0,0.0,-65.0,0.0
6.800000000000001,-59.2232710497943,0.0,-65.0,0.0,-65.0,0.0,-65.0,0.0,-65.0,0.0
6.9,-59.15215469454533,0.0,-65.0,0.0,-65.0,0.0,-65.0,0.0,-65.0,0.0
7.0,-59.0813939210726,0.0,-65.0,0.0,-65.0,0.0,-65.0,0.0,-65.0,0.0
7.1000000000000005,-59.01098695146724,0.0,-65.0,0.0,-65.0,0.0,-65.0,0.0,-65.0,0.0
7.2,-58.9409320167099,0.0,-65.0,0.0,-65.0,0.0,-65.0,0.0,-65.0,0.0
7.300000000000001,-58.87122735662635,0.0,-65.0,0.0,-65.0,0.0,-65.0,0.0,-65.0,0.0
7.4,-58.801871219843214,0.0,-65.0,0.0,-65.0,0.0,-65.0,0.0,-65.0,0.0
7.5,-58.732861863744,0.0,-65.0,0.0,-65.0,0.0,-65.0,0.0,-65.0,0.0
7.6000000000000005,-58.66419755442528,0.0,-65.0,0.0,-65.0,0.0,-65.0,0.0,-65.0,0.0
7.7,-58.59587656665315,0.0,-65.0,0.0,-65.0,0.0,-65.0,0.0,-65.0,0.0
7.800000000000001,-58.52789718381989,0.0,-65.0,0.0,-65.0,0.0,-65.0,0.0,-65.0,0.0
7.9,-58.460257697900786,0.0,-65.0,0.0,-65.0,0.0,-65.0,0.0,-65.0,0.0
8.0,-58.39295640941128,0.0,-65.0,0.0,-65.0,0.0,-65.0,0.0,-65.0,0.0
8.1,-58.325991627364225,0.0,-65.0,0.0,-65.0,0.0,-65.0,0.0,-65.0,0.0
8.200000000000001,-58.2593616692274,0.0,-65.0,0.0,-65.0,0.0,-65.0,0.0,-65.0,0.0
8.3,-58.193064860881265,0.0,-65.0,0.0,-65.0,0.0,-65.0,0.0,-65.0,0.0
8.4,-58.12709953657686,0.0,-65.0,0.0,-65.0,0.0,-65.0,0.0,-65.0,0.0
8.5,-58.06146403889397,0.0,-65.0,0.0,-65.0,0.0,-65.0,0.0,-65.0,0.0
8.6,-57.9961567186995,0.0,-65.0,0.0,-65.0,0.0,-65.0,0.0,-65.0,0.0
8.700000000000001,-57.931175935106005,0.0,-65.0,0.0,-65.0,0.0,-65.0,0.0,-65.0,0.0
8.8,-57.86652005543048,0.0,-65.0,0.0,-65.0,0.0,-65.0,0.0,-65.0,0.0
8.9,-57.80218745515332,0.0,-65.0,0.0,-65.0,0.0,-65.0,0.0,-65.0,0.0
9.0,-57.738176517877555,0.0,-65.0,0.0,-65.0,0.0,-65.0,0.0,-65.0,0.0
9.1,-57.674485635288164,0.0,-65.0,0.0,-65.0,0.0,-65.0,0.0,-65.0,0.0
9.200000000000001,-57.61111320711172,0.0,-65.0,0.0,-65.0,0.0,-65.0,0.0,-65.0,0.0
9.3,-57.54805764107616,0.0,-65.0,0.0,-65.0,0.0,-65.0,0.0,-65.0,0.0
9.4,-57.48531735287078,0.0,-65.0,0.0,-65.0,0.0,-65.0,0.0,-65.0,0.0
9.5,-57.42289076610643,0.0,-65.0,0.0,-65.0,0.0,-65.0,0.0,-65.0,0.0
9.600000000000001,-57.360776312275895,0.0,-65.0,0.0,-65.0,0.0,-65.0,0.0,-65.0,0.0
9.700000000000001,-57.298972430714514,0.0,-65.0,0.0,-65.0,0.0,-65.0,0.0,-65.0,0.0
9.8,-57.23747756856094,0.0,-65.0,0.0,-65.0,0.0,-65.0,0.0,-65.0,0.0
9.9,-57.176290180718134,0.0,-65.0,0.0,-65.0,0.0,-65.0,0.0,-65.0,0.0
10.0,-57.11540872981454,0.0,-65.0,0.0,-65.0,0.0,-65.0,0.0,-65.0,0.0
10.100000000000001,-57.054831686165464,0.0,-65.0,0.0,-65.0,0.0,-65.0,0.0,-65.0,0.0
10.200000000000001,-56.994557527734635,0.0,-65.0,0.0,-65.0,0.0,-65.0,0.0,-65.0,0.0
10.3,-56.934584740095964,0.0,-65.0,0.0,-65.0,0.0,-65.0,0.0,-65.0,0.0
10.4,-56.87491181639548,0.0,-65.0,0.0,-65.0,0.0,-65.0,0.0,-65.0,0.0
10.5,-56.8155372573135,0.0,-65.0,0.0,-65.0,0.0,-65.0,0.0,-65.0,0.0
10.600000000000001,-56.75645957102693,0.0,-65.0,0.0,-65.0,0.0,-65.0,0.0,-65.0,0.0
10.700000000000001,-56.6976772731718,0.0,-65.0,0.0,-65.0,0.0,-65.0,0.0,-65.0,0.0
10.8,-56.63918888680594,0.0,-65.0,0.0,-65.0,0.0,-65.0,0.0,-65.0,0.0
10.9,-56.58099294237191,0.0,-65.0,0.0,-65.0,0.0,-65.0,0.0,-65.0,0.0
11.0,-56.52308797766005,0.0,-65.0,0.0,-65.0,0.0,-65.0,0.0,-65.0,0.0
11.100000000000001,-56.465472537771745,0.0,-65.0,0.0,-65.0,0.0,-65.0,0.0,-65.0,0.0
11.200000000000001,-56.408145175082886,0.0,-65.0,0.0,-65.0,0.0,-65.0,0.0,-65.0,0.0
11.3,-56.35110444920747,0.0,-65.0,0.0,-65.0,0.0,-65.0,0.0,-65.0,0.0
11.4,-56.29434892696143,0.0,-65.0,0.0,-65.0,0.0,-65.0,0.0,-65.0,0.0
11.5,-56.23787718232663,0.0,-65.0,0.0,-65.0,0.0,-65.0,0.0,-65.0,0.0
11.600000000000001,-56.18168779641499,0.0,-65.0,0.0,-65.0,0.0,-65.0,0.0,-65.0,0.0
11.700000000000001,-56.12577935743292,0.0,-65.0,0.0,-65.0,0.0,-65.0,0.0,-65.0,0.0
11.8,-56.070150460645756,0.0,-65.0,0.0,-65.0,0.0,-65.0,0.0,-65.0,0.0
11.9,-56.01479970834253,0.0,-65.0,0.0,-65.0,0.0,-65.0,0.0,-65.0,0.0
12.0,-55.959725709800814,0.0,-65.0,0.0,-65.0,0.0,-65.0,0.0,-65.0,0.0
12.100000000000001,-55.90492708125181,0.0,-65.0,0.0,-65.0,0.0,-65.0,0.0,-65.0,0.0
12.200000000000001,-55.85040244584555,0.0,-65.0,0.0,-65.0,0.0,-65.0,0.0,-65.0,0.0
12.3,-55.796150433616326,0.0,-65.0,0.0,-65.0,0.0,-65.0,0.0,-65.0,0.0
12.4,-55.742169681448246,0.0,-65.0,0.0,-65.0,0.0,-65.0,0.0,-65.0,0.0
12.5,-55.688458833041004,0.0,-65.0,0.0,-65.0,0.0,-65.0,0.0,-65.0,0.0
12.600000000000001,-55.635016538875796,0.0,-65.0,0.0,-65.0,0.0,-65.0,0.0,-65.0,0.0
12.700000000000001,-55.581841456181415,0.0,-65.0,0.0,-65.0,0.0,-65.0,0.0,-65.0,0.0
12.8,-55.52893224890051,0.0,-65.0,0.0,-65.0,0.0,-65.0,0.0,-65.0,0.0
12.9,-55.47628758765601,0.0,-65.0,0.0,-65.0,0.0,-65.0,0.0,-65.0,0.0
13.0,-55.42390614971773,0.0,-65.0,0.0,-65.0,0.0,-65.0,0.0,-65.0,0.0
13.100000000000001,-55.37178661896914,0.0,-65.0,0.0,-65.0,0.0,-65.0,0.0,-65.0,0.0
13.200000000000001,-55.31992768587429,0.0,-65.0,0.0,-65.0,0.0,-65.0,0.0,-65.0,0.0
13.3,-55.26832804744492,0.0,-65.0,0.0,-65.0,0.0,-65.0,0.0,-65.0,0.0
13.4,-55.21698640720769,0.0,-65.0,0.0,-65.0,0.0,-65.0,0.0,-65.0,0.0
13.5,-55.16590147517165,0.0,-65.0,0.0,-65.0,0.0,-65.0,0.0,-65.0,0.0
13.600000000000001,-55.11507196779579,0.0,-65.0,0.0,-65.0,0.0,-65.0,0.0,-65.0,0.0
13.700000000000001,-55.06449660795681,0.0,-65.0,0.0,-65.0,0.0,-65.0,0.0,-65.0,0.0
13.8,-55.01417412491703,0.0,-65.0,0.0,-65.0,0.0,-65.0,0.0,-65.0,0.0
13.9,-54.96410325429244,0.0,-65.0,0.0,-65.0,0.0,-65.0,0.0,-65.0,0.0
14.0,-54.91428273802098,0.0,-65.0,0.0,-65.0,0.0,-65.0,0.0,-65.0,0.0
14.100000000000001,-54.86471132433088,0.0,-65.0,0.0,-65.0,0.0,-65.0,0.0,-65.0,0.0
14.200000000000001,-54.815387767709225,0.0,-65.0,0.0,-65.0,0.0,-65.0,0.0,-65.0,0.0
14.3,-54.76631082887068,0.0,-65.0,0.0,-65.0,0.0,-65.0,0.0,-65.0,0.0
14.4,-54.71747927472632,0.0,-65.0,0.0,-65.0,0.0,-65.0,0.0,-65.0,0.0
14.5,-54.66889187835269,0.0,-65.0,0.0,-65.0,0.0,-65.0,0.0,-65.0,0.0
14.600000000000001,-54.620547418960925,0.0,-65.0,0.0,-65.0,0.0,-65.0,0.0,-65.0,0.0
14.700000000000001,-54.57244468186612,0.0,-65.0,0.0,-65.0,0.0,-65.0,0.0,-65.0,0.0
14.8,-54.52458245845679,0.0,-65.0,0.0,-65.0,0.0,-65.0,0.0,-65.0,0.0
14.9,-54.47695954616451,0.0,-65.0,0.0,-65.0,0.0,-65.0,0.0,-65.0,0.0
15.0,-54.42957474843369,0.0,-65.0,0.0,-65.0,0.0,-65.0,0.0,-65.0,0.0
15.100000000000001,-54.38242687469152,0.0,-65.0,0.0,-65.0,0.0,-65.0,0.0,-65.0,0.0
15.200000000000001,-54.33551474031806,0.0,-65.0,0.0,-65.0,0.0,-65.0,0.0,-65.0,0.0
15.3,-54.28883716661647,0.0,-65.0,0.0,-65.0,0.0,-65.0,0.0,-65.0,0.0
15.4,-54.242392980783386,0.0,-65.0,0.0,-65.0,0.0,-65.0,0.0,-65.0,0.0
15.5,-54.19618101587947,0.0,-65.0,0.0,-65.0,0.0,-65.0,0.0,-65.0,0.0
15.600000000000001,-54.15020011080007,0.0,-65.0,0.0,-65.0,0.0,-65.0,0.0,-65.0,0.0
15.700000000000001,-54.10444911024607,0.0,-65.0,0.0,-65.0,0.0,-65.0,0.0,-65.0,0.0
15.8,-54.05892686469484,0.0,-65.0,0.0,-65.0,0.0,-65.0,0.0,-65.0,0.0
15.9,-54.013632230371364,0.0,-65.0,0.0,-65.0,0.0,-65.0,0.0,-65.0,0.0
16.0,-53.96856406921951,0.0,-65.0,0.0,-65.0,0.0,-65.0,0.0,-65.0,0.0
16.1,-53.92372124887341,0.0,-65.0,0.0,-65.0,0.0,-65.0,0.0,-65.0,0.0
16.2,-53.87910264262904,0.0,-65.0,0.0,-65.0,0.0,-65.0,0.0,-65.0,0.0
16.3,-53.8347071294159,0.0,-65.0,0.0,-65.0,0.0,-65.0,0.0,-65.0,0.0
16.400000000000002,-53.790533593768814,0.0,-65.0,0.0,-65.0,0.0,-65.0,0.0,-65.0,0.0
16.5,-53.74658092579997,0.0,-65.0,0.0,-65.0,0.0,-65.0,0.0,-65.0,0.0
16.6,-53.702848021170965,0.0,-65.0,0.0,-65.0,0.0,-65.0,0.0,-65.0,0.0
16.7,-53.65933378106511,0.0,-65.0,0.0,-65.0,0.0,-65.0,0.0,-65.0,0.0
16.8,-53.61603711215978,0.0,-65.0,0.0,-65.0,0.0,-65.0,0.0,-65.0,0.0
16.900000000000002,-53.572956926598984,0.0,-65.0,0.0,-65.0,0.0,-65.0,0.0,-65.0,0.0
17.0,-53.53009214196599,0.0,-65.0,0.0,-65.0,0.0,-65.0,0.0,-65.0,0.0
17.1,-53.48744168125616,0.0,-65.0,0.0,-65.0,0.0,-65.0,0.0,-65.0,0.0
17.2,-53.445004472849874,0.0,-65.0,0.0,-65.0,0.0,-65.0,0.0,-65.0,0.0
17.3,-53.402779450485625,0.0,-65.0,0.0,-65.0,0.0,-65.0,0.0,-65.0,0.0
17.400000000000002,-53.36076555323319,0.0,-65.0,0.0,-65.0,0.0,-65.0,0.0,-65.0,0.0
17.5,-53.31896172546703,0.0,-65.0,0.0,-65.0,0.0,-65.0,0.0,-65.0,0.0
17.6,-53.27736691683969,0.0,-65.0,0.0,-65.0,0.0,-65.0,0.0,-65.0,0.0
17.7,-53.23598008225549,0.0,-65.0,0.0,-65.0,0.0,-65.0,0.0,-65.0,0.0
17.8,-53.19480018184421,0.0,-65.0,0.0,-65.0,0.0,-65.0,0.0,-65.0,0.0
17.900000000000002,-53.153826180934985,0.0,-65.0,0.0,-65.0,0.0,-65.0,0.0,-65.0,0.0
18.0,-53.11305705003031,0.0,-65.0,0.0,-65.0,0.0,-65.0,0.0,-65.0,0.0
18.1,-53.07249176478015,0.0,-65.0,0.0,-65.0,0.0,-65.0,0.0,-65.0,0.0
18.2,-53.03212930595625,0.0,-65.0,0.0,-65.0,0.0,-65.0,0.0,-65.0,0.0
18.3,-52.99196865942647,0.0,-65.0,0.0,-65.0,0.0,-65.0,0.0,-65.0,0.0
18.400000000000002,-52.952008816129336,0.0,-65.0,0.0,-65.0,0.0,-65.0,0.0,-65.0,0.0
18.5,-52.91224877204869,0.0,-65.0,0.0,-65.0,0.0,-65.0,0.0,-65.0,0.0
18.6,-52.87268752818845,0.0,-65.0,0.0,-65.0,0.0,-65.0,0.0,-65.0,0.0
18.7,-52.83332409054751,0.0,-65.0,0.0,-65.0,0.0,-65.0,0.0,-65.0,0.0
18.8,-52.79415747009477,0.0,-65.0,0.0,-65.0,0.0,-65.0,0.0,-65.0,0.0
18.900000000000002,-52.755186682744295,0.0,-65.0,0.0,-65.0,0.0,-65.0,0.0,-65.0,0.0
19.0,-52.71641074933057,0.0,-65.0,0.0,-65.0,0.0,-65.0,0.0,-65.0,0.0
19.1,-52.67782869558392,0.0,-65.0,0.0,-65.0,0.0,-65.0,0.0,-65.0,0.0
19.200000000000003,-52.639439552106,0.0,-65.0,0.0,-65.0,0.0,-65.0,0.0,-65.0,0.0
19.3,-52.601242354345466,0.0,-65.0,0.0,-65.0,0.0,-65.0,0.0,-65.0,0.0
19.400000000000002,-52.563236142573736,0.0,-65.0,0.0,-65.0,0.0,-65.0,0.0,-65.0,0.0
19.5,-52.52541996186087,0.0,-65.0,0.0,-65.0,0.0,-65.0,0.0,-65.0,0.0
19.6,-52.48779286205156,0.0,-65.0,0.0,-65.0,0.0,-65.0,0.0,-65.0,0.0
19.700000000000003,-52.45035389774131,0.0,-65.0,0.0,-65.0,0.0,-65.0,0.0,-65.0,0.0
19.8,-52.4131021282526,0.0,-65.0,0.0,-65.0,0.0,-65.0,0.0,-65.0,0.0
19.900000000000002,-52.37603661761134,0.0,-65.0,0.0,-65.0,0.0,-65.0,0.0,-65.0,0.0
20.0,-52.33915643452328,0.0,-65.0,0.0,-65.0,0.0,-65.0,0.0,-65.0,0.0
20.1,-52.30246065235067,0.0,-65.0,0.0,-65.0,0.0,-65.0,0.0,-65.0,0.0
20.200000000000003,-52.265948349088916,0.0,-65.0,0.0,-65.0,0.0,-65.0,0.0,-65.0,0.0
20.3,-52.22961860734347,0.0,-65.0,0.0,-65.0,0.0,-65.0,0.0,-65.0,0.0
20.400000000000002,-52.19347051430675,0.0,-65.0,0.0,-65.0,0.0,-65.0,0.0,-65.0,0.0
20.5,-52.15750316173522,0.0,-65.0,0.0,-65.0,0.0,-65.0,0.0,-65.0,0.0
20.6,-52.12171564592654,0.0,-65.0,0.0,-65.0,0.0,-65.0,0.0,-65.0,0.0
20.700000000000003,-52.08610706769691,0.0,-65.0,0.0,-65.0,0.0,-65.0,0.0,-65.0,0.0
20.8,-52.05067653235842,0.0,-65.0,0.0,-65.0,0.0,-65.0,0.0,-65.0,0.0
20.900000000000002,-52.01542314969663,0.0,-65.0,0.0,-65.0,0.0,-65.0,0.0,-65.0,0.0
21.0,-51.980346033948145,0.0,-65.0,0.0,-65.0,0.0,-65.0,0.0,-65.0,0.0
21.1,-51.9454443037784,0.0,-65.0,0.0,-65.0,0.0,-65.0,0.0,-65.0,0.0
21.200000000000003,-51.91071708225951,0.0,-65.0,0.0,-65.0,0.0,-65.0,0.0,-65.0,0.0
21.3,-51.876163496848214,0.0,-65.0,0.0,-65.0,0.0,-65.0,0.0,-65.0,0.0
21.400000000000002,-51.84178267936397,0.0,-65.0,0.0,-65.0,0.0,-65.0,0.0,-65.0,0.0
21.5,-51.807573765967156,0.0,-65.0,0.0,-65.0,0.0,-65.0,0.0,-65.0,0.0
21.6,-51.77353589713732,0.0,-65.0,0.0,-65.0,0.0,-65.0,0.0,-65.0,0.0
21.700000000000003,-51.739668217651634,0.0,-65.0,0.0,-65.0,0.0,-65.0,0.0,-65.0,0.0
21.8,-51.70596987656337,0.0,-65.0,0.0,-65.0,0.0,-65.0,0.0,-65.0,0.0
21.900000000000002,-51.672440027180556,0.0,-65.0,0.0,-65.0,0.0,-65.0,0.0,-65.0,0.0
22.0,-51.63907782704465,0.0,-65.0,0.0,-65.0,0.0,-65.0,0.0,-65.0,0.0
22.1,-51.60588243790943,0.0,-65.0,0.0,-65.0,0.0,-65.0,0.0,-65.0,0.0
22.200000000000003,-51.57285302571988,0.0,-65.0,0.0,-65.0,0.0,-65.0,0.0,-65.0,0.0
22.3,-51.53998876059128,0.0,-65.0,0.0,-65.0,0.0,-65.0,0.0,-65.0,0.0
22.400000000000002,-51.507288816788325,0.0,-65.0,0.0,-65.0,0.0,-65.0,0.0,-65.0,0.0
22.5,-51.47475237270438,0.0,-65.0,0.0,-65.0,0.0,-65.0,0.0,-65.0,0.0
22.6,-51.442378610840855,0.0,-65.0,0.0,-65.0,0.0,-65.0,0.0,-65.0,0.0
22.700000000000003,-51.41016671778665,0.0,-65.0,0.0,-65.0,0.0,-65.0,0.0,-65.0,0.0
22.8,-51.37811588419772,0.0,-65.0,0.0,-65.0,0.0,-65.0,0.0,-65.0,0.0
22.900000000000002,-51.34622530477673,0.0,-65.0,0.0,-65.0,0.0,-65.0,0.0,-65.0,0.0
23.0,-51.31449417825284,0.0,-65.0,0.0,-65.0,0.0,-65.0,0.0,-65.0,0.0
23.1,-51.28292170736158,0.0,-65.0,0.0,-65.0,0.0,-65.0,0.0,-65.0,0.0
23.200000000000003,-51.251507098824774,0.0,-65.0,0.0,-65.0,0.0,-65.0,0.0,-65.0,0.0
23.3,-51.22024956333065,0.0,-65.0,0.0,-65.0,0.0,-65.0,0.0,-65.0,0.0
23.400000000000002,-51.189148315514,0.0,-65.0,0.0,-65.0,0.0,-65.0,0.0,-65.0,0.0
23.5,-51.15820257393643,0.0,-65.0,0.0,-65.0,0.0,-65.0,0.0,-65.0,0.0
23.6,-51.127411561066744,0.0,-65.0,0.0,-65.0,0.0,-65.0,0.0,-65.0,0.0
23.700000000000003,-51.09677450326141,0.0,-65.0,0.0,-65.0,0.0,-65.0,0.0,-65.0,0.0
23.8,-51.0662906307451,0.0,-65.0,0.0,-65.0,0.0,-65.0,0.0,-65.0,0.0
23.900000000000002,-51.03595917759137,0.0,-65.0,0.0,-65.0,0.0,-65.0,0.0,-65.0,0.0
24.0,-51.00577938170341,0.0,-65.0,0.0,-65.0,0.0,-65.0,0.0,-65.0,0.0
24.1,-50.975750484794894,0.0,-65.0,0.0,-65.0,0.0,-65.0,0.0,-65.0,0.0
24.200000000000003,-50.94587173237092,0.0,-65.0,0.0,-65.0,0.0,-65.0,0.0,-65.0,0.0
24.3,-50.916142373709064,0.0,-65.0,0.0,-65.0,0.0,-65.0,0.0,-65.0,0.0
24.400000000000002,-50.88656166184052,0.0,-65.0,0.0,-65.0,0.0,-65.0,0.0,-65.0,0.0
24.5,-50.857128853531314,0.0,-65.0,0.0,-65.0,0.0,-65.0,0.0,-65.0,0.0
24.6,-50.827843209263655,0.0,-65.0,0.0,-65.0,0.0,-65.0,0.0,-65.0,0.0
24.700000000000003,-50.79870399321734,0.0,-65.0,0.0,-65.0,0.0,-65.0,0.0,-65.0,0.0
24.8,-50.76971047325125,0.0,-65.0,0.0,-65.0,0.0,-65.0,0.0,-65.0,0.0
24.900000000000002,-50.740861920884996,0.0,-65.0,0.0,-65.0,0.0,-65.0,0.0,-65.0,0.0
25.0,-50.712157611280574,0.0,-65.0,0.0,-65.0,0.0,-65.0,0.0,-65.0,0.0
25.1,-50.68359682322417,0.0,-65.0,0.0,-65.0,0.0,-65.0,0.0,-65.0,0.0
25.200000000000003,-50.65517883910805,0.0,-65.0,0.0,-65.0,0.0,-65.0,0.0,-65.0,0.0
25.3,-50.626902944912516,0.0,-65.0,0.0,-65.0,0.0,-65.0,0.0,-65.0,0.0
25.400000000000002,-50.59876843018795,0.0,-65.0,0.0,-65.0,0.0,-65.0,0.0,-65.0,0.0
25.5,-50.57077458803701,0.0,-65.0,0.0,-65.0,0.0,-65.0,0.0,-65.0,0.0
25.6,-50.54292071509683,0.0,-65.0,0.0,-65.0,0.0,-65.0,0.0,-65.0,0.0
25.700000000000003,-50.515206111521344,0.0,-65.0,0.0,-65.0,0.0,-65.0,0.0,-65.0,0.0
25.8,-50.48763008096374,0.0,-65.0,0.0,-65.0,0.0,-65.0,0.0,-65.0,0.0
25.900000000000002,-50.46019193055892,0.0,-65.0,0.0,-65.0,0.0,-65.0,0.0,-65.0,0.0
26.0,-50.43289097090613,0.0,-65.0,0.0,-65.0,0.0,-65.0,0.0,-65.0,0.0
26.1,-50.4057265160516,0.0,-65.0,0.0,-65.0,0.0,-65.0,0.0,-65.0,0.0
26.200000000000003,-50.37869788347135,0.0,-65.0,0.0,-65.0,0.0,-65.0,0.0,-65.0,0.0
26.3,-50.35180439405399,0.0,-65.0,0.0,-65.0,0.0,-65.0,0.0,-65.0,0.0
26.400000000000002,-50.32504537208372,0.0,-65.0,0.0,-65.0,0.0,-65.0,0.0,-65.0,0.0
26.5,-50.298420145223304,0.0,-65.0,0.0,-65.0,0.0,-65.0,0.0,-65.0,0.0
26.6,-50.27192804449719,0.0,-65.0,0.0,-65.0,0.0,-65.0,0.0,-65.0,0.0
26.700000000000003,-50.2455684042747,0.0,-65.0,0.0,-65.0,0.0,-65.0,0.0,-65.0,0.0
26.8,-50.21934056225333,0.0,-65.0,0.0,-65.0,0.0,-65.0,0.0,-65.0,0.0
26.900000000000002,-50.19324385944206,0.0,-65.0,0.0,-65.0,0.0,-65.0,0.0,-65.0,0.0
27.0,-50.16727764014485,0.0,-65.0,0.0,-65.0,0.0,-65.0,0.0,-65.0,0.0
27.1,-50.14144125194413,0.0,-65.0,0.0,-65.0,0.0,-65.0,0.0,-65.0,0.0
27.200000000000003,-50.11573404568441,0.0,-65.0,0.0,-65.0,0.0,-65.0,0.0,-65.0,0.0
27.3,-50.09015537545599,0.0,-65.0,0.0,-65.0,0.0,-65.0,0.0,-65.0,0.0
27.400000000000002,-50.064704598578714,0.0,-65.0,0.0,-65.0,0.0,-65.0,0.0,-65.0,0.0
27.5,-50.03938107558582,0.0,-65.0,0.0,-65.0,0.0,-65.0,0.0,-65.0,0.0
27.6,-50.01418417020789,0.0,-65.0,0.0,-65.0,0.0,-65.0,0.0,-65.0,0.0
27.700000000000003,-65.0,0.0,-64.96,0.08,-64.96,0.08,-65.0,0.0,-65.0,0.0
27.8,-65.0,0.0,-64.92099205306772,0.07841589386454043,-64.92099205306772,0.07841589386454043,-65.0,0.0,-65.0,0.0
27.900000000000002,-65.0,0.0,-64.88295551523629,0.07686315513218585,-64.88295551523629,0.07686315513218585,-65.0,0.0,-65.0,0.0
28.0,-65.0,0.0,-64.84587015631674,0.07534116268673989,-64.84587015631674,0.07534116268673989,-65.0,0.0,-65.0,0.0
28.1,-65.0,0.0,-64.80971615167968,0.07384930771093086,-64.80971615167968,0.07384930771093086,-65.0,0.0,-65.0,0.0
28.200000000000003,-65.0,0.0,-64.77447407419984,0.07238699344287676,-64.77447407419984,0.07238699344287676,-65.0,0.0,-65.0,0.0
28.3,-65.0,0.0,-64.74012488636016,0.0709536349373726,-64.74012488636016,0.0709536349373726,-65.0,0.0,-65.0,0.0
28.400000000000002,-65.0,0.0,-64.7066499325124,0.06954865883190446,-64.7066499325124,0.06954865883190446,-65.0,0.0,-65.0,0.0
28.5,-65.0,0.0,-64.6740309312912,0.0681715031172969,-64.6740309312912,0.0681715031172969,-65.0,0.0,-65.0,0.0
28.6,-65.0,0.0,-64.64224996817829,0.06682161691290175,-64.64224996817829,0.06682161691290175,-65.0,0.0,-65.0,0.0
28.700000000000003,-65.0,0.0,-64.61128948821428,0.06549846024623854,-64.61128948821428,0.06549846024623854,-65.0,0.0,-65.0,0.0
28.8,-65.0,0.0,-64.58113228885472,0.06420150383699827,-64.58113228885472,0.06420150383699827,-65.0,0.0,-65.0,0.0
28.900000000000002,-65.0,0.0,-64.55176151296779,0.06293022888532426,-64.55176151296779,0.06293022888532426,-65.0,0.0,-65.0,0.0
29.0,-65.0,0.0,-64.5231606419708,0.06168412686428529,-64.5231606419708,0.06168412686428529,-65.0,0.0,-65.0,0.0
29.1,-65.0,0.0,-64.49531348910273,0.06046269931645802,-64.49531348910273,0.06046269931645802,-65.0,0.0,-65.0,0.0
29.200000000000003,-65.0,0.0,-64.46820419282994,0.05926545765453741,-64.46820419282994,0.05926545765453741,-65.0,0.0,-65.0,0.0
29.3,-65.0,0.0,-64.44181721038285,0.05809192296589525,-64.44181721038285,0.05809192296589525,-65.0,0.0,-65.0,0.0
29.400000000000002,-65.0,0.0,-64.41613731142043,0.05694162582100875,-64.41613731142043,0.05694162582100875,-65.0,0.0,-65.0,0.0
29.5,-65.0,0.0,-64.39114957182049,0.055814106085682456,-64.39114957182049,0.055814106085682456,-65.0,0.0,-65.0,0.0
29.6,-65.0,0.0,-64.36683936759289,0.05470891273698844,-64.36683936759289,0.05470891273698844,-65.0,0.0,-65.0,0.0
29.700000000000003,-64.9,0.0,-64.34319236891349,0.05362560368285112,-64.34319236891349,0.05362560368285112,-65.0,0.0,-65.0,0.0
29.8,-64.8005,0.0,-64.32019453427633,0.05256374558520451,-64.32019453427633,0.05256374558520451,-65.0,0.0,-65.0,0.0
29.900000000000002,-64.7014975,0.0,-64.29783210476162,0.051522913686651274,-64.29783210476162,0.051522913686651274,-65.0,0.0,-65.0,0.0
30.0,-64.6029900125,0.0,-64.27609159841754,0.05050269164055404,-64.27609159841754,0.05050269164055404,-65.0,0.0,-65.0,0.0
30.1,-64.5049750624375,0.0,-64.2549598047532,0.04950267134449123,-64.2549598047532,0.04950267134449123,-65.0,0.0,-65.0,0.0
30.200000000000003,-64.4074501871253,0.0,-64.23442377934093,0.04852245277701064,-64.23442377934093,0.04852245277701064,-65.0,0.0,-65.0,0.0
30.3,-64.31041293618968,0.0,-64.21447083852541,0.047561643837615505,-64.21447083852541,0.047561643837615505,-65.0,0.0,-65.0,0.0
30.400000000000002,-64.21386087150873,0.0,-64.19508855423783,0.04661986018991913,-64.19508855423783,0.04661986018991913,-65.0,0.0,-65.0,0.0
30.5,-64.11779156715119,0.0,-64.17626474891269,0.045696725107905144,-64.17626474891269,0.045696725107905144,-65.0,0.0,-65.0,0.0
30.6,-64.02220260931543,0.0,-64.1579874905055,0.04479186932523212,-64.1579874905055,0.04479186932523212,-65.0,0.0,-65.0,0.0
30.700000000000003,-63.92709159626885,0.0,-64.14024508760922,0.043904930887522065,-64.14024508760922,0.043904930887522065,-65.0,0.0,-65.0,0.0
30.8,-63.832456138287505,0.0,-64.12302608466739,0.04303555500757391,-64.12302608466739,0.04303555500757391,-65.0,0.0,-65.0,0.0
30.900000000000002,-63.73829385759607,0.0,-64.10631925728232,0.042183393923443835,-64.10631925728232,0.042183393923443835,-65.0,0.0,-65.0,0.0
31.0,-63.64460238830809,0.0,-64.09011360761625,0.04134810675933589,-64.09011360761625,0.04134810675933589,-65.0,0.0,-65.0,0.0
31.1,-63.55137937636655,0.0,-64.07439835988355,0.040529359389247115,-64.07439835988355,0.040529359389247115,-65.0,0.0,-65.0,0.0
31.200000000000003,-63.45862247948472,0.0,-64.05916295593246,0.03972682430331271,-64.05916295593246,0.03972682430331271,-65.0,0.0,-65.0,0.0
31.3,-63.366329367087296,0.0,-64.0443970509144,0.038940180476797676,-64.0443970509144,0.038940180476797676,-65.0,0.0,-65.0,0.0
31.400000000000002,-63.27449772025186,0.0,-64.03009050903898,0.03816911324168269,-64.03009050903898,0.03816911324168269,-65.0,0.0,-65.0,0.0
31.5,-63.1831252316506,0.0,-64.0162333994134,0.03741331416079268,-64.0162333994134,0.03741331416079268,-65.0,0.0,-65.0,0.0
31.6,-63.09220960549235,0.0,-64.00281599196411,0.036672480904417826,-64.00281599196411,0.036672480904417826,-65.0,0.0,-65.0,0.0
31.700000000000003,-63.001748557464886,0.0,-63.9898287534396,0.03594631712937767,-63.9898287534396,0.03594631712937767,-65.0,0.0,-65.0,0.0
31.8,-62.91173981467756,0.0,-63.977262343492164,0.03523453236047988,-63.977262343492164,0.03523453236047988,-65.0,0.0,-65.0,0.0
31.900000000000002,-62.822181115604174,0.0,-63.96510761083754,0.03453684187432632,-63.96510761083754,0.03453684187432632,-65.0,0.0,-65.0,0.0
32.0,-62.733070210026156,0.0,-63.95335558949064,0.03385296658541985,-63.95335558949064,0.03385296658541985,-65.0,0.0,-65.0,0.0
32.1,-62.644404858976024,0.0,-63.941997495075924,0.03318263293452645,-63.941997495075924,0.03318263293452645,-65.0,0.0,-65.0,0.0
32.2,-62.556182834681145,0.0,-63.93102472121092,0.03252557277924787,-63.93102472121092,0.03252557277924787,-65.0,0.0,-65.0,0.0
32.300000000000004,-62.46840192050774,0.0,-63.92042883596148,0.031881523286761075,-63.92042883596148,0.031881523286761075,-65.0,0.0,-65.0,0.0
32.4,-62.3810599109052,0.0,-63.910201578367335,0.03125022682868163,-63.910201578367335,0.03125022682868163,-65.0,0.0,-65.0,0.0
32.5,-62.29415461135068,0.0,-63.9003348550365,0.030631430878008903,-63.9003348550365,0.030631430878008903,-65.0,0.0,-65.0,0.0
32.6,-62.207683838293924,0.0,-63.89082073680726,0.030024887908111905,-63.89082073680726,0.030024887908111905,-65.0,0.0,-65.0,0.0
32.7,-62.12164541910246,0.0,-63.881651455476366,0.029430355293715328,-63.881651455476366,0.029430355293715328,-65.0,0.0,-65.0,0.0
32.800000000000004,-62.036037192006944,0.0,-63.872819400592064,0.028847595213846205,-63.872819400592064,0.028847595213846205,-65.0,0.0,-65.0,0.0
32.9,-61.95085700604691,0.0,-63.86431711631075,0.02827637455670235,-63.86431711631075,0.02827637455670235,-65.0,0.0,-65.0,0.0
33.0,-61.866102721016674,0.0,-63.85613729831599,0.027716464826404535,-63.85613729831599,0.027716464826404535,-65.0,0.0,-65.0,0.0
33.1,-61.78177220741159,0.0,-63.84827279079862,0.02716764205159507,-63.84827279079862,0.02716764205159507,-65.0,0.0,-65.0,0.0
33.2,-61.69786334637453,0.0,-63.8407165834967,0.026629686695846304,-63.8407165834967,0.026629686695846304,-65.0,0.0,-65.0,0.0
33.300000000000004,-61.61437402964266,0.0,-63.8334618087943,0.026102383569843096,-63.8334618087943,0.026102383569843096,-65.0,0.0,-65.0,0.0
33.4,-61.53130215949445,0.0,-63.826501738877674,0.02558552174530425,-63.826501738877674,0.02558552174530425,-65.0,0.0,-65.0,0.0
33.5,-61.44864564869698,0.0,-63.819829782947984,0.025078894470608362,-63.819829782947984,0.025078894470608362,-65.0,0.0,-65.0,0.0
33.6,-61.3664024204535,0.0,-63.8134394844892,0.024582299088090436,-63.8134394844892,0.024582299088090436,-65.0,0.0,-65.0,0.0
33.7,-61.28457040835123,0.0,-63.80732451859027,0.024095536952976105,-63.80732451859027,0.024095536952976105,-65.0,0.0,-65.0,0.0
33.800000000000004,-61.203147556309474,0.0,-63.80147868932036,0.023618413353921074,-63.80147868932036,0.023618413353921074,-65.0,0.0,-65.0,0.0
33.9,-61.122131818527926,0.0,-63.795895927156195,0.02315073743512399,-63.795895927156195,0.02315073743512399,-65.0,0.0,-65.0,0.0
34.0,-61.041521159435284,0.0,-63.79057028646042,0.022692322119981567,-63.79057028646042,0.022692322119981567,-65.0,0.0,-65.0,0.0
34.1,-60.96131355363811,0.0,-63.78549594300999,0.022242984036255468,-63.78549594300999,0.022242984036255468,-65.0,0.0,-65.0,0.0
34.2,-60.88150698586992,0.0,-63.78066719157358,0.021802543442720944,-63.78066719157358,0.021802543442720944,-65.0,0.0,-65.0,0.0
34.300000000000004,-60.80209945094057,0.0,-63.776078443537074,0.021370824157267966,-63.776078443537074,0.021370824157267966,-65.0,0.0,-65.0,0.0
34.4,-60.72308895368587,0.0,-63.771724224576175,0.020947653486426018,-63.771724224576175,0.020947653486426018,-65.0,0.0,-65.0,0.0
34.5,-60.644473508917436,0.0,-63.76759917237515,0.020532862156284408,-63.76759917237515,0.020532862156284408,-65.0,0.0,-65.0,0.0
34.6,-60.566251141372845,0.0,-63.763698034390885,0.020126284244780458,-63.763698034390885,0.020126284244780458,-65.0,0.0,-65.0,0.0
34.7,-60.488419885665984,0.0,-63.760015665661264,0.019727757115328454,-63.760015665661264,0.019727757115328454,-65.0,0.0,-65.0,0.0
34.800000000000004,-60.41097778623765,0.0,-63.756547026657074,0.01933712135176285,-63.756547026657074,0.01933712135176285,-65.0,0.0,-65.0,0.0
34.9,-60.333922897306465,0.0,-63.7532871811765,0.018954220694569677,-63.7532871811765,0.018954220694569677,-65.0,0.0,-65.0,0.0
35.0,-60.25725328281993,0.0,-63.75023129428143,0.018578901978380642,-63.75023129428143,0.018578901978380642,-65.0,0.0,-65.0,0.0
35.1,-60.18096701640583,0.0,-63.74737463027467,0.018211015070704956,-63.74737463027467,0.018211015070704956,-65.0,0.0,-65.0,0.0
35.2,-60.1050621813238,0.0,-63.74471255071736,0.017850412811874324,-63.74471255071736,0.017850412811874324,-65.0,0.0,-65.0,0.0
35.300000000000004,-60.02953687041718,0.0,-63.74224051248569,0.01749695095617712,-63.74224051248569,0.01749695095617712,-65.0,0.0,-65.0,0.0
35.4,-59.95438918606509,0.0,-63.73995406586618,0.017150488114158178,-63.73995406586618,0.017150488114158178,-65.0,0.0,-65.0,0.0
35.5,-59.87961724013477,0.0,-63.73784885268882,0.01681088569606112,-63.73784885268882,0.01681088569606112,-65.0,0.0,-65.0,0.0
35.6,-59.8052191539341,0.0,-63.73592060449718,0.016478007856390618,-63.73592060449718,0.016478007856390618,-65.0,0.0,-65.0,0.0
35.7,-59.73119305816443,0.0,-63.73416514075491,0.016151721439572372,-63.73416514075491,0.016151721439572372,-65.0,0.0,-65.0,0.0
35.800000000000004,-59.6575370928736,0.0,-63.73257836708779,0.015831895926689113,-63.73257836708779,0.015831895926689113,-65.0,0.0,-65.0,0.0
35.9,-59.58424940740924,0.0,-63.731156273560714,0.015518403383271291,-63.731156273560714,0.015518403383271291,-65.0,0.0,-65.0,0.0
36.0,-59.511328160372194,0.0,-63.72989493298885,0.015211118408121583,-63.72989493298885,0.015211118408121583,-65.0,0.0,-65.0,0.0
36.1,-59.43877151957033,0.0,-63.728790499282326,0.014909918083152738,-63.728790499282326,0.014909918083152738,-65.0,0.0,-65.0,0.0
36.2,-59.36657766197248,0.0,-63.727839205823805,0.014614681924218713,-63.727839205823805,0.014614681924218713,-65.0,0.0,-65.0,0.0
36.300000000000004,-59.294744773662615,0.0,-63.727037363878225,0.014325291832919399,-63.727037363878225,0.014325291832919399,-65.0,0.0,-65.0,0.0
36.4,-59.2232710497943,0.0,-63.72638136103416,0.014041632049359692,-63.72638136103416,0.014041632049359692,-65.0,0.0,-65.0,0.0
36.5,-59.15215469454533,0.0,-63.72586765967606,0.013763589105843984,-63.72586765967606,0.013763589105843984,-65.0,0.0,-65.0,0.0
36.6,-59.0813939210726,0.0,-63.725492795486936,0.013491051781487583,-63.725492795486936,0.013491051781487583,-65.0,0.0,-65.0,0.0
36.7,-59.01098695146724,0.0,-63.725253375980635,0.013223911057726866,-63.725253375980635,0.013223911057726866,-65.0,0.0,-65.0,0.0
36.800000000000004,-58.9409320167099,0.0,-63.72514607906338,0.012962060074710405,-63.72514607906338,0.012962060074710405,-65.0,0.0,-65.0,0.0
36.9,-58.87122735662635,0.0,-63.725167651623785,0.0127053940885536,-63.725167651623785,0.0127053940885536,-65.0,0.0,-65.0,0.0
37.0,-58.801871219843214,0.0,-63.72531490815095,0.01245381042943973,-63.72531490815095,0.01245381042943973,-65.0,0.0,-65.0,0.0
37.1,-58.732861863744,0.0,-63.72558472937992,0.012207208460550656,-63.72558472937992,0.012207208460550656,-65.0,0.0,-65.0,0.0
37.2,-58.66419755442528,0.0,-63.72597406096411,0.01196548953781075,-63.72597406096411,0.01196548953781075,-65.0,0.0,-65.0,0.0
37.300000000000004,-58.59587656665315,0.0,-63.72647991217408,0.011728556970427958,-63.72647991217408,0.011728556970427958,-65.0,0.0,-65.0,0.0
37.4,-58.52789718381989,0.0,-63.7270993546221,0.011496315982216182,-63.7270993546221,0.011496315982216182,-65.0,0.0,-65.0,0.0
37.5,-58.460257697900786,0.0,-63.72782952101215,0.011268673673683548,-63.72782952101215,0.011268673673683548,-65.0,0.0,-65.0,0.0
37.6,-58.39295640941128,0.0,-63.72866760391465,0.011045538984871374,-63.72866760391465,0.011045538984871374,-65.0,0.0,-65.0,0.0
37.7,-58.325991627364225,0.0,-63.729610854565614,0.010826822658928965,-63.729610854565614,0.010826822658928965,-65.0,0.0,-65.0,0.0
37.800000000000004,-58.2593616692274,0.0,-63.73065658168958,0.010612437206409689,-63.73065658168958,0.010612437206409689,-65.0,0.0,-65.0,0.0
37.9,-58.193064860881265,0.0,-63.73180215034599,0.010402296870274025,-63.73180215034599,0.010402296870274025,-65.0,0.0,-65.0,0.0
38.0,-58.12709953657686,0.0,-63.73304498079847,0.010196317591585612,-63.73304498079847,0.010196317591585612,-65.0,0.0,-65.0,0.0
38.1,-58.06146403889397,0.0,-63.73438254740653,0.009994416975886546,-63.73438254740653,0.009994416975886546,-65.0,0.0,-65.0,0.0
38.2,-57.9961567186995,0.0,-63.73581237753938,0.009796514260238505,-63.73581237753938,0.009796514260238505,-65.0,0.0,-65.0,0.0
38.300000000000004,-57.931175935106005,0.0,-63.73733205051123,0.009602530280916491,-63.73733205051123,0.009602530280916491,-65.0,0.0,-65.0,0.0
38.400000000000006,-57.86652005543048,0.0,-63.7389391965378,0.009412387441742288,-63.7389391965378,0.009412387441742288,-65.0,0.0,-65.0,0.0
38.5,-57.80218745515332,0.0,-63.740631495713586,0.009226009683044954,-63.740631495713586,0.009226009683044954,-65.0,0.0,-65.0,0.0
38.6,-57.738176517877555,0.0,-63.7424066770094,0.009043322451235942,-63.7424066770094,0.009043322451235942,-65.0,0.0,-65.0,0.0
38.7,-57.674485635288164,0.0,-63.74426251728986,0.008864252668986664,-63.74426251728986,0.008864252668986664,-65.0,0.0,-65.0,0.0
38.800000000000004,-57.61111320711172,0.0,-63.746196840350414,0.008688728705996593,-63.746196840350414,0.008688728705996593,-65.0,0.0,-65.0,0.0
38.900000000000006,-57.54805764107616,0.0,-63.74820751597349,0.008516680350340181,-63.74820751597349,0.008516680350340181,-65.0,0.0,-65.0,0.0
39.0,-57.48531735287078,0.0,-63.75029245900343,0.008348038780381158,-63.75029245900343,0.008348038780381158,-65.0,0.0,-65.0,0.0
39.1,-57.42289076610643,0.0,-63.75244962843979,0.008182736537242954,-63.75244962843979,0.008182736537242954,-65.0,0.0,-65.0,0.0
39.2,-57.360776312275895,0.0,-63.75467702654868,0.008020707497824256,-63.75467702654868,0.008020707497824256,-65.0,0.0,-65.0,0.0
39.300000000000004,-57.298972430714514,0.0,-63.756972697991756,0.007861886848348881,-63.756972697991756,0.007861886848348881,-65.0,0.0,-65.0,0.0
39.400000000000006,-57.23747756856094,0.0,-63.759334728972576,0.0077062110584394,-63.759334728972576,0.0077062110584394,-65.0,0.0,-65.0,0.0
39.5,-57.176290180718134,0.0,-63.761761246399864,0.007553617855704146,-63.761761246399864,0.007553617855704146,-65.0,0.0,-65.0,0.0
39.6,-57.11540872981454,0.0,-63.76425041706745,0.007404046200827422,-63.76425041706745,0.007404046200827422,-65.0,0.0,-65.0,0.0
39.7,-57.054831686165464,0.0,-63.76680044685054,0.00725743626315296,-63.76680044685054,0.00725743626315296,-65.0,0.0,-65.0,0.0
39.800000000000004,-56.994557527734635,0.0,-63.76940957991791,0.0071137293967508675,-63.76940957991791,0.0071137293967508675,-65.0,0.0,-65.0,0.0
39.900000000000006,-56.934584740095964,0.0,-63.77207609795985,0.006972868116958465,-63.77207609795985,0.006972868116958465,-65.0,0.0,-65.0,0.0
40.0,-56.87491181639548,0.0,-63.774798319431355,0.00683479607738566,-63.774798319431355,0.00683479607738566,-65.0,0.0,-65.0,0.0
40.1,-56.8155372573135,0.0,-63.77757459881051,0.006699458047375639,-63.77757459881051,0.006699458047375639,-65.0,0.0,-65.0,0.0
40.2,-56.75645957102693,0.0,-63.780403325871504,0.006566799889911866,-63.780403325871504,0.006566799889911866,-65.0,0.0,-65.0,0.0
40.300000000000004,-56.6976772731718,0.0,-63.78328292497216,0.006436768539962558,-63.78328292497216,0.006436768539962558,-65.0,0.0,-65.0,0.0
40.400000000000006,-56.63918888680594,0.0,-63.78621185435568,0.00630931198325396,-63.78621185435568,0.00630931198325396,-65.0,0.0,-65.0,0.0
40.5,-56.58099294237191,0.0,-63.789188605466165,0.006184379235463944,-63.789188605466165,0.006184379235463944,-65.0,0.0,-65.0,0.0
40.6,-56.52308797766005,0.0,-63.79221170227792,0.006061920321827603,-63.79221170227792,0.006061920321827603,-65.0,0.0,-65.0,0.0
40.7,-56.465472537771745,0.0,-63.795279700637956,0.005941886257146675,-63.795279700637956,0.005941886257146675,-65.0,0.0,-65.0,0.0
40.800000000000004,-56.408145175082886,0.0,-63.79839118762167,0.005824229026194812,-63.79839118762167,0.005824229026194812,-65.0,0.0,-65.0,0.0
40.900000000000006,-56.35110444920747,0.0,-63.8015447809013,0.00570890156451085,-63.8015447809013,0.00570890156451085,-65.0,0.0,-65.0,0.0
41.0,-56.29434892696143,0.0,-63.80473912812701,0.005595857739572395,-63.80473912812701,0.005595857739572395,-65.0,0.0,-65.0,0.0
41.1,-56.23787718232663,0.0,-63.8079729063202,0.0054850523323422,-63.8079729063202,0.0054850523323422,-65.0,0.0,-65.0,0.0
41.2,-56.18168779641499,0.0,-63.81124482127901,0.005376441019179948,-63.81124482127901,0.005376441019179948,-65.0,0.0,-65.0,0.0
41.300000000000004,-56.12577935743292,0.0,-63.81455360699556,0.005269980354112204,-63.81455360699556,0.005269980354112204,-65.0,0.0,-65.0,0.0
41.400000000000006,-56.070150460645756,0.0,-63.81789802508486,0.005165627751453446,-63.81789802508486,0.005165627751453446,-65.0,0.0,-65.0,0.0
41.5,-56.01479970834253,0.0,-63.82127686422505,0.005063341468771226,-63.82127686422505,0.005063341468771226,-65.0,0.0,-65.0,0.0
41.6,-55.959725709800814,0.0,-63.824688939608826,0.004963080590188633,-63.824688939608826,0.004963080590188633,-65.0,0.0,-65.0,0.0
41.7,-55.90492708125181,0.0,-63.82813309240577,0.004864805010017406,-63.82813309240577,0.004864805010017406,-65.0,0.0,-65.0,0.0
41.800000000000004,-55.85040244584555,0.0,-63.83160818923538,0.004768475416715118,-63.83160818923538,0.004768475416715118,-65.0,0.0,-65.0,0.0
41.900000000000006,-55.796150433616326,0.0,-63.83511312165062,0.0046740532771600354,-63.83511312165062,0.0046740532771600354,-65.0,0.0,-65.0,0.0
42.0,-55.742169681448246,0.0,-63.83864680563175,0.004581500821237358,-63.83864680563175,0.004581500821237358,-65.0,0.0,-65.0,0.0
42.1,-55.688458833041004,0.0,-63.84220818109022,0.004490781026730668,-63.84220818109022,0.004490781026730668,-65.0,0.0,-65.0,0.0
42.2,-55.635016538875796,0.0,-63.84579621138251,0.004401857604512549,-63.84579621138251,0.004401857604512549,-65.0,0.0,-65.0,0.0
42.300000000000004,-55.581841456181415,0.0,-63.849409882833584,0.0043146949840284525,-63.849409882833584,0.0043146949840284525,-65.0,0.0,-65.0,0.0
42.400000000000006,-55.52893224890051,0.0,-63.85304820426988,0.004229258299068001,-63.85304820426988,0.004229258299068001,-65.0,0.0,-65.0,0.0
42.5,-55.47628758765601,0.0,-63.85671020656162,0.004145513373818039,-63.85671020656162,0.004145513373818039,-65.0,0.0,-65.0,0.0
42.6,-55.42390614971773,0.0,-63.86039494217422,0.004063426709191853,-63.86039494217422,0.004063426709191853,-65.0,0.0,-65.0,0.0
42.7,-55.37178661896914,0.0,-63.86410148472863,0.003982965469429089,-63.86410148472863,0.003982965469429089,-65.0,0.0,-65.0,0.0
42.800000000000004,-55.31992768587429,0.0,-63.8678289285705,0.0039040974689610107,-63.8678289285705,0.0039040974689610107,-65.0,0.0,-65.0,0.0
42.900000000000006,-55.26832804744492,0.0,-63.87157638834788,0.0038267911595358437,-63.87157638834788,0.0038267911595358437,-65.0,0.0,-65.0,0.0
43.0,-55.21698640720769,0.0,-63.87534299859735,0.0037510156175990534,-63.87534299859735,0.0037510156175990534,-65.0,0.0,-65.0,0.0
43.1,-55.16590147517165,0.0,-63.8791279133384,0.0036767405319235113,-63.8791279133384,0.0036767405319235113,-65.0,0.0,-65.0,0.0
43.2,-55.11507196779579,0.0,-63.88293030567597,0.0036039361914845993,-63.88293030567597,0.0036039361914845993,-65.0,0.0,-65.0,0.0
43.300000000000004,-55.06449660795681,0.0,-63.8867493674108,0.0035325734735754044,-63.8867493674108,0.0035325734735754044,-65.0,0.0,-65.0,0.0
43.400000000000006,-55.01417412491703,0.0,-63.890584308657665,0.0034626238321572474,-63.890584308657665,0.0034626238321572474,-65.0,0.0,-65.0,0.0
43.5,-54.96410325429244,0.0,-63.894434357471155,0.0033940592864408867,-63.894434357471155,0.0033940592864408867,-65.0,0.0,-65.0,0.0
43.6,-54.91428273802098,0.0,-63.898298759478955,0.0033268524096938296,-63.898298759478955,0.0033268524096938296,-65.0,0.0,-65.0,0.0
43.7,-54.86471132433088,0.0,-63.90217677752243,0.0032609763182692734,-63.90217677752243,0.0032609763182692734,-65.0,0.0,-65.0,0.0
43.800000000000004,-54.815387767709225,0.0,-63.906067691304386,0.003196404660852289,-63.906067691304386,0.003196404660852289,-65.0,0.0,-65.0,0.0
43.900000000000006,-54.76631082887068,0.0,-63.909970797043904,0.0031331116079189427,-63.909970797043904,0.0031331116079189427,-65.0,0.0,-65.0,0.0
44.0,-54.71747927472632,0.0,-63.91388540713798,0.0030710718414041424,-63.91388540713798,0.0030710718414041424,-65.0,0.0,-65.0,0.0
44.1,-54.66889187835269,0.0,-63.917810849830005,0.0030102605445740745,-63.917810849830005,0.0030102605445740745,-65.0,0.0,-65.0,0.0
44.2,-54.620547418960925,0.0,-63.921746468884805,0.0029506533920991783,-63.921746468884805,0.0029506533920991783,-65.0,0.0,-65.0,0.0
44.300000000000004,-54.57244468186612,0.0,-63.92569162327022,0.0028922265403236915,-63.92569162327022,0.0028922265403236915,-65.0,0.0,-65.0,0.0
44.400000000000006,-54.52458245845679,0.0,-63.92964568684501,0.0028349566177278693,-63.92964568684501,0.0028349566177278693,-65.0,0.0,-65.0,0.0
44.5,-54.47695954616451,0.0,-63.93360804805299,0.0027788207155790634,-63.93360804805299,0.0027788207155790634,-65.0,0.0,-65.0,0.0
44.6,-54.42957474843369,0.0,-63.93757810962334,0.0027237963787679264,-63.93757810962334,0.0027237963787679264,-65.0,0.0,-65.0,0.0
44.7,-54.38242687469152,0.0,-63.94155528827681,0.0026698615968260655,-63.94155528827681,0.0026698615968260655,-65.0,0.0,-65.0,0.0
44.800000000000004,-54.33551474031806,0.0,-63.94553901443786,0.0026169947951215646,-63.94553901443786,0.0026169947951215646,-65.0,0.0,-65.0,0.0
44.900000000000006,-54.28883716661647,0.0,-63.94952873195256,0.0025651748262288413,-63.94952873195256,0.0025651748262288413,-65.0,0.0,-65.0,0.0
45.0,-54.242392980783386,0.0,-63.95352389781206,0.002514380961469397,-63.95352389781206,0.002514380961469397,-65.0,0.0,-65.0,0.0
45.1,-54.19618101587947,0.0,-63.95752398188169,0.0024645928826200663,-63.95752398188169,0.0024645928826200663,-65.0,0.0,-65.0,0.0
45.2,-54.15020011080007,0.0,-63.96152846663539,0.0024157906737854607,-63.96152846663539,0.0024157906737854607,-65.0,0.0,-65.0,0.0
45.300000000000004,-54.10444911024607,0.0,-63.9655368468955,0.0023679548134313408,-63.9655368468955,0.0023679548134313408,-65.0,0.0,-65.0,0.0
45.400000000000006,-54.05892686469484,0.0,-63.96954862957774,0.0023210661665757455,-63.96954862957774,0.0023210661665757455,-65.0,0.0,-65.0,0.0
45.5,-54.013632230371364,0.0,-63.973563333441284,0.002275105977134742,-63.973563333441284,0.002275105977134742,-65.0,0.0,-65.0,0.0
45.6,-53.96856406921951,0.0,-63.97758048884387,0.002230055860419743,-63.97758048884387,0.002230055860419743,-65.0,0.0,-65.0,0.0
45.7,-53.92372124887341,0.0,-63.98159963750176,0.0021858977957833867,-63.98159963750176,0.0021858977957833867,-65.0,0.0,-65.0,0.0
45.800000000000004,-53.87910264262904,0.0,-63.98562033225455,0.0021426141194110363,-63.98562033225455,0.0021426141194110363,-65.0,0.0,-65.0,0.0
45.900000000000006,-53.8347071294159,0.0,-63.98964213683465,0.0021001875172550195,-63.98964213683465,0.0021001875172550195,-65.0,0.0,-65.0,0.0
46.0,-53.790533593768814,0.0,-63.99366462564142,0.002058601018108778,-63.99366462564142,0.002058601018108778,-65.0,0.0,-65.0,0.0
46.1,-53.74658092579997,0.0,-63.9976873835198,0.00201783798681816,-63.9976873835198,0.00201783798681816,-65.0,0.0,-65.0,0.0
46.2,-53.702848021170965,0.0,-64.00171000554339,0.0019778821176271344,-64.00171000554339,0.0019778821176271344,-65.0,0.0,-65.0,0.0
46.300000000000004,-53.65933378106511,0.0,-64.00573209680184,0.0019387174276552727,-64.00573209680184,0.0019387174276552727,-65.0,0.0,-65.0,0.0
46.400000000000006,-53.61603711215978,0.0,-64.00975327219257,0.0019003282505043835,-64.00975327219257,0.0019003282505043835,-65.0,0.0,-65.0,0.0
46.5,-53.572956926598984,0.0,-64.01377315621662,0.001862699229991744,-64.01377315621662,0.001862699229991744,-65.0,0.0,-65.0,0.0
46.6,-53.53009214196599,0.0,-64.01779138277853,0.001825815314007422,-64.01779138277853,0.001825815314007422,-65.0,0.0,-65.0,0.0
46.7,-53.48744168125616,0.0,-64.02180759499039,0.0017896617484932317,-64.02180759499039,0.0017896617484932317,-65.0,0.0,-65.0,0.0
46.800000000000004,-53.445004472849874,0.0,-64.02582144497967,0.0017542240715409136,-64.02582144497967,0.0017542240715409136,-65.0,0.0,-65.0,0.0
46.900000000000006,-53.402779450485625,0.0,-64.02983259370097,0.001719488107607178,-64.02983259370097,0.001719488107607178,-65.0,0.0,-65.0,0.0
47.0,-53.36076555323319,0.0,-64.03384071075155,0.0016854399618432992,-64.03384071075155,0.0016854399618432992,-65.0,0.0,-65.0,0.0
47.1,-53.31896172546703,0.0,-64.03784547419052,0.00165206601453699,-64.03784547419052,0.00165206601453699,-65.0,0.0,-65.0,0.0
47.2,-53.27736691683969,0.0,-64.04184657036173,0.0016193529156643364,-64.04184657036173,0.0016193529156643364,-65.0,0.0,-65.0,0.0
47.300000000000004,-53.23598008225549,0.0,-64.04584369372014,0.0015872875795496083,-64.04584369372014,0.0015872875795496083,-65.0,0.0,-65.0,0.0
47.400000000000006,-53.19480018184421,0.0,-64.04983654666172,0.0015558571796308168,-64.04983654666172,0.0015558571796308168,-65.0,0.0,-65.0,0.0
47.5,-53.153826180934985,0.0,-64.05382483935675,0.0015250491433289168,-64.05382483935675,0.0015250491433289168,-65.0,0.0,-65.0,0.0
47.6,-53.11305705003031,0.0,-64.05780828958646,0.001494851147018608,-64.05780828958646,0.001494851147018608,-65.0,0.0,-65.0,0.0
47.7,-53.07249176478015,0.0,-64.06178662258299,0.0014652511110987208,-64.06178662258299,0.0014652511110987208,-65.0,0.0,-65.0,0.0
47.800000000000004,-53.03212930595625,0.0,-64.06575957087249,0.0014362371951602152,-64.06575957087249,0.0014362371951602152,-65.0,0.0,-65.0,0.0
47.900000000000006,-52.99196865942647,0.0,-64.0697268741215,0.0014077977932498583,-64.0697268741215,0.0014077977932498583,-65.0,0.0,-65.0,0.0
48.0,-52.952008816129336,0.0,-64.07368827898628,0.001379921529227689,-64.07368827898628,0.001379921529227689,-65.0,0.0,-65.0,0.0
48.1,-52.91224877204869,0.0,-64.07764353896525,0.0013525972522164095,-64.07764353896525,0.0013525972522164095,-65.0,0.0,-65.0,0.0
48.2,-52.87268752818845,0.0,-64.08159241425435,0.0013258140321408872,-64.08159241425435,0.0013258140321408872,-65.0,0.0,-65.0,0.0
48.300000000000004,-52.83332409054751,0.0,-64.0855346716054,0.0012995611553559775,-64.0855346716054,0.0012995611553559775,-65.0,0.0,-65.0,0.0
48.400000000000006,-52.79415747009477,0.0,-64.0894700841872,0.0012738281203609231,-64.0894700841872,0.0012738281203609231,-65.0,0.0,-65.0,0.0
48.5,-52.755186682744295,0.0,-64.09339843144946,0.0012486046335986145,-64.09339843144946,0.0012486046335986145,-65.0,0.0,-65.0,0.0
48.6,-52.71641074933057,0.0,-64.09731949898953,0.0012238806053380292,-64.09731949898953,0.0012238806053380292,-65.0,0.0,-65.0,0.0
48.7,-52.67782869558392,0.0,-64.10123307842177,0.0011996461456382048,-64.10123307842177,0.0011996461456382048,-65.0,0.0,-65.0,0.0
48.800000000000004,-52.639439552106,0.0,-64.10513896724946,0.0011758915603921308,-64.10513896724946,0.0011758915603921308,-65.0,0.0,-65.0,0.0
48.900000000000006,-52.601242354345466,0.0,-64.10903696873949,0.0011526073474489769,-64.10903696873949,0.0011526073474489769,-65.0,0.0,-65.0,0.0
49.0,-52.563236142573736,0.0,-64.11292689179939,0.0011297841928131053,-64.11292689179939,0.0011297841928131053,-65.0,0.0,-65.0,0.0
49.1,-52.52541996186087,0.0,-64.11680855085693,0.0011074129669183493,-64.11680855085693,0.0011074129669183493,-65.0,0.0,-65.0,0.0
49.2,-52.48779286205156,0.0,-64.12068176574216,0.0010854847209760636,-64.12068176574216,0.0010854847209760636,-65.0,0.0,-65.0,0.0
49.300000000000004,-52.45035389774131,0.0,-64.12454636157176,0.001063990683395491,-64.12454636157176,0.001063990683395491,-65.0,0.0,-65.0,0.0
49.400000000000006,-52.4131021282526,0.0,-64.12840216863576,0.001042922256275008,-64.12840216863576,0.001042922256275008,-65.0,0.0,-65.0,0.0
49.5,-52.37603661761134,0.0,-64.1322490222866,0.0010222710119628508,-64.1322490222866,0.0010222710119628508,-65.0,0.0,-65.0,0.0
49.6,-52.33915643452328,0.0,-64.13608676283033,0.0010020286896859404,-64.13608676283033,0.0010020286896859404,-65.0,0.0,-65.0,0.0
49.7,-52.30246065235067,0.0,-64.13991523542006,0.000982187192245465,-64.13991523542006,0.000982187192245465,-65.0,0.0,-65.0,0.0
49.800000000000004,-52.265948349088916,0.0,-64.14373428995157,0.0009627385827778918,-64.14373428995157,0.0009627385827778918,-65.0,0.0,-65.0,0.0
49.900000000000006,-52.22961860734347,0.0,-64.14754378096102,0.0009436750815801153,-64.14754378096102,0.0009436750815801153,-65.0,0.0,-65.0,0.0
50.0,-52.19347051430675,0.0,-64.1513435675247,0.0009249890629974731,-64.1513435675247,0.0009249890629974731,-65.0,0.0,-65.0,0.0
50.1,-52.15750316173522,0.0,-64.15513351316089,0.0009066730523733818,-64.15513351316089,0.0009066730523733818,-65.0,0.0,-65.0,0.0
50.2,-52.12171564592654,0.0,-64.15891348573356,0.000888719723059375,-64.15891348573356,0.000888719723059375,-65.0,0.0,-65.0,0.0
50.300000000000004,-52.08610706769691,0.0,-64.16268335735815,0.0008711218934843463,-64.16268335735815,0.0008711218934843463,-65.0,0.0,-65.0,0.0
50.400000000000006,-52.05067653235842,0.0,-64.16644300430922,0.0008538725242818248,-64.16644300430922,0.0008538725242818248,-65.0,0.0,-65.0,0.0
50.5,-52.01542314969663,0.0,-64.17019230692993,0.0008369647154741347,-64.17019230692993,0.0008369647154741347,-65.0,0.0,-65.0,0.0
50.6,-51.980346033948145,0.0,-64.17393114954344,0.0008203917037123128,-64.17393114954344,0.0008203917037123128,-65.0,0.0,-65.0,0.0
50.7,-51.9454443037784,0.0,-64.17765942036593,0.0008041468595706776,-64.17765942036593,0.0008041468595706776,-65.0,0.0,-65.0,0.0
50.800000000000004,-51.91071708225951,0.0,-64.18137701142165,0.0007882236848949718,-64.18137701142165,0.0007882236848949718,-65.0,0.0,-65.0,0.0
50.900000000000006,-51.876163496848214,0.0,-64.18508381845943,0.0007726158102030132,-64.18508381845943,0.0007726158102030132,-65.0,0.0,-65.0,0.0
51.0,-51.84178267936397,0.0,-64.18877974087107,0.0007573169921368174,-64.18877974087107,0.0007573169921368174,-65.0,0.0,-65.0,0.0
51.1,-51.807573765967156,0.0,-64.19246468161123,0.0007423211109651709,-64.19246468161123,0.0007423211109651709,-65.0,0.0,-65.0,0.0
51.2,-51.77353589713732,0.0,-64.1961385471191,0.0007276221681356571,-64.1961385471191,0.0007276221681356571,-65.0,0.0,-65.0,0.0
51.300000000000004,-51.739668217651634,0.0,-64.19980124724157,0.0007132142838751559,-64.19980124724157,0.0007132142838751559,-65.0,0.0,-65.0,0.0
51.400000000000006,-51.70596987656337,0.0,-64.20345269515794,0.0006990916948378553,-64.20345269515794,0.0006990916948378553,-65.0,0.0,-65.0,0.0
51.5,-51.672440027180556,0.0,-64.20709280730624,0.0006852487517998367,-64.20709280730624,0.0006852487517998367,-65.0,0.0,-65.0,0.0
51.6,-51.63907782704465,0.0,-64.210721503311,0.00067167991739931,-64.210721503311,0.00067167991739931,-65.0,0.0,-65.0,0.0
51.7,-51.60588243790943,0.0,-64.2143387059125,0.0006583797639215946,-64.2143387059125,0.0006583797639215946,-65.0,0.0,-65.0,0.0
51.800000000000004,-51.57285302571988,0.0,-64.21794434089738,0.0006453429711279617,-64.21794434089738,0.0006453429711279617,-65.0,0.0,-65.0,0.0
51.900000000000006,-51.53998876059128,0.0,-64.22153833703082,0.0006325643241274678,-64.22153833703082,0.0006325643241274678,-65.0,0.0,-65.0,0.0
52.0,-51.507288816788325,0.0,-64.22512062599002,0.0006200387112909282,-64.22512062599002,0.0006200387112909282,-65.0,0.0,-65.0,0.0
52.1,-51.47475237270438,0.0,-64.22869114229896,0.0006077611222061981,-64.22869114229896,0.0006077611222061981,-65.0,0.0,-65.0,0.0
52.2,-51.442378610840855,0.0,-64.23224982326462,0.0005957266456739402,-64.23224982326462,0.0005957266456739402,-65.0,0.0,-65.0,0.0
52.300000000000004,-51.41016671778665,0.0,-64.23579660891443,0.0005839304677430796,-64.23579660891443,0.0005839304677430796,-65.0,0.0,-65.0,0.0
52.400000000000006,-51.37811588419772,0.0,-64.23933144193497,0.0005723678697851596,-64.23933144193497,0.0005723678697851596,-65.0,0.0,-65.0,0.0
52.5,-51.34622530477673,0.0,-64.24285426761199,0.0005610342266068271,-64.24285426761199,0.0005610342266068271,-65.0,0.0,-65.0,0.0
52.6,-51.31449417825284,0.0,-64.24636503377162,0.0005499250045996934,-64.24636503377162,0.0005499250045996934,-65.0,0.0,-65.0,0.0
52.7,-51.28292170736158,0.0,-64.2498636907228,0.0005390357599268308,-64.2498636907228,0.0005390357599268308,-65.0,0.0,-65.0,0.0
52.800000000000004,-51.251507098824774,0.0,-64.25335019120082,0.0005283621367451781,-64.25335019120082,0.0005283621367451781,-65.0,0.0,-65.0,0.0
52.900000000000006,-51.22024956333065,0.0,-64.25682449031208,0.000517899865463146,-64.25682449031208,0.000517899865463146,-65.0,0.0,-65.0,0.0
53.0,-51.189148315514,0.0,-64.26028654548001,0.0005076447610327228,-64.26028654548001,0.0005076447610327228,-65.0,0.0,-65.0,0.0
53.1,-51.15820257393643,0.0,-64.26373631639197,0.0004975927212753997,-64.26373631639197,0.0004975927212753997,-65.0,0.0,-65.0,0.0
53.2,-51.127411561066744,0.0,-64.26717376494739,0.0004877397252412448,-64.26717376494739,0.0004877397252412448,-65.0,0.0,-65.0,0.0
53.300000000000004,-51.09677450326141,0.0,-64.27059885520686,0.0004780818316004695,-64.27059885520686,0.0004780818316004695,-65.0,0.0,-65.0,0.0
53.400000000000006,-51.0662906307451,0.0,-64.27401155334229,0.0004686151770668438,-64.27401155334229,0.0004686151770668438,-65.0,0.0,-65.0,0.0
53.5,-51.03595917759137,0.0,-64.27741182758815,0.0004593359748523305,-64.27741182758815,0.0004593359748523305,-65.0,0.0,-65.0,0.0
53.6,-51.00577938170341,0.0,-64.28079964819364,0.00045024051315231944,-64.28079964819364,0.00045024051315231944,-65.0,0.0,-65.0,0.0
53.7,-50.975750484794894,0.0,-64.28417498737583,0.0004413251536608562,-64.28417498737583,0.0004413251536608562,-65.0,0.0,-65.0,0.0
53.800000000000004,-50.94587173237092,0.0,-64.2875378192739,0.0004325863301152711,-64.2875378192739,0.0004325863301152711,-65.0,0.0,-65.0,0.0
53.900000000000006,-50.916142373709064,0.0,-64.2908881199041,0.0004240205468696268,-64.2908881199041,0.0004240205468696268,-65.0,0.0,-65.0,0.0
54.0,-50.88656166184052,0.0,-64.29422586711583,0.000415624377496413,-64.29422586711583,0.000415624377496413,-65.0,0.0,-65.0,0.0
54.1,-50.857128853531314,0.0,-64.29755104054854,0.00040739446341593003,-64.29755104054854,0.00040739446341593003,-65.0,0.0,-65.0,0.0
54.2,-50.827843209263655,0.0,-64.30086362158953,0.00039932751255281204,-64.30086362158953,0.00039932751255281204,-65.0,0.0,-65.0,0.0
54.300000000000004,-50.79870399321734,0.0,-64.30416359333258,0.000391420298019153,-64.30416359333258,0.000391420298019153,-65.0,0.0,-65.0,0.0
54.400000000000006,-50.76971047325125,0.0,-64.3074509405375,0.00038366965682370854,-64.3074509405375,0.00038366965682370854,-65.0,0.0,-65.0,0.0
54.5,-50.740861920884996,0.0,-64.31072564959051,0.00037607248860665717,-64.31072564959051,0.00037607248860665717,-65.0,0.0,-65.0,0.0
54.6,-50.712157611280574,0.0,-64.31398770846536,0.0003686257543994152,-64.31398770846536,0.0003686257543994152,-65.0,0.0,-65.0,0.0
54.7,-50.68359682322417,0.0,-64.31723710668533,0.0003613264754090086,-64.31723710668533,0.0003613264754090086,-65.0,0.0,-65.0,0.0
54.800000000000004,-50.65517883910805,0.0,-64.32047383528598,0.00035417173182651613,-64.32047383528598,0.00035417173182651613,-65.0,0.0,-65.0,0.0
54.900000000000006,-50.626902944912516,0.0,-64.32369788677872,0.00034715866165910703,-64.32369788677872,0.00034715866165910703,-65.0,0.0,-65.0,0.0
55.0,-50.59876843018795,0.0,-64.32690925511503,0.00034028445958520545,-64.32690925511503,0.00034028445958520545,-65.0,0.0,-65.0,0.0
55.1,-50.57077458803701,0.0,-64.33010793565154,0.00033354637583232457,-64.33010793565154,0.00033354637583232457,-65.0,0.0,-65.0,0.0
55.2,-50.54292071509683,0.0,-64.33329392511574,0.0003269417150771209,-64.33329392511574,0.0003269417150771209,-65.0,0.0,-65.0,0.0
55.300000000000004,-50.515206111521344,0.0,-64.33646722157248,0.0003204678353672291,-64.33646722157248,0.0003204678353672291,-65.0,0.0,-65.0,0.0
55.400000000000006,-50.48763008096374,0.0,-64.33962782439109,0.00031412214706444565,-64.33962782439109,0.00031412214706444565,-65.0,0.0,-65.0,0.0
55.5,-50.46019193055892,0.0,-64.34277573421323,0.0003079021118088391,-64.34277573421323,0.0003079021118088391,-65.0,0.0,-65.0,0.0
55.6,-50.43289097090613,0.0,-64.34591095292141,0.0003018052415033723,-64.34591095292141,0.0003018052415033723,-65.0,0.0,-65.0,0.0
55.7,-50.4057265160516,0.0,-64.34903348360815,0.00029582909731863037,-64.34903348360815,0.00029582909731863037,-65.0,0.0,-65.0,0.0
55.800000000000004,-50.37869788347135,0.0,-64.35214333054576,0.00028997128871725646,-64.35214333054576,0.00028997128871725646,-65.0,0.0,-65.0,0.0
55.900000000000006,-50.35180439405399,0.0,-64.35524049915678,0.00028422947249770485,-64.35524049915678,0.00028422947249770485,-65.0,0.0,-65.0,0.0
56.0,-50.32504537208372,0.0,-64.35832499598507,0.0002786013518569292,-64.35832499598507,0.0002786013518569292,-65.0,0.0,-65.0,0.0
56.1,-50.298420145223304,0.0,-64.36139682866741,0.0002730846754716305,-64.36139682866741,0.0002730846754716305,-65.0,0.0,-65.0,0.0
56.2,-50.27192804449719,0.0,-64.36445600590578,0.000267677236597698,-64.36445600590578,0.000267677236597698,-65.0,0.0,-65.0,0.0
56.300000000000004,-50.2455684042747,0.0,-64.36750253744016,0.000262376872187482,-64.36750253744016,0.000262376872187482,-65.0,0.0,-65.0,0.0
56.400000000000006,-50.21934056225333,0.0,-64.37053643402194,0.00025718146202454594,-64.37053643402194,0.00025718146202454594,-65.0,0.0,-65.0,0.0
56.5,-50.19324385944206,0.0,-64.3735577073879,0.0002520889278755516,-64.3735577073879,0.0002520889278755516,-65.0,0.0,-65.0,0.0
56.6,-50.16727764014485,0.0,-64.37656637023463,0.000247097232658938,-64.37656637023463,0.000247097232658938,-65.0,0.0,-65.0,0.0
56.7,-50.14144125194413,0.0,-64.37956243619364,0.00024220437963006167,-64.37956243619364,0.00024220437963006167,-65.0,0.0,-65.0,0.0
56.800000000000004,-50.11573404568441,0.0,-64.38254591980687,0.00023740841158247214,-64.38254591980687,0.00023740841158247214,-65.0,0.0,-65.0,0.0
56.900000000000006,-50.09015537545599,0.0,-64.3855168365028,0.0002327074100650033,-64.3855168365028,0.0002327074100650033,-65.0,0.0,-65.0,0.0
57.0,-50.064704598578714,0.0,-64.38847520257298,0.00022809949461436728,-64.38847520257298,0.00022809949461436728,-65.0,0.0,-65.0,0.0
57.1,-50.03938107558582,0.0,-64.39142103514911,0.00022358282200294417,-64.39142103514911,0.00022358282200294417,-65.0,0.0,-65.0,0.0
57.2,-50.01418417020789,0.0,-64.39435435218061,0.00021915558550146628,-64.39435435218061,0.00021915558550146628,-65.0,0.0,-65.0,0.0
57.300000000000004,-65.0,0.0,-64.35727517241263,0.08021481601415631,-64.35727517241263,0.08021481601415631,-65.0,0.0,-65.0,0.0
57.400000000000006,-65.0,0.0,-64.32117556843225,0.07862645623662148,-64.32117556843225,0.07862645623662148,-65.0,0.0,-65.0,0.0
57.5,-65.0,0.0,-64.28603491654512,0.07706954808994804,-64.28603491654512,0.07706954808994804,-65.0,0.0,-65.0,0.0
57.6,-65.0,0.0,-64.25183300756734,0.07554346879011824,-64.25183300756734,0.07554346879011824,-65.0,0.0,-65.0,0.0
57.7,-65.0,0.0,-64.21855003858697,0.07404760788506416,-64.21855003858697,0.07404760788506416,-65.0,0.0,-65.0,0.0
57.800000000000004,-65.0,0.0,-64.1861666048888,0.07258136701047872,-64.1861666048888,0.07258136701047872,-65.0,0.0,-65.0,0.0
57.900000000000006,-65.0,0.0,-64.15466369203912,0.07114415965046193,-64.15466369203912,0.07114415965046193,-65.0,0.0,-65.0,0.0
58.0,-65.0,0.0,-64.12402266812747,0.06973541090290677,-64.12402266812747,0.06973541090290677,-65.0,0.0,-65.0,0.0
58.1,-65.0,0.0,-64.09422527616206,0.06835455724953066,-64.09422527616206,0.06835455724953066,-65.0,0.0,-65.0,0.0
58.2,-65.0,0.0,-64.06525362661603,0.0670010463304606,-64.06525362661603,0.0670010463304606,-65.0,0.0,-65.0,0.0
58.300000000000004,-65.0,0.0,-64.0370901901213,0.06567433672328192,-64.0370901901213,0.06567433672328192,-65.0,0.0,-65.0,0.0
58.400000000000006,-65.0,0.0,-64.00971779030746,0.06437389772646206,-64.00971779030746,0.06437389772646206,-65.0,0.0,-65.0,0.0
58.5,-65.0,0.0,-63.983119596782394,0.06309920914706285,-63.983119596782394,0.06309920914706285,-65.0,0.0,-65.0,0.0
58.6,-65.0,0.0,-63.95727911825215,0.06184976109265648,-63.95727911825215,0.06184976109265648,-65.0,0.0,-65.0,0.0
58.7,-65.0,0.0,-63.932180195777214,0.06062505376736165,-63.932180195777214,0.06062505376736165,-65.0,0.0,-65.0,0.0
58.800000000000004,-65.0,0.0,-63.90780699616237,0.059424597271918594,-63.90780699616237,0.059424597271918594,-65.0,0.0,-65.0,0.0
58.900000000000006,-65.0,0.0,-63.8841440054777,0.058247911407722834,-63.8841440054777,0.058247911407722834,-65.0,0.0,-65.0,0.0
59.0,-65.0,0.0,-63.861176022707944,0.05709452548473934,-63.861176022707944,0.05709452548473934,-65.0,0.0,-65.0,0.0
59.1,-65.0,0.0,-63.8388881535278,0.055963978133220224,-63.8388881535278,0.055963978133220224,-65.0,0.0,-65.0,0.0
59.2,-65.0,0.0,-63.81726580420058,0.054855817119150725,-63.81726580420058,0.054855817119150725,-65.0,0.0,-65.0,0.0
59.300000000000004,-64.9,0.0,-63.796294675597906,0.05376959916334954,-63.796294675597906,0.05376959916334954,-65.0,0.0,-65.0,0.0
59.400000000000006,-64.8005,0.0,-63.77596075733784,0.05270488976415123,-63.77596075733784,0.05270488976415123,-65.0,0.0,-65.0,0.0
59.5,-64.7014975,0.0,-63.75625032203935,0.05166126302359982,-63.75625032203935,0.05166126302359982,-65.0,0.0,-65.0,0.0
59.6,-64.6029900125,0.0,-63.73714991969061,0.050638301477083876,-63.73714991969061,0.050638301477083876,-65.0,0.0,-65.0,0.0
59.7,-64.5049750624375,0.0,-63.71864637212898,0.04963559592634512,-63.71864637212898,0.04963559592634512,-65.0,0.0,-65.0,0.0
59.800000000000004,-64.4074501871253,0.0,-63.700726767630435,0.04865274527579368,-63.700726767630435,0.04865274527579368,-65.0,0.0,-65.0,0.0
59.900000000000006,-64.31041293618968,0.0,-63.68337845560625,0.047689356372064465,-63.68337845560625,0.047689356372064465,-65.0,0.0,-65.0,0.0
60.0,-64.21386087150873,0.0,-63.66658904140485,0.04674504384675064,-63.66658904140485,0.04674504384675064,-65.0,0.0,-65.0,0.0
60.1,-64.11779156715119,0.0,-63.6503463812167,0.04581942996225108,-63.6503463812167,0.04581942996225108,-65.0,0.0,-65.0,0.0
60.2,-64.02220260931543,0.0,-63.63463857708028,0.0449121444606703,-63.63463857708028,0.0449121444606703,-65.0,0.0,-65.0,0.0
60.300000000000004,-63.92709159626885,0.0,-63.61945397198703,0.044022824415710364,-63.61945397198703,0.044022824415710364,-65.0,0.0,-65.0,0.0
60.400000000000006,-63.832456138287505,0.0,-63.604781145083344,0.04315111408749553,-63.604781145083344,0.04315111408749553,-65.0,0.0,-65.0,0.0
60.5,-63.73829385759607,0.0,-63.59060890696779,0.04229666478027155,-63.59060890696779,0.04229666478027155,-65.0,0.0,-65.0,0.0
60.6,-63.64460238830809,0.0,-63.576926295081485,0.041459134702922736,-63.576926295081485,0.041459134702922736,-65.0,0.0,-65.0,0.0
60.7,-63.55137937636655,0.0,-63.56372256918995,0.04063818883225092,-63.56372256918995,0.04063818883225092,-65.0,0.0,-65.0,0.0
60.800000000000004,-63.45862247948472,0.0,-63.55098720695452,0.03983349877896175,-63.55098720695452,0.03983349877896175,-65.0,0.0,-65.0,0.0
60.900000000000006,-63.366329367087296,0.0,-63.538709899591595,0.03904474265630457,-63.538709899591595,0.03904474265630457,-65.0,0.0,-65.0,0.0
61.0,-63.27449772025186,0.0,-63.52688054761798,0.03827160495131341,-63.52688054761798,0.03827160495131341,-65.0,0.0,-65.0,0.0
61.1,-63.1831252316506,0.0,-63.51548925668059,0.037513776398597654,-63.51548925668059,0.037513776398597654,-65.0,0.0,-65.0,0.0
61.2,-63.09220960549235,0.0,-63.50452633346887,0.036770953856631684,-63.50452633346887,0.036770953856631684,-65.0,0.0,-65.0,0.0
61.300000000000004,-63.001748557464886,0.0,-63.49398228170828,0.03604284018649429,-63.49398228170828,0.03604284018649429,-65.0,0.0,-65.0,0.0
61.400000000000006,-62.91173981467756,0.0,-63.48384779823323,0.03532914413300911,-63.48384779823323,0.03532914413300911,-65.0,0.0,-65.0,0.0
61.5,-62.822181115604174,0.0,-63.474113769137944,0.03462958020823867,-63.474113769137944,0.03462958020823867,-65.0,0.0,-65.0,0.0
61.6,-62.733070210026156,0.0,-63.46477126600361,0.033943868577285416,-63.46477126600361,0.033943868577285416,-65.0,0.0,-65.0,0.0
61.7,-62.644404858976024,0.0,-63.455811542200415,0.03327173494635402,-63.455811542200415,0.03327173494635402,-65.0,0.0,-65.0,0.0
61.800000000000004,-62.556182834681145,0.0,-63.4472260292629,0.03261291045303022,-63.4472260292629,0.03261291045303022,-65.0,0.0,-65.0,0.0
61.900000000000006,-62.46840192050774,0.0,-63.43900633333722,0.03196713155873223,-63.43900633333722,0.03196713155873223,-65.0,0.0,-65.0,0.0
62.0,-62.3810599109052,0.0,-63.43114423169889,0.03133413994329184,-63.43114423169889,0.03133413994329184,-65.0,0.0,-65.0,0.0
62.1,-62.29415461135068,0.0,-63.423631669339585,0.030713682401622866,-63.423631669339585,0.030713682401622866,-65.0,0.0,-65.0,0.0
62.2,-62.207683838293924,0.0,-63.41646075562167,0.03010551074243577,-63.41646075562167,0.03010551074243577,-65.0,0.0,-65.0,0.0
62.300000000000004,-62.12164541910246,0.0,-63.40962376099908,0.029509381688957812,-63.40962376099908,0.029509381688957812,-65.0,0.0,-65.0,0.0
62.400000000000006,-62.036037192006944,0.0,-63.40311311380328,0.028925056781619104,-63.40311311380328,0.028925056781619104,-65.0,0.0,-65.0,0.0
62.5,-61.95085700604691,0.0,-63.39692139709293,0.02835230228266561,-63.39692139709293,0.02835230228266561,-65.0,0.0,-65.0,0.0
62.6,-61.866102721016674,0.0,-63.39104134556614,0.02779088908266092,-63.39104134556614,0.02779088908266092,-65.0,0.0,-65.0,0.0
62.7,-61.78177220741159,0.0,-63.38546584253389,0.02724059260883942,-63.38546584253389,0.02724059260883942,-65.0,0.0,-65.0,0.0
62.800000000000004,-61.69786334637453,0.0,-63.38018791695358,0.026701192735274205,-63.38018791695358,0.026701192735274205,-65.0,0.0,-65.0,0.0
62.900000000000006,-61.61437402964266,0.0,-63.3752007405214,0.026172473694823745,-63.3752007405214,0.026172473694823745,-65.0,0.0,-65.0,0.0
63.0,-61.53130215949445,0.0,-63.370497624822384,0.025654223992822186,-63.370497624822384,0.025654223992822186,-65.0,0.0,-65.0,0.0
63.1,-61.44864564869698,0.0,-63.36607201853703,0.025146236322478636,-63.36607201853703,0.025146236322478636,-65.0,0.0,-65.0,0.0
63.2,-61.3664024204535,0.0,-63.36191750470337,0.0246483074819517,-63.36191750470337,0.0246483074819517,-65.0,0.0,-65.0,0.0
63.300000000000004,-61.28457040835123,0.0,-63.35802779803332,0.024160238293066023,-63.35802779803332,0.024160238293066023,-65.0,0.0,-65.0,0.0
63.400000000000006,-61.203147556309474,0.0,-63.35439674228233,0.02368183352163838,-63.35439674228233,0.02368183352163838,-65.0,0.0,-65.0,0.0
63.5,-61.122131818527926,0.0,-63.35101830767123,0.023212901799381385,-63.35101830767123,0.023212901799381385,-65.0,0.0,-65.0,0.0
63.6,-61.041521159435284,0.0,-63.3478865883592,0.022753255547353624,-63.3478865883592,0.022753255547353624,-65.0,0.0,-65.0,0.0
63.7,-60.96131355363811,0.0,-63.344995799966945,0.02230271090092559,-63.344995799966945,0.02230271090092559,-65.0,0.0,-65.0,0.0
63.800000000000004,-60.88150698586992,0.0,-63.34234027714899,0.02186108763623137,-63.34234027714899,0.02186108763623137,-65.0,0.0,-65.0,0.0
63.900000000000006,-60.80209945094057,0.0,-63.33991447121421,0.0214282090980767,-63.33991447121421,0.0214282090980767,-65.0,0.0,-65.0,0.0
64.0,-60.72308895368587,0.0,-63.3377129477935,0.021003902129274523,-63.3377129477935,0.021003902129274523,-65.0,0.0,-65.0,0.0
64.10000000000001,-60.644473508917436,0.0,-63.33573038455384,0.02058799700137982,-63.33573038455384,0.02058799700137982,-65.0,0.0,-65.0,0.0
64.2,-60.566251141372845,0.0,-63.333961568957676,0.020180327346795954,-63.333961568957676,0.020180327346795954,-65.0,0.0,-65.0,0.0
64.3,-60.488419885665984,0.0,-63.33240139606678,0.019780730092225425,-63.33240139606678,0.019780730092225425,-65.0,0.0,-65.0,0.0
64.4,-60.41097778623765,0.0,-63.331044866389725,0.019389045393438373,-63.331044866389725,0.019389045393438373,-65.0,0.0,-65.0,0.0
64.5,-60.333922897306465,0.0,-63.32988708377211,0.019005116571332747,-63.32988708377211,0.019005116571332747,-65.0,0.0,-65.0,0.0
64.60000000000001,-60.25725328281993,0.0,-63.32892325332862,0.018628790049260588,-63.32892325332862,0.018628790049260588,-65.0,0.0,-65.0,0.0
64.7,-60.18096701640583,0.0,-63.32814867941618,0.018259915291595312,-63.32814867941618,0.018259915291595312,-65.0,0.0,-65.0,0.0
64.8,-60.1050621813238,0.0,-63.32755876364734,0.017898344743515458,-63.32755876364734,0.017898344743515458,-65.0,0.0,-65.0,0.0
64.9,-60.02953687041718,0.0,-63.32714900294311,0.01754393377198079,-63.32714900294311,0.01754393377198079,-65.0,0.0,-65.0,0.0
65.0,-59.95438918606509,0.0,-63.326914987624455,0.017196540607877148,-63.326914987624455,0.017196540607877148,-65.0,0.0,-65.0,0.0
65.10000000000001,-59.87961724013477,0.0,-63.32685239954168,0.016856026289306922,-63.32685239954168,0.016856026289306922,-65.0,0.0,-65.0,0.0
65.2,-59.8052191539341,0.0,-63.32695701024097,0.016522254606002432,-63.32695701024097,0.016522254606002432,-65.0,0.0,-65.0,0.0
65.3,-59.73119305816443,0.0,-63.327224679167344,0.01619509204484001,-63.327224679167344,0.01619509204484001,-65.0,0.0,-65.0,0.0
65.4,-59.6575370928736,0.0,-63.32765135190329,0.015874407736432967,-63.32765135190329,0.015874407736432967,-65.0,0.0,-65.0,0.0
65.5,-59.58424940740924,0.0,-63.328233058442386,0.015560073402782086,-63.328233058442386,0.015560073402782086,-65.0,0.0,-65.0,0.0
65.60000000000001,-59.511328160372194,0.0,-63.32896591149719,0.01525196330596273,-63.32896591149719,0.01525196330596273,-65.0,0.0,-65.0,0.0
65.7,-59.43877151957033,0.0,-63.32984610484079,0.014949954197827981,-63.32984610484079,0.014949954197827981,-65.0,0.0,-65.0,0.0
65.8,-59.36657766197248,0.0,-63.33086991168123,0.014653925270707744,-63.33086991168123,0.014653925270707744,-65.0,0.0,-65.0,0.0
65.9,-59.294744773662615,0.0,-63.33203368306828,0.014363758109084065,-63.33203368306828,0.014363758109084065,-65.0,0.0,-65.0,0.0
66.0,-59.2232710497943,0.0,-63.333333846331826,0.014079336642223349,-63.333333846331826,0.014079336642223349,-65.0,0.0,-65.0,0.0
66.10000000000001,-59.15215469454533,0.0,-63.33476690355129,0.013800547097746512,-63.33476690355129,0.013800547097746512,-65.0,0.0,-65.0,0.0
66.2,-59.0813939210726,0.0,-63.33632943005548,0.013527277956118522,-63.33632943005548,0.013527277956118522,-65.0,0.0,-65.0,0.0
66.3,-59.01098695146724,0.0,-63.33801807295218,0.01325941990603909,-63.33801807295218,0.01325941990603909,-65.0,0.0,-65.0,0.0
66.4,-58.9409320167099,0.0,-63.33982954968706,0.012996865800716698,-63.33982954968706,0.012996865800716698,-65.0,0.0,-65.0,0.0
66.5,-58.87122735662635,0.0,-63.34176064663112,0.012739510615008446,-63.34176064663112,0.012739510615008446,-65.0,0.0,-65.0,0.0
66.60000000000001,-58.801871219843214,0.0,-63.343808217696264,0.012487251403408605,-63.343808217696264,0.012487251403408605,-65.0,0.0,-65.0,0.0
66.7,-58.732861863744,0.0,-63.34596918297835,0.012239987258869031,-63.34596918297835,0.012239987258869031,-65.0,0.0,-65.0,0.0
66.8,-58.66419755442528,0.0,-63.348240527427244,0.011997619272435011,-63.348240527427244,0.011997619272435011,-65.0,0.0,-65.0,0.0
66.9,-58.59587656665315,0.0,-63.35061929954327,0.011760050493680356,-63.35061929954327,0.011760050493680356,-65.0,0.0,-65.0,0.0
67.0,-58.52789718381989,0.0,-63.35310261009959,0.011527185891925938,-63.35310261009959,0.011527185891925938,-65.0,0.0,-65.0,0.0
67.10000000000001,-58.460257697900786,0.0,-63.35568763088998,0.011298932318226151,-63.35568763088998,0.011298932318226151,-65.0,0.0,-65.0,0.0
67.2,-58.39295640941128,0.0,-63.35837159350148,0.011075198468108094,-63.35837159350148,0.011075198468108094,-65.0,0.0,-65.0,0.0
67.3,-58.325991627364225,0.0,-63.36115178811145,0.010855894845048562,-63.36115178811145,0.010855894845048562,-65.0,0.0,-65.0,0.0
67.4,-58.2593616692274,0.0,-63.364025562308555,0.010640933724674244,-63.364025562308555,0.010640933724674244,-65.0,0.0,-65.0,0.0
67.5,-58.193064860881265,0.0,-63.36699031993718,0.010430229119670804,-63.36699031993718,0.010430229119670804,-65.0,0.0,-65.0,0.0
67.60000000000001,-58.12709953657686,0.0,-63.3700435199648,0.010223696745386807,-63.3700435199648,0.010223696745386807,-65.0,0.0,-65.0,0.0
67.7,-58.06146403889397,0.0,-63.37318267537192,0.01002125398611874,-63.37318267537192,0.01002125398611874,-65.0,0.0,-65.0,0.0
67.8,-57.9961567186995,0.0,-63.37640535206403,0.009822819862063622,-63.37640535206403,0.009822819862063622,-65.0,0.0,-65.0,0.0
67.9,-57.931175935106005,0.0,-63.37970916780525,0.009628314996926006,-63.37970916780525,0.009628314996926006,-65.0,0.0,-65.0,0.0
68.0,-57.86652005543048,0.0,-63.38309179117314,0.009437661586166407,-63.38309179117314,0.009437661586166407,-65.0,0.0,-65.0,0.0
68.10000000000001,-57.80218745515332,0.0,-63.38655094053434,0.009250783365878439,-63.38655094053434,0.009250783365878439,-65.0,0.0,-65.0,0.0
68.2,-57.738176517877555,0.0,-63.39008438304053,0.009067605582282246,-63.39008438304053,0.009067605582282246,-65.0,0.0,-65.0,0.0
68.3,-57.674485635288164,0.0,-63.39368993364442,0.008888054961821986,-63.39368993364442,0.008888054961821986,-65.0,0.0,-65.0,0.0
68.4,-57.61111320711172,0.0,-63.39736545413527,0.008712059681855434,-63.39736545413527,0.008712059681855434,-65.0,0.0,-65.0,0.0
68.5,-57.54805764107616,0.0,-63.40110885219363,0.008539549341923969,-63.40110885219363,0.008539549341923969,-65.0,0.0,-65.0,0.0
68.60000000000001,-57.48531735287078,0.0,-63.40491808046487,0.00837045493559145,-63.40491808046487,0.00837045493559145,-65.0,0.0,-65.0,0.0
68.7,-57.42289076610643,0.0,-63.40879113565112,0.00820470882284072,-63.40879113565112,0.00820470882284072,-65.0,0.0,-65.0,0.0
68.8,-57.360776312275895,0.0,-63.412726057621356,0.008042244703016704,-63.412726057621356,0.008042244703016704,-65.0,0.0,-65.0,0.0
68.9,-57.298972430714514,0.0,-63.4167209285391,0.007882997588305253,-63.4167209285391,0.007882997588305253,-65.0,0.0,-65.0,0.0
69.0,-57.23747756856094,0.0,-63.42077387200754,0.00772690377773716,-63.42077387200754,0.00772690377773716,-65.0,0.0,-65.0,0.0
69.10000000000001,-57.176290180718134,0.0,-63.42488305223164,0.007573900831706919,-63.42488305223164,0.007573900831706919,-65.0,0.0,-65.0,0.0
69.2,-57.11540872981454,0.0,-63.429046673196986,0.007423927546996052,-63.429046673196986,0.007423927546996052,-65.0,0.0,-65.0,0.0
69.3,-57.054831686165464,0.0,-63.43326297786486,0.007276923932291004,-63.43326297786486,0.007276923932291004,-65.0,0.0,-65.0,0.0
69.4,-56.994557527734635,0.0,-63.43753024738344,0.007132831184185819,-63.43753024738344,0.007132831184185819,-65.0,0.0,-65.0,0.0
69.5,-56.934584740095964,0.0,-63.44184680031469,0.006991591663659992,-63.44184680031469,0.006991591663659992,-65.0,0.0,-65.0,0.0
69.60000000000001,-56.87491181639548,0.0,-63.44621099187661,0.006853148873022094,-63.44621099187661,0.006853148873022094,-65.0,0.0,-65.0,0.0
69.7,-56.8155372573135,0.0,-63.45062121320058,0.006717447433309941,-63.45062121320058,0.006717447433309941,-65.0,0.0,-65.0,0.0
69.8,-56.75645957102693,0.0,-63.4550758906035,0.006584433062138273,-63.4550758906035,0.006584433062138273,-65.0,0.0,-65.0,0.0
69.9,-56.6976772731718,0.0,-63.45957348487449,0.0064540525519850706,-63.45957348487449,0.0064540525519850706,-65.0,0.0,-65.0,0.0
70.0,-56.63918888680594,0.0,-63.464112490575666,0.006326253748907844,-63.464112490575666,0.006326253748907844,-65.0,0.0,-65.0,0.0
70.10000000000001,-56.58099294237191,0.0,-63.468691435356945,0.006200985531681355,-63.468691435356945,0.006200985531681355,-65.0,0.0,-65.0,0.0
70.2,-56.52308797766005,0.0,-63.47330887928449,0.006078197791348449,-63.47330887928449,0.006078197791348449,-65.0,0.0,-65.0,0.0
70.3,-56.465472537771745,0.0,-63.477963414182476,0.005957841411175799,-63.477963414182476,0.005957841411175799,-65.0,0.0,-65.0,0.0
70.4,-56.408145175082886,0.0,-63.482653662988064,0.005839868247006565,-63.482653662988064,0.005839868247006565,-65.0,0.0,-65.0,0.0
70.5,-56.35110444920747,0.0,-63.48737827911912,0.005724231108002082,-63.48737827911912,0.005724231108002082,-65.0,0.0,-65.0,0.0
70.60000000000001,-56.29434892696143,0.0,-63.49213594585464,0.005610883737764898,-63.49213594585464,0.005610883737764898,-65.0,0.0,-65.0,0.0
70.7,-56.23787718232663,0.0,-63.49692537572745,0.0054997807958356015,-63.49692537572745,0.0054997807958356015,-65.0,0.0,-65.0,0.0
70.8,-56.18168779641499,0.0,-63.501745309929035,0.005390877839556027,-63.501745309929035,0.005390877839556027,-65.0,0.0,-65.0,0.0
70.9,-56.12577935743292,0.0,-63.50659451772624,0.005284131306291604,-63.50659451772624,0.005284131306291604,-65.0,0.0,-65.0,0.0
71.0,-56.070150460645756,0.0,-63.511471795889605,0.005179498496005722,-63.511471795889605,0.005179498496005722,-65.0,0.0,-65.0,0.0
71.10000000000001,-56.01479970834253,0.0,-63.51637596813307,0.005076937554179143,-63.51637596813307,0.005076937554179143,-65.0,0.0,-65.0,0.0
71.2,-55.959725709800814,0.0,-63.52130588456487,0.0049764074550676385,-63.52130588456487,0.0049764074550676385,-65.0,0.0,-65.0,0.0
71.3,-55.90492708125181,0.0,-63.526260421149395,0.004877867985291146,-63.526260421149395,0.004877867985291146,-65.0,0.0,-65.0,0.0
71.4,-55.85040244584555,0.0,-63.53123847917978,0.004781279727747876,-63.53123847917978,0.004781279727747876,-65.0,0.0,-65.0,0.0
71.5,-55.796150433616326,0.0,-63.536238984760956,0.004686604045846952,-63.536238984760956,0.004686604045846952,-65.0,0.0,-65.0,0.0
71.60000000000001,-55.742169681448246,0.0,-63.54126088830313,0.004593803068053254,-63.54126088830313,0.004593803068053254,-65.0,0.0,-65.0,0.0
71.7,-55.688458833041004,0.0,-63.54630316402525,0.0045028396727383015,-63.54630316402525,0.0045028396727383015,-65.0,0.0,-65.0,0.0
71.8,-55.635016538875796,0.0,-63.55136480946845,0.004413677473331107,-63.55136480946845,0.004413677473331107,-65.0,0.0,-65.0,0.0
71.9,-55.581841456181415,0.0,-63.55644484501923,0.004326280803763063,-63.55644484501923,0.004326280803763063,-65.0,0.0,-65.0,0.0
72.0,-55.52893224890051,0.0,-63.56154231344203,0.004240614704201037,-63.56154231344203,0.004240614704201037,-65.0,0.0,-65.0,0.0
72.10000000000001,-55.47628758765601,0.0,-63.56665627942129,0.004156644907062975,-63.56665627942129,0.004156644907062975,-65.0,0.0,-65.0,0.0
72.2,-55.42390614971773,0.0,-63.57178582911253,0.004074337823310409,-63.57178582911253,0.004074337823310409,-65.0,0.0,-65.0,0.0
72.3,-55.37178661896914,0.0,-63.576930069702456,0.003993660529012396,-63.576930069702456,0.003993660529012396,-65.0,0.0,-65.0,0.0
72.4,-55.31992768587429,0.0,-63.58208812897786,0.003914580752175505,-63.58208812897786,0.003914580752175505,-65.0,0.0,-65.0,0.0
72.5,-55.26832804744492,0.0,-63.58725915490305,0.00383706685983459,-63.58725915490305,0.00383706685983459,-65.0,0.0,-65.0,0.0
72.60000000000001,-55.21698640720769,0.0,-63.59244231520584,0.0037610878453991823,-63.59244231520584,0.0037610878453991823,-65.0,0.0,-65.0,0.0
72.7,-55.16590147517165,0.0,-63.597636796971685,0.0036866133162504412,-63.597636796971685,0.0036866133162504412,-65.0,0.0,-65.0,0.0
72.8,-55.11507196779579,0.0,-63.60284180624603,0.0036136134815837,-63.60284180624603,0.0036136134815837,-65.0,0.0,-65.0,0.0
72.9,-55.06449660795681,0.0,-63.60805656764456,0.0035420591404917473,-63.60805656764456,0.0035420591404917473,-65.0,0.0,-65.0,0.0
73.0,-55.01417412491703,0.0,-63.613280323971196,0.0034719216702840767,-63.613280323971196,0.0034719216702840767,-65.0,0.0,-65.0,0.0
73.10000000000001,-54.96410325429244,0.0,-63.618512335843825,0.003403173015037426,-63.618512335843825,0.003403173015037426,-65.0,0.0,-65.0,0.0
73.2,-54.91428273802098,0.0,-63.62375188132742,0.0033357856743730352,-63.62375188132742,0.0033357856743730352,-65.0,0.0,-65.0,0.0
73.3,-54.86471132433088,0.0,-63.62899825557456,0.003269732692456129,-63.62899825557456,0.003269732692456129,-65.0,0.0,-65.0,0.0
73.4,-54.815387767709225,0.0,-63.63425077047308,0.0032049876472132225,-63.63425077047308,0.0032049876472132225,-65.0,0.0,-65.0,0.0
73.5,-54.76631082887068,0.0,-63.639508754300834,0.00314152463976294,-63.639508754300834,0.00314152463976294,-65.0,0.0,-65.0,0.0
73.60000000000001,-54.71747927472632,0.0,-63.6447715513873,0.003079318284056116,-63.6447715513873,0.003079318284056116,-65.0,0.0,-65.0,0.0
73.7,-54.66889187835269,0.0,-63.650038521782,0.003018343696721039,-63.650038521782,0.003018343696721039,-65.0,0.0,-65.0,0.0
73.8,-54.620547418960925,0.0,-63.65530904092954,0.0029585764871097697,-63.65530904092954,0.0029585764871097697,-65.0,0.0,-65.0,0.0
73.9,-54.57244468186612,0.0,-63.66058249935112,0.0028999927475415565,-63.66058249935112,0.0028999927475415565,-65.0,0.0,-65.0,0.0
74.0,-54.52458245845679,0.0,-63.665858302332495,0.0028425690437394457,-63.665858302332495,0.0028425690437394457,-65.0,0.0,-65.0,0.0
74.10000000000001,-54.47695954616451,0.0,-63.671135869618105,0.002786282405456257,-63.671135869618105,0.002786282405456257,-65.0,0.0,-65.0,0.0
74.2,-54.42957474843369,0.0,-63.67641463511137,0.0027311103172861775,-63.67641463511137,0.0027311103172861775,-65.0,0.0,-65.0,0.0
74.3,-54.38242687469152,0.0,-63.681694046580986,0.0026770307096583026,-63.681694046580986,0.0026770307096583026,-65.0,0.0,-65.0,0.0
74.4,-54.33551474031806,0.0,-63.68697356537308,0.0026240219500085096,-63.68697356537308,0.0026240219500085096,-65.0,0.0,-65.0,0.0
74.5,-54.28883716661647,0.0,-63.69225266612915,0.002572062834126146,-63.69225266612915,0.002572062834126146,-65.0,0.0,-65.0,0.0
74.60000000000001,-54.242392980783386,0.0,-63.69753083650967,0.0025211325776720614,-63.69753083650967,0.0025211325776720614,-65.0,0.0,-65.0,0.0
74.7,-54.19618101587947,0.0,-63.70280757692319,0.002471210807864595,-63.70280757692319,0.002471210807864595,-65.0,0.0,-65.0,0.0
74.8,-54.15020011080007,0.0,-63.70808240026091,0.0024222775553301907,-63.70808240026091,0.0024222775553301907,-65.0,0.0,-65.0,0.0
74.9,-54.10444911024607,0.0,-63.71335483163655,0.0023743132461153836,-63.71335483163655,0.0023743132461153836,-65.0,0.0,-65.0,0.0
75.0,-54.05892686469484,0.0,-63.71862440813144,0.0023272986938569543,-63.71862440813144,0.0023272986938569543,-65.0,0.0,-65.0,0.0
75.10000000000001,-54.013632230371364,0.0,-63.72389067854473,0.002281215092107131,-63.72389067854473,0.002281215092107131,-65.0,0.0,-65.0,0.0
75.2,-53.96856406921951,0.0,-63.7291532031486,0.0022360440068107572,-63.7291532031486,0.0022360440068107572,-65.0,0.0,-65.0,0.0
75.3,-53.92372124887341,0.0,-63.73441155344839,0.0021917673689314256,-63.73441155344839,0.0021917673689314256,-65.0,0.0,-65.0,0.0
75.4,-53.87910264262904,0.0,-63.73966531194753,0.002148367467223621,-63.73966531194753,0.002148367467223621,-65.0,0.0,-65.0,0.0
75.5,-53.8347071294159,0.0,-63.74491407191722,0.002105826941147987,-63.74491407191722,0.002105826941147987,-65.0,0.0,-65.0,0.0
75.60000000000001,-53.790533593768814,0.0,-63.75015743717067,0.0020641287739268793,-63.75015743717067,0.0020641287739268793,-65.0,0.0,-65.0,0.0
75.7,-53.74658092579997,0.0,-63.75539502184195,0.0020232562857374265,-63.75539502184195,0.0020232562857374265,-65.0,0.0,-65.0,0.0
75.8,-53.702848021170965,0.0,-63.76062645016922,0.001983193127039379,-63.76062645016922,0.001983193127039379,-65.0,0.0,-65.0,0.0
75.9,-53.65933378106511,0.0,-63.765851356282354,0.0019439232720350745,-63.765851356282354,0.0019439232720350745,-65.0,0.0,-65.0,0.0
76.0,-53.61603711215978,0.0,-63.77106938399481,0.0019054310122589067,-63.77106938399481,0.0019054310122589067,-65.0,0.0,-65.0,0.0
76.10000000000001,-53.572956926598984,0.0,-63.77628018659969,0.0018677009502937282,-63.77628018659969,0.0018677009502937282,-65.0,0.0,-65.0,0.0
76.2,-53.53009214196599,0.0,-63.78148342666989,0.0018307179936116783,-63.78148342666989,0.0018307179936116783,-65.0,0.0,-65.0,0.0
76.3,-53.48744168125616,0.0,-63.78667877586227,0.001794467348536972,-63.78667877586227,0.001794467348536972,-65.0,0.0,-65.0,0.0
76.4,-53.445004472849874,0.0,-63.7918659147258,0.0017589345143282306,-63.7918659147258,0.0017589345143282306,-65.0,0.0,-65.0,0.0
76.5,-53.402779450485625,0.0,-63.79704453251348,0.0017241052773779935,-63.79704453251348,0.0017241052773779935,-65.0,0.0,-65.0,0.0
76.60000000000001,-53.36076555323319,0.0,-63.802214326998154,0.0016899657055270845,-63.802214326998154,0.0016899657055270845,-65.0,0.0,-65.0,0.0
76.7,-53.31896172546703,0.0,-63.80737500429192,0.0016565021424915628,-63.80737500429192,0.0016565021424915628,-65.0,0.0,-65.0,0.0
76.80000000000001,-53.27736691683969,0.0,-63.81252627866926,0.0016237012024000275,-63.81252627866926,0.0016237012024000275,-65.0,0.0,-65.0,0.0
76.9,-53.23598008225549,0.0,-63.81766787239369,0.0015915497644390902,-63.81766787239369,0.0015915497644390902,-65.0,0.0,-65.0,0.0
77.0,-53.19480018184421,0.0,-63.82279951554792,0.001560034967604875,-63.82279951554792,0.001560034967604875,-65.0,0.0,-65.0,0.0
77.10000000000001,-53.153826180934985,0.0,-63.827920945867405,0.0015291442055584453,-63.827920945867405,0.0015291442055584453,-65.0,0.0,-65.0,0.0
77.2,-53.11305705003031,0.0,-63.833031908577276,0.0014988651215831004,-63.833031908577276,0.0014988651215831004,-65.0,0.0,-65.0,0.0
77.30000000000001,-53.07249176478015,0.0,-63.83813215623257,0.0014691856036415235,-63.83813215623257,0.0014691856036415235,-65.0,0.0,-65.0,0.0
77.4,-53.03212930595625,0.0,-63.84322144856164,0.0014400937795308057,-63.84322144856164,0.0014400937795308057,-65.0,0.0,-65.0,0.0
77.5,-52.99196865942647,0.0,-63.84829955231277,0.0014115780121334066,-63.84829955231277,0.0014115780121334066,-65.0,0.0,-65.0,0.0
77.60000000000001,-52.952008816129336,0.0,-63.85336624110382,0.001383626894762152,-63.85336624110382,0.001383626894762152,-65.0,0.0,-65.0,0.0
77.7,-52.91224877204869,0.0,-63.858421295275,0.0013562292465974068,-63.858421295275,0.0013562292465974068,-65.0,0.0,-65.0,0.0
77.80000000000001,-52.87268752818845,0.0,-63.86346450174452,0.0013293741082145984,-63.86346450174452,0.0013293741082145984,-65.0,0.0,-65.0,0.0
77.9,-52.83332409054751,0.0,-63.86849565386719,0.0013030507372003002,-63.86849565386719,0.0013030507372003002,-65.0,0.0,-65.0,0.0
78.0,-52.79415747009477,0.0,-63.873514551295926,0.0012772486038551236,-63.873514551295926,0.0012772486038551236,-65.0,0.0,-65.0,0.0
78.10000000000001,-52.755186682744295,0.0,-63.878520999845954,0.0012519573869816975,-63.878520999845954,0.0012519573869816975,-65.0,0.0,-65.0,0.0
78.2,-52.71641074933057,0.0,-63.88351481136185,0.001227166969756052,-63.88351481136185,0.001227166969756052,-65.0,0.0,-65.0,0.0
78.30000000000001,-52.67782869558392,0.0,-63.8884958035872,0.0012028674356807532,-63.8884958035872,0.0012028674356807532,-65.0,0.0,-65.0,0.0
78.4,-52.639439552106,0.0,-63.893463800036955,0.0011790490646181732,-63.893463800036955,0.0011790490646181732,-65.0,0.0,-65.0,0.0
78.5,-52.601242354345466,0.0,-63.89841862987232,0.001155702328902304,-63.89841862987232,0.001155702328902304,-65.0,0.0,-65.0,0.0
78.60000000000001,-52.563236142573736,0.0,-63.90336012777819,0.0011328178895275657,-63.90336012777819,0.0011328178895275657,-65.0,0.0,-65.0,0.0
78.7,-52.52541996186087,0.0,-63.908288133843094,0.0011103865924130783,-63.908288133843094,0.0011103865924130783,-65.0,0.0,-65.0,0.0
78.80000000000001,-52.48779286205156,0.0,-63.91320249344151,0.0010883994647409082,-63.91320249344151,0.0010883994647409082,-65.0,0.0,-65.0,0.0
78.9,-52.45035389774131,0.0,-63.91810305711862,0.0010668477113668208,-63.91810305711862,0.0010668477113668208,-65.0,0.0,-65.0,0.0
79.0,-52.4131021282526,0.0,-63.92298968047738,0.001045722711302106,-63.92298968047738,0.001045722711302106,-65.0,0.0,-65.0,0.0
79.10000000000001,-52.37603661761134,0.0,-63.92786222406786,0.0010250160142650673,-63.92786222406786,0.0010250160142650673,-65.0,0.0,-65.0,0.0
79.2,-52.33915643452328,0.0,-63.93272055327887,0.0010047193373007972,-63.93272055327887,0.0010047193373007972,-65.0,0.0,-65.0,0.0
79.30000000000001,-52.30246065235067,0.0,-63.93756453823174,0.0009848245614678837,-63.93756453823174,0.0009848245614678837,-65.0,0.0,-65.0,0.0
79.4,-52.265948349088916,0.0,-63.94239405367629,0.0009653237285907266,-63.94239405367629,0.0009653237285907266,-65.0,0.0,-65.0,0.0
79.5,-52.22961860734347,0.0,-63.94720897888887,0.0009462090380761605,-63.94720897888887,0.0009462090380761605,-65.0,0.0,-65.0,0.0
79.60000000000001,-52.19347051430675,0.0,-63.95200919757253,0.0009274728437931137,-63.95200919757253,0.0009274728437931137,-65.0,0.0,-65.0,0.0
79.7,-52.15750316173522,0.0,-63.956794597759156,0.0009091076510140535,-63.956794597759156,0.0009091076510140535,-65.0,0.0,-65.0,0.0
79.80000000000001,-52.12171564592654,0.0,-63.96156507171365,0.0008911061134169959,-63.96156507171365,0.0008911061134169959,-65.0,0.0,-65.0,0.0
79.9,-52.08610706769691,0.0,-63.96632051584001,0.0008734610301468783,-63.96632051584001,0.0008734610301468783,-65.0,0.0,-65.0,0.0
80.0,-52.05067653235842,0.0,-63.971060830589344,0.0008561653429351219,-63.971060830589344,0.0008561653429351219,-65.0,0.0,-65.0,0.0
80.10000000000001,-52.01542314969663,0.0,-63.97578592036976,0.0008392121332762297,-63.97578592036976,0.0008392121332762297,-65.0,0.0,-65.0,0.0
80.2,-51.980346033948145,0.0,-63.98049569345808,0.0008225946196602922,-63.98049569345808,0.0008225946196602922,-65.0,0.0,-65.0,0.0
80.30000000000001,-51.9454443037784,0.0,-63.985190061913364,0.0008063061548602933,-63.985190061913364,0.0008063061548602933,-65.0,0.0,-65.0,0.0
80.4,-51.91071708225951,0.0,-63.98986894149216,0.0007903402232731307,-63.98986894149216,0.0007903402232731307,-65.0,0.0,-65.0,0.0
80.5,-51.876163496848214,0.0,-63.994532251565545,0.0007746904383132874,-63.994532251565545,0.0007746904383132874,-65.0,0.0,-65.0,0.0
80.60000000000001,-51.84178267936397,0.0,-63.999179915037786,0.0007593505398581131,-63.999179915037786,0.0007593505398581131,-65.0,0.0,-65.0,0.0
80.7,-51.807573765967156,0.0,-64.00381185826673,0.0007443143917436908,-64.00381185826673,0.0007443143917436908,-65.0,0.0,-65.0,0.0
80.80000000000001,-51.77353589713732,0.0,-64.00842801098574,0.0007295759793102902,-64.00842801098574,0.0007295759793102902,-65.0,0.0,-65.0,0.0
80.9,-51.739668217651634,0.0,-64.01302830622731,0.0007151294069964231,-64.01302830622731,0.0007151294069964231,-65.0,0.0,-65.0,0.0
81.0,-51.70596987656337,0.0,-64.01761268024819,0.0007009688959805406,-64.01761268024819,0.0007009688959805406,-65.0,0.0,-65.0,0.0
81.10000000000001,-51.672440027180556,0.0,-64.02218107245602,0.0006870887818694268,-64.02218107245602,0.0006870887818694268,-65.0,0.0,-65.0,0.0
81.2,-51.63907782704465,0.0,-64.02673342533753,0.0006734835124323667,-64.02673342533753,0.0006734835124323667,-65.0,0.0,-65.0,0.0
81.30000000000001,-51.60588243790943,0.0,-64.03126968438815,0.0006601476453801795,-64.03126968438815,0.0006601476453801795,-65.0,0.0,-65.0,0.0
81.4,-51.57285302571988,0.0,-64.03578979804311,0.0006470758461882303,-64.03578979804311,0.0006470758461882303,-65.0,0.0,-65.0,0.0
81.5,-51.53998876059128,0.0,-64.04029371760991,0.0006342628859625493,-64.04029371760991,0.0006342628859625493,-65.0,0.0,-65.0,0.0
81.60000000000001,-51.507288816788325,0.0,-64.04478139720219,0.0006217036393482046,-64.04478139720219,0.0006217036393482046,-65.0,0.0,-65.0,0.0
81.7,-51.47475237270438,0.0,-64.04925279367494,0.0006093930824790917,-64.04925279367494,0.0006093930824790917,-65.0,0.0,-65.0,0.0
81.80000000000001,-51.442378610840855,0.0,-64.05370786656108,0.0005973262909683198,-64.05370786656108,0.0005973262909683198,-65.0,0.0,-65.0,0.0
81.9,-51.41016671778665,0.0,-64.05814657800931,0.0005854984379383919,-64.05814657800931,0.0005854984379383919,-65.0,0.0,-65.0,0.0
82.0,-51.37811588419772,0.0,-64.06256889272322,0.0005739047920903893,-64.06256889272322,0.0005739047920903893,-65.0,0.0,-65.0,0.0
82.10000000000001,-51.34622530477673,0.0,-64.06697477790169,0.0005625407158113888,-64.06697477790169,0.0005625407158113888,-65.0,0.0,-65.0,0.0
82.2,-51.31449417825284,0.0,-64.07136420318052,0.0005514016633193558,-64.07136420318052,0.0005514016633193558,-65.0,0.0,-65.0,0.0
82.30000000000001,-51.28292170736158,0.0,-64.0757371405752,0.0005404831788447707,-64.0757371405752,0.0005404831788447707,-65.0,0.0,-65.0,0.0
82.4,-51.251507098824774,0.0,-64.0800935644249,0.000529780894848262,-64.0800935644249,0.000529780894848262,-65.0,0.0,-65.0,0.0
82.5,-51.22024956333065,0.0,-64.08443345133765,0.0005192905302735321,-64.08443345133765,0.0005192905302735321,-65.0,0.0,-65.0,0.0
82.60000000000001,-51.189148315514,0.0,-64.08875678013653,0.0005090078888348776,-64.08875678013653,0.0005090078888348776,-65.0,0.0,-65.0,0.0
82.7,-51.15820257393643,0.0,-64.09306353180719,0.0004989288573386193,-64.09306353180719,0.0004989288573386193,-65.0,0.0,-65.0,0.0
82.80000000000001,-51.127411561066744,0.0,-64.09735368944614,0.00048904940403777,-64.09735368944614,0.00048904940403777,-65.0,0.0,-65.0,0.0
82.9,-51.09677450326141,0.0,-64.1016272382104,0.00047936557701928147,-64.1016272382104,0.00047936557701928147,-65.0,0.0,-65.0,0.0
83.0,-51.0662906307451,0.0,-64.10588416526804,0.0004698735026232269,-64.10588416526804,0.0004698735026232269,-65.0,0.0,-65.0,0.0
83.10000000000001,-51.03595917759137,0.0,-64.11012445974976,0.0004605693838932852,-64.11012445974976,0.0004605693838932852,-65.0,0.0,-65.0,0.0
83.2,-51.00577938170341,0.0,-64.11434811270148,0.00045144949905790777,-64.11434811270148,0.00045144949905790777,-65.0,0.0,-65.0,0.0
83.30000000000001,-50.975750484794894,0.0,-64.11855511703796,0.00044251020004156043,-64.11855511703796,0.00044251020004156043,-65.0,0.0,-65.0,0.0
83.4,-50.94587173237092,0.0,-64.12274546749727,0.00043374791100544443,-64.12274546749727,0.00043374791100544443,-65.0,0.0,-65.0,0.0
83.5,-50.916142373709064,0.0,-64.12691916059632,0.0004251591269171132,-64.12691916059632,0.0004251591269171132,-65.0,0.0,-65.0,0.0
83.60000000000001,-50.88656166184052,0.0,-64.13107619458727,0.00041674041214841275,-64.13107619458727,0.00041674041214841275,-65.0,0.0,-65.0,0.0
83.7,-50.857128853531314,0.0,-64.13521656941478,0.0004084883991011846,-64.13521656941478,0.0004084883991011846,-65.0,0.0,-65.0,0.0
83.80000000000001,-50.827843209263655,0.0,-64.13934028667427,0.0004003997868601815,-64.13934028667427,0.0004003997868601815,-65.0,0.0,-65.0,0.0
83.9,-50.79870399321734,0.0,-64.14344734957096,0.0003924713398726575,-64.14344734957096,0.0003924713398726575,-65.0,0.0,-65.0,0.0
84.0,-50.76971047325125,0.0,-64.14753776287978,0.0003846998866541035,-64.14753776287978,0.0003846998866541035,-65.0,0.0,-65.0,0.0
84.10000000000001,-50.740861920884996,0.0,-64.15161153290612,0.0003770823185196114,-64.15161153290612,0.0003770823185196114,-65.0,0.0,-65.0,0.0
84.2,-50.712157611280574,0.0,-64.15566866744742,0.00036961558834035837,-64.15566866744742,0.00036961558834035837,-65.0,0.0,-65.0,0.0
84.30000000000001,-50.68359682322417,0.0,-64.15970917575551,0.0003622967093247151,-64.15970917575551,0.0003622967093247151,-65.0,0.0,-65.0,0.0
84.4,-50.65517883910805,0.0,-64.16373306849982,0.00035512275382348885,-64.16373306849982,0.00035512275382348885,-65.0,0.0,-65.0,0.0
84.5,-50.626902944912516,0.0,-64.16774035773125,0.00034809085215882523,-64.16774035773125,0.00034809085215882523,-65.0,0.0,-65.0,0.0
84.60000000000001,-50.59876843018795,0.0,-64.17173105684685,0.0003411981914762984,-64.17173105684685,0.0003411981914762984,-65.0,0.0,-65.0,0.0
84.7,-50.57077458803701,0.0,-64.17570518055531,0.0003344420146197319,-64.17570518055531,0.0003344420146197319,-65.0,0.0,-65.0,0.0
84.80000000000001,-50.54292071509683,0.0,-64.17966274484301,0.0003278196190282997,-64.17966274484301,0.0003278196190282997,-65.0,0.0,-65.0,0.0
84.9,-50.515206111521344,0.0,-64.18360376694098,0.00032132835565546527,-64.18360376694098,0.00032132835565546527,-65.0,0.0,-65.0,0.0
85.0,-50.48763008096374,0.0,-64.18752826529231,0.00031496562790932827,-64.18752826529231,0.00031496562790932827,-65.0,0.0,-65.0,0.0
85.10000000000001,-50.46019193055892,0.0,-64.19143625952054,0.0003087288906139527,-64.19143625952054,0.0003087288906139527,-65.0,0.0,-65.0,0.0
85.2,-50.43289097090613,0.0,-64.19532777039845,0.0003026156489912628,-64.19532777039845,0.0003026156489912628,-65.0,0.0,-65.0,0.0
85.30000000000001,-50.4057265160516,0.0,-64.19920281981763,0.00029662345766309854,-64.19920281981763,0.00029662345766309854,-65.0,0.0,-65.0,0.0
85.4,-50.37869788347135,0.0,-64.20306143075871,0.00029074991967303166,-64.20306143075871,0.00029074991967303166,-65.0,0.0,-65.0,0.0
85.5,-50.35180439405399,0.0,-64.20690362726215,0.0002849926855275513,-64.20690362726215,0.0002849926855275513,-65.0,0.0,-65.0,0.0
85.60000000000001,-50.32504537208372,0.0,-64.21072943439971,0.0002793494522562351,-64.21072943439971,0.0002793494522562351,-65.0,0.0,-65.0,0.0
85.7,-50.298420145223304,0.0,-64.21453887824647,0.0002738179624905304,-64.21453887824647,0.0002738179624905304,-65.0,0.0,-65.0,0.0
85.80000000000001,-50.27192804449719,0.0,-64.21833198585345,0.0002683960035607768,-64.21833198585345,0.0002683960035607768,-65.0,0.0,-65.0,0.0
85.9,-50.2455684042747,0.0,-64.22210878522088,0.0002630814066111086,-64.22210878522088,0.0002630814066111086,-65.0,0.0,-65.0,0.0
86.0,-50.21934056225333,0.0,-64.22586930527191,0.00025787204573188364,-64.22586930527191,0.00025787204573188364,-65.0,0.0,-65.0,0.0
86.10000000000001,-50.19324385944206,0.0,-64.229613575827,0.00025276583710929124,-64.229613575827,0.00025276583710929124,-65.0,0.0,-65.0,0.0
86.2,-50.16727764014485,0.0,-64.23334162757877,0.0002477607381917987,-64.23334162757877,0.0002477607381917987,-65.0,0.0,-65.0,0.0
86.30000000000001,-50.14144125194413,0.0,-64.23705349206743,0.00024285474687310338,-64.23705349206743,0.00024285474687310338,-65.0,0.0,-65.0,0.0
86.4,-50.11573404568441,0.0,-64.24074920165675,0.0002380459006912638,-64.24074920165675,0.0002380459006912638,-65.0,0.0,-65.0,0.0
86.5,-50.09015537545599,0.0,-64.24442878951045,0.0002333322760436884,-64.24442878951045,0.0002333322760436884,-65.0,0.0,-65.0,0.0
86.60000000000001,-50.064704598578714,0.0,-64.24809228956919,0.00022871198741766896,-64.24809228956919,0.00022871198741766896,-65.0,0.0,-65.0,0.0
86.7,-50.03938107558582,0.0,-64.25173973652802,0.00022418318663615041,-64.25173973652802,0.00022418318663615041,-65.0,0.0,-65.0,0.0
86.80000000000001,-50.01418417020789,0.0,-64.25537116581432,0.00021974406211843533,-64.25537116581432,0.00021974406211843533,-65.0,0.0,-65.0,0.0
86.9,-65.0,0.0,-64.21898661356617,0.08021539283815553,-64.21898661356617,0.08021539283815553,-65.0,0.0,-65.0,0.0
87.0,-65.0,0.0,-64.18357816967897,0.07862702163874025,-64.18357816967897,0.07862702163874025,-65.0,0.0,-65.0,0.0
87.10000000000001,-65.0,0.0,-64.14912522768239,0.07707010229635472,-64.14912522768239,0.07707010229635472,-65.0,0.0,-65.0,0.0
87.2,-65.0,0.0,-64.11560759553272,0.07554401202250281,-64.11560759553272,0.07554401202250281,-65.0,0.0,-65.0,0.0
87.30000000000001,-65.0,0.0,-64.08300548737469,0.07404814036072682,-64.08300548737469,0.07404814036072682,-65.0,0.0,-65.0,0.0
87.4,-65.0,0.0,-64.05129951546661,0.07258188894241682,-64.05129951546661,0.07258188894241682,-65.0,0.0,-65.0,0.0
87.5,-65.0,0.0,-64.02047068226555,0.07114467124745522,-64.02047068226555,0.07114467124745522,-65.0,0.0,-65.0,0.0
87.60000000000001,-65.0,0.0,-63.99050037266942,0.06973591236960086,-63.99050037266942,0.06973591236960086,-65.0,0.0,-65.0,0.0
87.7,-65.0,0.0,-63.961370346412814,0.06835504878651891,-63.961370346412814,0.06835504878651891,-65.0,0.0,-65.0,0.0
87.80000000000001,-65.0,0.0,-63.933062730613564,0.06700152813436436,-63.933062730613564,0.06700152813436436,-65.0,0.0,-65.0,0.0
87.9,-65.0,0.0,-63.905560012467085,0.06567480898682918,-63.905560012467085,0.06567480898682918,-65.0,0.0,-65.0,0.0
88.0,-65.0,0.0,-63.878845032085465,0.06437436063856453,-63.878845032085465,0.06437436063856453,-65.0,0.0,-65.0,0.0
88.10000000000001,-65.0,0.0,-63.85290097547859,0.06309966289289155,-63.85290097547859,0.06309966289289155,-65.0,0.0,-65.0,0.0
88.2,-65.0,0.0,-63.82771136767434,0.0618502058537158,-63.82771136767434,0.0618502058537158,-65.0,0.0,-65.0,0.0
88.30000000000001,-65.0,0.0,-63.80326006597519,0.06062548972156193,-63.80326006597519,0.06062548972156193,-65.0,0.0,-65.0,0.0
88.4,-65.0,0.0,-63.77953125334849,0.05942502459364733,-63.77953125334849,0.05942502459364733,-65.0,0.0,-65.0,0.0
88.5,-65.0,0.0,-63.75650943194779,0.05824833026791442,-63.75650943194779,0.05824833026791442,-65.0,0.0,-65.0,0.0
88.60000000000001,-65.0,0.0,-63.73417941676258,0.05709493605094343,-63.73417941676258,0.05709493605094343,-65.0,0.0,-65.0,0.0
88.7,-65.0,0.0,-63.71252632939393,0.05596438056966878,-63.71252632939393,0.05596438056966878,-65.0,0.0,-65.0,0.0
88.80000000000001,-65.0,0.0,-63.69153559195355,0.05485621158682369,-63.69153559195355,0.05485621158682369,-65.0,0.0,-65.0,0.0
88.9,-64.9,0.0,-63.671192921083765,0.05376998582003924,-63.671192921083765,0.05376998582003924,-65.0,0.0,-65.0,0.0
89.0,-64.8005,0.0,-63.65148432209608,0.052705268764525505,-63.65148432209608,0.052705268764525505,-65.0,0.0,-65.0,0.0
89.10000000000001,-64.7014975,0.0,-63.63239608322597,0.051661634519263866,-63.63239608322597,0.051661634519263866,-65.0,0.0,-65.0,0.0
89.2,-64.6029900125,0.0,-63.61391477000152,0.05063866561664091,-63.61391477000152,0.05063866561664091,-65.0,0.0,-65.0,0.0
89.30000000000001,-64.5049750624375,0.0,-63.59602721972379,0.04963595285545582,-63.59602721972379,0.04963595285545582,-65.0,0.0,-65.0,0.0
89.4,-64.4074501871253,0.0,-63.57872053605655,0.048653095137234446,-63.57872053605655,0.048653095137234446,-65.0,0.0,-65.0,0.0
89.5,-64.31041293618968,0.0,-63.56198208372338,0.04768969930578455,-63.56198208372338,0.04768969930578455,-65.0,0.0,-65.0,0.0
89.60000000000001,-64.21386087150873,0.0,-63.5457994833098,0.04674537998992811,-63.5457994833098,0.04674537998992811,-65.0,0.0,-65.0,0.0
89.7,-64.11779156715119,0.0,-63.53016060616858,0.04581975944934768,-63.53016060616858,0.04581975944934768,-65.0,0.0,-65.0,0.0
89.80000000000001,-64.02220260931543,0.0,-63.515053569425994,0.04491246742348526,-63.515053569425994,0.04491246742348526,-65.0,0.0,-65.0,0.0
89.9,-63.92709159626885,0.0,-63.50046673108715,0.044023140983433115,-63.50046673108715,0.044023140983433115,-65.0,0.0,-65.0,0.0
90.0,-63.832456138287505,0.0,-63.48638868523834,0.043151424386757384,-63.48638868523834,0.043151424386757384,-65.0,0.0,-65.0,0.0
90.10000000000001,-63.73829385759607,0.0,-63.472808257344546,0.042296968935196355,-63.472808257344546,0.042296968935196355,-65.0,0.0,-65.0,0.0
90.2,-63.64460238830809,0.0,-63.459714499640235,0.04145943283517651,-63.459714499640235,0.04145943283517651,-65.0,0.0,-65.0,0.0
90.30000000000001,-63.55137937636655,0.0,-63.44709668661149,0.04063848106109054,-63.44709668661149,0.04063848106109054,-65.0,0.0,-65.0,0.0
90.4,-63.45862247948472,0.0,-63.434944310567786,0.03983378522128265,-63.434944310567786,0.03983378522128265,-65.0,0.0,-65.0,0.0
90.5,-63.366329367087296,0.0,-63.4232470773016,0.03904502342668749,-63.4232470773016,0.03904502342668749,-65.0,0.0,-65.0,0.0
90.60000000000001,-63.27449772025186,0.0,-63.41199490183406,0.038271880162070254,-63.41199490183406,0.038271880162070254,-65.0,0.0,-65.0,0.0
90.7,-63.1831252316506,0.0,-63.40117790424498,0.03751404615981639,-63.40117790424498,0.03751404615981639,-65.0,0.0,-65.0,0.0
90.80000000000001,-63.09220960549235,0.0,-63.390786405585644,0.0367712182762204,-63.390786405585644,0.0367712182762204,-65.0,0.0,-65.0,0.0
90.9,-63.001748557464886,0.0,-63.3808109238726,0.03604309937022435,-63.3808109238726,0.03604309937022435,-65.0,0.0,-65.0,0.0
91.0,-62.91173981467756,0.0,-63.37124217016096,0.03532939818455746,-63.37124217016096,0.03532939818455746,-65.0,0.0,-65.0,0.0
91.10000000000001,-62.822181115604174,0.0,-63.36207104469554,0.03462982922922931,-63.36207104469554,0.03462982922922931,-65.0,0.0,-65.0,0.0
91.2,-62.733070210026156,0.0,-63.3532886331384,0.033944112667330065,-63.3532886331384,0.033944112667330065,-65.0,0.0,-65.0,0.0
91.30000000000001,-62.644404858976024,0.0,-63.34488620287116,0.033271974203091956,-63.34488620287116,0.033271974203091956,-65.0,0.0,-65.0,0.0
91.4,-62.556182834681145,0.0,-63.33685519937072,0.03261314497216732,-63.33685519937072,0.03261314497216732,-65.0,0.0,-65.0,0.0
91.5,-62.46840192050774,0.0,-63.32918724265682,0.031967361434079286,-63.32918724265682,0.031967361434079286,-65.0,0.0,-65.0,0.0
91.60000000000001,-62.3810599109052,0.0,-63.32187412381014,0.03133436526680205,-63.32187412381014,0.03133436526680205,-65.0,0.0,-65.0,0.0
91.7,-62.29415461135068,0.0,-63.31490780155937,0.03071390326342864,-63.31490780155937,0.03071390326342864,-65.0,0.0,-65.0,0.0
91.80000000000001,-62.207683838293924,0.0,-63.308280398936134,0.030105727230884775,-63.308280398936134,0.030105727230884775,-65.0,0.0,-65.0,0.0
91.9,-62.12164541910246,0.0,-63.30198419999613,0.029509593890648313,-63.30198419999613,0.029509593890648313,-65.0,0.0,-65.0,0.0
92.0,-62.036037192006944,0.0,-63.29601164660543,0.028925264781434607,-63.29601164660543,0.028925264781434607,-65.0,0.0,-65.0,0.0
92.10000000000001,-61.95085700604691,0.0,-63.2903553352905,0.028352506163808813,-63.2903553352905,0.028352506163808813,-65.0,0.0,-65.0,0.0
92.2,-61.866102721016674,0.0,-63.285008014150705,0.027791088926687,-63.285008014150705,0.027791088926687,-65.0,0.0,-65.0,0.0
92.30000000000001,-61.78177220741159,0.0,-63.27996257983211,0.027240788495688655,-63.27996257983211,0.027240788495688655,-65.0,0.0,-65.0,0.0
92.4,-61.69786334637453,0.0,-63.275212074561296,0.02670138474330394,-63.275212074561296,0.02670138474330394,-65.0,0.0,-65.0,0.0
92.5,-61.61437402964266,0.0,-63.27074968323807,0.026172661900839757,-63.27074968323807,0.026172661900839757,-65.0,0.0,-65.0,0.0
92.60000000000001,-61.53130215949445,0.0,-63.266568730585824,0.02565440847210939,-63.266568730585824,0.02565440847210939,-65.0,0.0,-65.0,0.0
92.7,-61.44864564869698,0.0,-63.26266267835848,0.025146417148831205,-63.26266267835848,0.025146417148831205,-65.0,0.0,-65.0,0.0
92.80000000000001,-61.3664024204535,0.0,-63.259025122602836,0.024648484727702587,-63.259025122602836,0.024648484727702587,-65.0,0.0,-65.0,0.0
92.9,-61.28457040835123,0.0,-63.25564979097526,0.024160412029115896,-63.25564979097526,0.024160412029115896,-65.0,0.0,-65.0,0.0
93.0,-61.203147556309474,0.0,-63.25253054011164,0.023682003817483973,-63.25253054011164,0.023682003817483973,-65.0,0.0,-65.0,0.0
93.10000000000001,-61.122131818527926,0.0,-63.24966135304951,0.023213068723143302,-63.24966135304951,0.023213068723143302,-65.0,0.0,-65.0,0.0
93.2,-61.041521159435284,0.0,-63.24703633670136,0.0227534191658036,-63.24703633670136,0.0227534191658036,-65.0,0.0,-65.0,0.0
93.30000000000001,-60.96131355363811,0.0,-63.2446497193781,0.022302871279513185,-63.2446497193781,0.022302871279513185,-65.0,0.0,-65.0,0.0
93.4,-60.88150698586992,0.0,-63.242495848361656,0.021861244839110158,-63.242495848361656,0.021861244839110158,-65.0,0.0,-65.0,0.0
93.5,-60.80209945094057,0.0,-63.240569187525786,0.021428363188129927,-63.240569187525786,0.021428363188129927,-65.0,0.0,-65.0,0.0
93.60000000000001,-60.72308895368587,0.0,-63.238864315004086,0.021004053168140267,-63.238864315004086,0.021004053168140267,-65.0,0.0,-65.0,0.0
93.7,-60.644473508917436,0.0,-63.23737592090433,0.02058814504947564,-63.23737592090433,0.02058814504947564,-65.0,0.0,-65.0,0.0
93.80000000000001,-60.566251141372845,0.0,-63.23609880506813,0.020180472463343063,-63.23609880506813,0.020180472463343063,-65.0,0.0,-65.0,0.0
93.9,-60.488419885665984,0.0,-63.23502787487516,0.019780872335272377,-63.23502787487516,0.019780872335272377,-65.0,0.0,-65.0,0.0
94.0,-60.41097778623765,0.0,-63.23415814309084,0.019389184819884282,-63.23415814309084,0.019389184819884282,-65.0,0.0,-65.0,0.0
94.10000000000001,-60.333922897306465,0.0,-63.23348472575691,0.019005253236950053,-63.23348472575691,0.019005253236950053,-65.0,0.0,-65.0,0.0
94.2,-60.25725328281993,0.0,-63.23300284012377,0.018628924008717358,-63.23300284012377,0.018628924008717358,-65.0,0.0,-65.0,0.0
94.30000000000001,-60.18096701640583,0.0,-63.232707802623906,0.018260046598477114,-63.232707802623906,0.018260046598477114,-65.0,0.0,-65.0,0.0
94.4,-60.1050621813238,0.0,-63.23259502688561,0.017898473450346796,-63.23259502688561,0.017898473450346796,-65.0,0.0,-65.0,0.0
94.5,-60.02953687041718,0.0,-63.23266002178606,0.01754405993024611,-63.23266002178606,0.01754405993024611,-65.0,0.0,-65.0,0.0
94.60000000000001,-59.95438918606509,0.0,-63.23289838954311,0.017196664268041444,-63.23289838954311,0.017196664268041444,-65.0,0.0,-65.0,0.0
94.7,-59.87961724013477,0.0,-63.23330582384497,0.016856147500835906,-63.23330582384497,0.016856147500835906,-65.0,0.0,-65.0,0.0
94.80000000000001,-59.8052191539341,0.0,-63.23387810801706,0.016522373417382333,-63.23387810801706,0.016522373417382333,-65.0,0.0,-65.0,0.0
94.9,-59.73119305816443,0.0,-63.23461111322518,0.016195208503596962,-63.23461111322518,0.016195208503596962,-65.0,0.0,-65.0,0.0
95.0,-59.6575370928736,0.0,-63.235500796714476,0.015874521889152022,-63.235500796714476,0.015874521889152022,-65.0,0.0,-65.0,0.0
95.10000000000001,-59.58424940740924,0.0,-63.23654320008334,0.015560185295125858,-63.23654320008334,0.015560185295125858,-65.0,0.0,-65.0,0.0
95.2,-59.511328160372194,0.0,-63.23773444759158,0.015252072982689649,-63.23773444759158,0.015252072982689649,-65.0,0.0,-65.0,0.0
95.30000000000001,-59.43877151957033,0.0,-63.239070744502214,0.0149500617028102,-63.239070744502214,0.0149500617028102,-65.0,0.0,-65.0,0.0
95.4,-59.36657766197248,0.0,-63.24054837545623,0.014654030646948688,-63.24054837545623,0.014654030646948688,-65.0,0.0,-65.0,0.0
95.5,-59.294744773662615,0.0,-63.24216370287958,0.014363861398735635,-63.24216370287958,0.014363861398735635,-65.0,0.0,-65.0,0.0
95.60000000000001,-59.2232710497943,0.0,-63.24391316542188,0.014079437886602783,-63.24391316542188,0.014079437886602783,-65.0,0.0,-65.0,0.0
95.7,-59.15215469454533,0.0,-63.24579327642609,0.013800646337352914,-63.24579327642609,0.013800646337352914,-65.0,0.0,-65.0,0.0
95.80000000000001,-59.0813939210726,0.0,-63.247800622428635,0.013527375230649058,-63.247800622428635,0.013527375230649058,-65.0,0.0,-65.0,0.0
95.9,-59.01098695146724,0.0,-63.24993186168929,0.01325951525440487,-63.24993186168929,0.01325951525440487,-65.0,0.0,-65.0,0.0
96.0,-58.9409320167099,0.0,-63.25218372275032,0.012996959261058337,-63.25218372275032,0.012996959261058337,-65.0,0.0,-65.0,0.0
96.10000000000001,-58.87122735662635,0.0,-63.254553003024206,0.012739602224711329,-63.254553003024206,0.012739602224711329,-65.0,0.0,-65.0,0.0
96.2,-58.801871219843214,0.0,-63.25703656740953,0.012487341199117832,-63.25703656740953,0.012487341199117832,-65.0,0.0,-65.0,0.0
96.30000000000001,-58.732861863744,0.0,-63.25963134693423,0.012240075276504085,-63.25963134693423,0.012240075276504085,-65.0,0.0,-65.0,0.0
96.4,-58.66419755442528,0.0,-63.262334337425955,0.01199770554720412,-63.262334337425955,0.01199770554720412,-65.0,0.0,-65.0,0.0
96.5,-58.59587656665315,0.0,-63.265142598208776,0.011760135060094577,-63.265142598208776,0.011760135060094577,-65.0,0.0,-65.0,0.0
96.60000000000001,-58.52789718381989,0.0,-63.26805325082582,0.011527268783812963,-63.26805325082582,0.011527268783812963,-65.0,0.0,-65.0,0.0
96.7,-58.460257697900786,0.0,-63.27106347778732,0.01129901356874384,-63.27106347778732,0.01129901356874384,-65.0,0.0,-65.0,0.0
96.80000000000001,-58.39295640941128,0.0,-63.27417052134351,0.011075278109757739,-63.27417052134351,0.011075278109757739,-65.0,0.0,-65.0,0.0
96.9,-58.325991627364225,0.0,-63.277371682281945,0.010855972909687884,-63.277371682281945,0.010855972909687884,-65.0,0.0,-65.0,0.0
97.0,-58.2593616692274,0.0,-63.28066431874877,0.01064101024353014,-63.28066431874877,0.01064101024353014,-65.0,0.0,-65.0,0.0
97.10000000000001,-58.193064860881265,0.0,-63.28404584509335,0.010430304123351835,-63.28404584509335,0.010430304123351835,-65.0,0.0,-65.0,0.0
97.2,-58.12709953657686,0.0,-63.28751373073594,0.010223770263895447,-63.28751373073594,0.010223770263895447,-65.0,0.0,-65.0,0.0
97.30000000000001,-58.06146403889397,0.0,-63.29106549905783,0.010021326048863372,-63.29106549905783,0.010021326048863372,-65.0,0.0,-65.0,0.0
97.4,-57.9961567186995,0.0,-63.294698726313605,0.009822890497870305,-63.294698726313605,0.009822890497870305,-65.0,0.0,-65.0,0.0
97.5,-57.931175935106005,0.0,-63.298411040565014,0.009628384234050005,-63.298411040565014,0.009628384234050005,-65.0,0.0,-65.0,0.0
97.60000000000001,-57.86652005543048,0.0,-63.30220012063604,0.009437729452303494,-63.30220012063604,0.009437729452303494,-65.0,0.0,-65.0,0.0
97.7,-57.80218745515332,0.0,-63.30606369508877,0.009250849888175974,-63.30606369508877,0.009250849888175974,-65.0,0.0,-65.0,0.0
97.80000000000001,-57.738176517877555,0.0,-63.309999541219646,0.009067670787350034,-63.309999541219646,0.009067670787350034,-65.0,0.0,-65.0,0.0
97.9,-57.674485635288164,0.0,-63.31400548407568,0.008888118875742925,-63.31400548407568,0.008888118875742925,-65.0,0.0,-65.0,0.0
98.0,-57.61111320711172,0.0,-63.3180793954902,0.008712122330195944,-63.3180793954902,0.008712122330195944,-65.0,0.0,-65.0,0.0
98.10000000000001,-57.54805764107616,0.0,-63.322219193137876,0.008539610749744221,-63.322219193137876,0.008539610749744221,-65.0,0.0,-65.0,0.0
98.2,-57.48531735287078,0.0,-63.32642283960846,0.00837051512745539,-63.32642283960846,0.00837051512745539,-65.0,0.0,-65.0,0.0
98.30000000000001,-57.42289076610643,0.0,-63.330688341499005,0.0082047678228259,-63.330688341499005,0.0082047678228259,-65.0,0.0,-65.0,0.0
98.4,-57.360776312275895,0.0,-63.33501374852415,0.008042302534723902,-63.33501374852415,0.008042302534723902,-65.0,0.0,-65.0,0.0
98.5,-57.298972430714514,0.0,-63.33939715264409,0.007883054274867924,-63.33939715264409,0.007883054274867924,-65.0,0.0,-65.0,0.0
98.60000000000001,-57.23747756856094,0.0,-63.34383668720995,0.007726959341830685,-63.34383668720995,0.007726959341830685,-65.0,0.0,-65.0,0.0
98.7,-57.176290180718134,0.0,-63.34833052612612,0.007573955295557676,-63.34833052612612,0.007573955295557676,-65.0,0.0,-65.0,0.0
98.80000000000001,-57.11540872981454,0.0,-63.352876883029296,0.0074239809323903075,-63.352876883029296,0.0074239809323903075,-65.0,0.0,-65.0,0.0
98.9,-57.054831686165464,0.0,-63.357474010483855,0.007276976260583627,-63.357474010483855,0.007276976260583627,-65.0,0.0,-65.0,0.0
99.0,-56.994557527734635,0.0,-63.362120199193285,0.007132882476308824,-63.362120199193285,0.007132882476308824,-65.0,0.0,-65.0,0.0
99.10000000000001,-56.934584740095964,0.0,-63.36681377722725,0.006991641940130912,-63.36681377722725,0.006991641940130912,-65.0,0.0,-65.0,0.0
99.2,-56.87491181639548,0.0,-63.37155310926414,0.006853198153952188,-63.37155310926414,0.006853198153952188,-65.0,0.0,-65.0,0.0
99.30000000000001,-56.8155372573135,0.0,-63.37633659584861,0.006717495738412239,-63.37633659584861,0.006717495738412239,-65.0,0.0,-65.0,0.0
99.4,-56.75645957102693,0.0,-63.381162672664004,0.006584480410735459,-63.381162672664004,0.006584480410735459,-65.0,0.0,-65.0,0.0
99.5,-56.6976772731718,0.0,-63.38602980981918,0.006454098963017216,-63.38602980981918,0.006454098963017216,-65.0,0.0,-65.0,0.0
99.60000000000001,-56.63918888680594,0.0,-63.39093651114961,0.006326299240939979,-63.39093651114961,0.006326299240939979,-65.0,0.0,-65.0,0.0
99.7,-56.58099294237191,0.0,-63.395881313532406,0.006201030122910901,-63.395881313532406,0.006201030122910901,-65.0,0.0,-65.0,0.0
99.80000000000001,-56.52308797766005,0.0,-63.40086278621494,0.00607824149961249,-63.40086278621494,0.00607824149961249,-65.0,0.0,-65.0,0.0
99.9,-56.465472537771745,0.0,-63.40587953015688,0.005957884253958225,-63.40587953015688,0.005957884253958225,-65.0,0.0,-65.0,0.0
100.0,-56.408145175082886,0.0,-63.410930177385374,0.0058399102414450595,-63.410930177385374,0.0058399102414450595,-65.0,0.0,-65.0,0.0
100.10000000000001,-56.35110444920747,0.0,-63.416013390363,0.00572427227089498,-63.416013390363,0.00572427227089498,-65.0,0.0,-65.0,0.0
100.2,-56.29434892696143,0.0,-63.4211278613684,0.0056109240855779065,-63.4211278613684,0.0056109240855779065,-65.0,0.0,-65.0,0.0
100.30000000000001,-56.23787718232663,0.0,-63.4262723118892,0.005499820344708383,-63.4262723118892,0.005499820344708383,-65.0,0.0,-65.0,0.0
100.4,-56.18168779641499,0.0,-63.4314454920271,0.005390916605308659,-63.4314454920271,0.005390916605308659,-65.0,0.0,-65.0,0.0
100.5,-56.12577935743292,0.0,-63.43664617991475,0.005284169304430904,-63.43664617991475,0.005284169304430904,-65.0,0.0,-65.0,0.0
100.60000000000001,-56.070150460645756,0.0,-63.44187318114432,0.005179535741731452,-63.44187318114432,0.005179535741731452,-65.0,0.0,-65.0,0.0
100.7,-56.01479970834253,0.0,-63.4471253282074,0.00507697406239009,-63.4471253282074,0.00507697406239009,-65.0,0.0,-65.0,0.0
100.80000000000001,-55.959725709800814,0.0,-63.452401479946175,0.0049764432403675745,-63.452401479946175,0.0049764432403675745,-65.0,0.0,-65.0,0.0
100.9,-55.90492708125181,0.0,-63.45770052101545,0.004877903061994667,-63.45770052101545,0.004877903061994667,-65.0,0.0,-65.0,0.0
101.0,-55.85040244584555,0.0,-63.46302136135542,0.0047813141098861315,-63.46302136135542,0.0047813141098861315,-65.0,0.0,-65.0,0.0
101.10000000000001,-55.796150433616326,0.0,-63.46836293567506,0.004686637747173255,-63.46836293567506,0.004686637747173255,-65.0,0.0,-65.0,0.0
101.2,-55.742169681448246,0.0,-63.47372420294566,0.004593836102048585,-63.47372420294566,0.004593836102048585,-65.0,0.0,-65.0,0.0
101.30000000000001,-55.688458833041004,0.0,-63.47910414590462,0.004502872052616699,-63.47910414590462,0.004502872052616699,-65.0,0.0,-65.0,0.0
101.4,-55.635016538875796,0.0,-63.484501770569075,0.0044137092120449545,-63.484501770569075,0.0044137092120449545,-65.0,0.0,-65.0,0.0
101.5,-55.581841456181415,0.0,-63.48991610575923,0.004326311914008269,-63.48991610575923,0.004326311914008269,-65.0,0.0,-65.0,0.0
101.60000000000001,-55.52893224890051,0.0,-63.49534620263122,0.004240645198422114,-63.49534620263122,0.004240645198422114,-65.0,0.0,-65.0,0.0
101.7,-55.47628758765601,0.0,-63.500791134219334,0.004156674797458018,-63.500791134219334,0.004156674797458018,-65.0,0.0,-65.0,0.0
101.80000000000001,-55.42390614971773,0.0,-63.50624999498732,0.004074367121835975,-63.50624999498732,0.004074367121835975,-65.0,0.0,-65.0,0.0
101.9,-55.37178661896914,0.0,-63.51172190038869,0.003993689247388286,-63.51172190038869,0.003993689247388286,-65.0,0.0,-65.0,0.0
102.0,-55.31992768587429,0.0,-63.517205986435805,0.003914608901889452,-63.517205986435805,0.003914608901889452,-65.0,0.0,-65.0,0.0
102.10000000000001,-55.26832804744492,0.0,-63.52270140927755,0.0038370944521468548,-63.52270140927755,0.0038370944521468548,-65.0,0.0,-65.0,0.0
102.2,-55.21698640720769,0.0,-63.52820734478549,0.003761114891347058,-63.52820734478549,0.003761114891347058,-65.0,0.0,-65.0,0.0
102.30000000000001,-55.16590147517165,0.0,-63.53372298814824,0.003686639826652667,-63.53372298814824,0.003686639826652667,-65.0,0.0,-65.0,0.0
102.4,-55.11507196779579,0.0,-63.53924755347398,0.0036136394670447905,-63.53924755347398,0.0036136394670447905,-65.0,0.0,-65.0,0.0
102.5,-55.06449660795681,0.0,-63.5447802734009,0.003542084611406234,-63.5447802734009,0.003542084611406234,-65.0,0.0,-65.0,0.0
102.60000000000001,-55.01417412491703,0.0,-63.55032039871548,0.003471946636840664,-63.55032039871548,0.003471946636840664,-65.0,0.0,-65.0,0.0
102.7,-54.96410325429244,0.0,-63.55586719797829,0.0034031974872230698,-63.55586719797829,0.0034031974872230698,-65.0,0.0,-65.0,0.0
102.80000000000001,-54.91428273802098,0.0,-63.561419957157405,0.0033358096619769363,-63.561419957157405,0.0033358096619769363,-65.0,0.0,-65.0,0.0
102.9,-54.86471132433088,0.0,-63.56697797926908,0.0032697562050736486,-63.56697797926908,0.0032697562050736486,-65.0,0.0,-65.0,0.0
103.0,-54.815387767709225,0.0,-63.57254058402561,0.003205010694249721,-63.57254058402561,0.003205010694249721,-65.0,0.0,-65.0,0.0
103.10000000000001,-54.76631082887068,0.0,-63.57810710749026,0.003141547230437539,-63.57810710749026,0.003141547230437539,-65.0,0.0,-65.0,0.0
103.2,-54.71747927472632,0.0,-63.58367690173911,0.003079340427405387,-63.58367690173911,0.003079340427405387,-65.0,0.0,-65.0,0.0
103.30000000000001,-54.66889187835269,0.0,-63.58924933452961,0.003018365401602617,-63.58924933452961,0.003018365401602617,-65.0,0.0,-65.0,0.0
103.4,-54.620547418960925,0.0,-63.59482378897586,0.002958597762205897,-63.59482378897586,0.002958597762205897,-65.0,0.0,-65.0,0.0
103.5,-54.57244468186612,0.0,-63.6003996632303,0.002900013601362555,-63.6003996632303,0.002900013601362555,-65.0,0.0,-65.0,0.0
103.60000000000001,-54.52458245845679,0.0,-63.60597637017183,0.002842589484627122,-63.60597637017183,0.002842589484627122,-65.0,0.0,-65.0,0.0
103.7,-54.47695954616451,0.0,-63.611553337100176,0.002786302441587238,-63.611553337100176,0.002786302441587238,-65.0,0.0,-65.0,0.0
103.80000000000001,-54.42957474843369,0.0,-63.61713000543634,0.0027311299566751836,-63.61713000543634,0.0027311299566751836,-65.0,0.0,-65.0,0.0
103.9,-54.38242687469152,0.0,-63.62270583042908,0.002677049960161351,-63.62270583042908,0.002677049960161351,-65.0,0.0,-65.0,0.0
104.0,-54.33551474031806,0.0,-63.628280280867266,0.002624040819326058,-63.628280280867266,0.002624040819326058,-65.0,0.0,-65.0,0.0
104.10000000000001,-54.28883716661647,0.0,-63.63385283879803,0.002572081329806173,-63.63385283879803,0.002572081329806173,-65.0,0.0,-65.0,0.0
104.2,-54.242392980783386,0.0,-63.63942299925048,0.0025211507071130857,-63.63942299925048,0.0025211507071130857,-65.0,0.0,-65.0,0.0
104.30000000000001,-54.19618101587947,0.0,-63.644990269965064,0.0024712285783186345,-63.644990269965064,0.0024712285783186345,-65.0,0.0,-65.0,0.0
104.4,-54.15020011080007,0.0,-63.650554171128285,0.0024222949739056646,-63.650554171128285,0.0024222949739056646,-65.0,0.0,-65.0,0.0
104.5,-54.10444911024607,0.0,-63.65611423511275,0.002374330319779954,-63.65611423511275,0.002374330319779954,-65.0,0.0,-65.0,0.0
104.60000000000001,-54.05892686469484,0.0,-63.66167000622247,0.002327315429440315,-63.66167000622247,0.002327315429440315,-65.0,0.0,-65.0,0.0
104.7,-54.013632230371364,0.0,-63.66722104044321,0.002281231496303738,-63.66722104044321,0.002281231496303738,-65.0,0.0,-65.0,0.0
104.80000000000001,-53.96856406921951,0.0,-63.6727669051979,0.002236060086182508,-63.6727669051979,0.002236060086182508,-65.0,0.0,-65.0,0.0
104.9,-53.92372124887341,0.0,-63.67830717910696,0.002191783129910283,-63.67830717910696,0.002191783129910283,-65.0,0.0,-65.0,0.0
105.0,-53.87910264262904,0.0,-63.683841451753366,0.002148382916114187,-63.683841451753366,0.002148382916114187,-65.0,0.0,-65.0,0.0
105.10000000000001,-53.8347071294159,0.0,-63.68936932345253,0.0021058420841300243,-63.68936932345253,0.0021058420841300243,-65.0,0.0,-65.0,0.0
105.2,-53.790533593768814,0.0,-63.69489040502674,0.002064143617057782,-63.69489040502674,0.002064143617057782,-65.0,0.0,-65.0,0.0
105.30000000000001,-53.74658092579997,0.0,-63.70040431758413,0.002023270834954645,-63.70040431758413,0.002023270834954645,-65.0,0.0,-65.0,0.0
105.4,-53.702848021170965,0.0,-63.705910692302126,0.0019832073881627943,-63.705910692302126,0.0019832073881627943,-65.0,0.0,-65.0,0.0
105.5,-53.65933378106511,0.0,-63.711409170215234,0.001943937250769326,-63.711409170215234,0.001943937250769326,-65.0,0.0,-65.0,0.0
105.60000000000001,-53.61603711215978,0.0,-63.71689940200706,0.0019054447141956747,-63.71689940200706,0.0019054447141956747,-65.0,0.0,-65.0,0.0
105.7,-53.572956926598984,0.0,-63.722381047806564,0.0018677143809139698,-63.722381047806564,0.0018677143809139698,-65.0,0.0,-65.0,0.0
105.80000000000001,-53.53009214196599,0.0,-63.72785377698839,0.001830731158287821,-63.72785377698839,0.001830731158287821,-65.0,0.0,-65.0,0.0
105.9,-53.48744168125616,0.0,-63.73331726797718,0.0017944802525350614,-63.73331726797718,0.0017944802525350614,-65.0,0.0,-65.0,0.0
106.0,-53.445004472849874,0.0,-63.73877120805589,0.0017589471628100383,-63.73877120805589,0.0017589471628100383,-65.0,0.0,-65.0,0.0
106.10000000000001,-53.402779450485625,0.0,-63.74421529317791,0.0017241176754030807,-63.74421529317791,0.0017241176754030807,-65.0,0.0,-65.0,0.0
106.2,-53.36076555323319,0.0,-63.74964922778299,0.0016899778580548267,-63.74964922778299,0.0016899778580548267,-65.0,0.0,-65.0,0.0
106.30000000000001,-53.31896172546703,0.0,-63.75507272461688,0.001656514054383133,-63.75507272461688,0.001656514054383133,-65.0,0.0,-65.0,0.0
106.4,-53.27736691683969,0.0,-63.76048550455459,0.001623712878420341,-63.76048550455459,0.001623712878420341,-65.0,0.0,-65.0,0.0
106.5,-53.23598008225549,0.0,-63.76588729642719,0.001591561209258711,-63.76588729642719,0.001591561209258711,-65.0,0.0,-65.0,0.0
106.60000000000001,-53.19480018184421,0.0,-63.77127783685215,0.0015600461858018837,-63.77127783685215,0.0015600461858018837,-65.0,0.0,-65.0,0.0
106.7,-53.153826180934985,0.0,-63.77665687006708,0.00152915520162027,-63.77665687006708,0.00152915520162027,-65.0,0.0,-65.0,0.0
106.80000000000001,-53.11305705003031,0.0,-63.78202414776679,0.0014988758999083126,-63.78202414776679,0.0014988758999083126,-65.0,0.0,-65.0,0.0
106.9,-53.07249176478015,0.0,-63.78737942894369,0.0014691961685415968,-63.78737942894369,0.0014691961685415968,-65.0,0.0,-65.0,0.0
107.0,-53.03212930595625,0.0,-63.79272247973135,0.0014401041352318411,-63.79272247973135,0.0014401041352318411,-65.0,0.0,-65.0,0.0
107.10000000000001,-52.99196865942647,0.0,-63.79805307325131,0.0014115881627778228,-63.79805307325131,0.0014115881627778228,-65.0,0.0,-65.0,0.0
107.2,-52.952008816129336,0.0,-63.80337098946285,0.001383636844410342,-63.80337098946285,0.001383636844410342,-65.0,0.0,-65.0,0.0
107.30000000000001,-52.91224877204869,0.0,-63.80867601501592,0.0013562389992293625,-63.80867601501592,0.0013562389992293625,-65.0,0.0,-65.0,0.0
107.4,-52.87268752818845,0.0,-63.813967943106974,0.0013293836677315026,-63.813967943106974,0.0013293836677315026,-65.0,0.0,-65.0,0.0
107.5,-52.83332409054751,0.0,-63.81924657333773,0.0013030601074260873,-63.81924657333773,0.0013030601074260873,-65.0,0.0,-65.0,0.0
107.60000000000001,-52.79415747009477,0.0,-63.82451171157677,0.0012772577885380087,-63.82451171157677,0.0012772577885380087,-65.0,0.0,-65.0,0.0
107.7,-52.755186682744295,0.0,-63.829763169823984,0.0012519663897956764,-63.829763169823984,0.0012519663897956764,-65.0,0.0,-65.0,0.0
107.80000000000001,-52.71641074933057,0.0,-63.83500076607771,0.00122717579430237,-63.83500076607771,0.00122717579430237,-65.0,0.0,-65.0,0.0
107.9,-52.67782869558392,0.0,-63.84022432420458,0.0012028760854893466,-63.84022432420458,0.0012028760854893466,-65.0,0.0,-65.0,0.0
108.0,-52.639439552106,0.0,-63.84543367381198,0.0011790575431490807,-63.84543367381198,0.0011790575431490807,-65.0,0.0,-65.0,0.0
108.10000000000001,-52.601242354345466,0.0,-63.85062865012315,0.0011557106395470513,-63.85062865012315,0.0011557106395470513,-65.0,0.0,-65.0,0.0
108.2,-52.563236142573736,0.0,-63.85580909385473,0.0011328260356105212,-63.85580909385473,0.0011328260356105212,-65.0,0.0,-65.0,0.0
108.30000000000001,-52.52541996186087,0.0,-63.86097485109686,0.001110394577192784,-63.86097485109686,0.001110394577192784,-65.0,0.0,-65.0,0.0
108.4,-52.48779286205156,0.0,-63.86612577319567,0.0010884072914113824,-63.86612577319567,0.0010884072914113824,-65.0,0.0,-65.0,0.0
108.5,-52.45035389774131,0.0,-63.87126171663816,0.001066855383058836,-63.87126171663816,0.001066855383058836,-65.0,0.0,-65.0,0.0
108.60000000000001,-52.4131021282526,0.0,-63.876382542939425,0.0010457302310844412,-63.876382542939425,0.0010457302310844412,-65.0,0.0,-65.0,0.0
108.7,-52.37603661761134,0.0,-63.881488118532154,0.001025023385145736,-63.881488118532154,0.001025023385145736,-65.0,0.0,-65.0,0.0
108.80000000000001,-52.33915643452328,0.0,-63.88657831465838,0.0010047265622282497,-63.88657831465838,0.0010047265622282497,-65.0,0.0,-65.0,0.0
108.9,-52.30246065235067,0.0,-63.89165300726342,0.0009848316433321875,-63.89165300726342,0.0009848316433321875,-65.0,0.0,-65.0,0.0
109.0,-52.265948349088916,0.0,-63.896712076891994,0.0009653306702247218,-63.896712076891994,0.0009653306702247218,-65.0,0.0,-65.0,0.0
109.10000000000001,-52.22961860734347,0.0,-63.9017554085864,0.0009462158422565932,-63.9017554085864,0.0009462158422565932,-65.0,0.0,-65.0,0.0
109.2,-52.19347051430675,0.0,-63.906782891786854,0.0009274795132417467,-63.906782891786854,0.0009274795132417467,-65.0,0.0,-65.0,0.0
109.30000000000001,-52.15750316173522,0.0,-63.91179442023372,0.0009091141883987552,-63.91179442023372,0.0009091141883987552,-65.0,0.0,-65.0,0.0
109.4,-52.12171564592654,0.0,-63.91678989187187,0.0008911125213528074,-63.91678989187187,0.0008911125213528074,-65.0,0.0,-65.0,0.0
109.5,-52.08610706769691,0.0,-63.92176920875691,0.0008734673111970594,-63.92176920875691,0.0008734673111970594,-65.0,0.0,-65.0,0.0
109.60000000000001,-52.05067653235842,0.0,-63.92673227696332,0.0008561714996121764,-63.92673227696332,0.0008561714996121764,-65.0,0.0,-65.0,0.0
109.7,-52.01542314969663,0.0,-63.931679006494484,0.0008392181680429104,-63.931679006494484,0.0008392181680429104,-65.0,0.0,-65.0,0.0
109.80000000000001,-51.980346033948145,0.0,-63.936609311194545,0.0008226005349305863,-63.936609311194545,0.0008226005349305863,-65.0,0.0,-65.0,0.0
109.9,-51.9454443037784,0.0,-63.941523108662075,0.0008063119530003879,-63.941523108662075,0.0008063119530003879,-65.0,0.0,-65.0,0.0
110.0,-51.91071708225951,0.0,-63.946420320165466,0.000790345906602359,-63.946420320165466,0.000790345906602359,-65.0,0.0,-65.0,0.0
110.10000000000001,-51.876163496848214,0.0,-63.95130087056008,0.0007746960091050569,-63.95130087056008,0.0007746960091050569,-65.0,0.0,-65.0,0.0
110.2,-51.84178267936397,0.0,-63.95616468820711,0.0007593560003408148,-63.95616468820711,0.0007593560003408148,-65.0,0.0,-65.0,0.0
110.30000000000001,-51.807573765967156,0.0,-63.96101170489403,0.0007443197441015907,-63.96101170489403,0.0007443197441015907,-65.0,0.0,-65.0,0.0
110.4,-51.77353589713732,0.0,-63.965841855756715,0.0007295812256844028,-63.965841855756715,0.0007295812256844028,-65.0,0.0,-65.0,0.0
110.5,-51.739668217651634,0.0,-63.97065507920319,0.000715134549485368,-63.97065507920319,0.000715134549485368,-65.0,0.0,-65.0,0.0
110.60000000000001,-51.70596987656337,0.0,-63.97545131683886,0.0007009739366413818,-63.97545131683886,0.0007009739366413818,-65.0,0.0,-65.0,0.0
110.7,-51.672440027180556,0.0,-63.9802305133933,0.0006870937227184959,-63.9802305133933,0.0006870937227184959,-65.0,0.0,-65.0,0.0
110.80000000000001,-51.63907782704465,0.0,-63.98499261664861,0.0006734883554460693,-63.98499261664861,0.0006734883554460693,-65.0,0.0,-65.0,0.0
110.9,-51.60588243790943,0.0,-63.98973757736912,0.0006601523924957854,-63.98973757736912,0.0006601523924957854,-65.0,0.0,-65.0,0.0
111.0,-51.57285302571988,0.0,-63.99446534923262,0.0006470804993046492,-63.99446534923262,0.0006470804993046492,-65.0,0.0,-65.0,0.0
111.10000000000001,-51.53998876059128,0.0,-63.999175888762984,0.0006342674469410899,-63.999175888762984,0.0006342674469410899,-65.0,0.0,-65.0,0.0
111.2,-51.507288816788325,0.0,-64.00386915526417,0.0006217081100133191,-64.00386915526417,0.0006217081100133191,-65.0,0.0,-65.0,0.0
111.30000000000001,-51.47475237270438,0.0,-64.00854511075553,0.0006093974646191056,-64.00854511075553,0.0006093974646191056,-65.0,0.0,-65.0,0.0
111.4,-51.442378610840855,0.0,-64.01320371990859,0.0005973305863361476,-64.01320371990859,0.0005973305863361476,-65.0,0.0,-65.0,0.0
111.5,-51.41016671778665,0.0,-64.01784494998492,0.0005855026482522381,-64.01784494998492,0.0005855026482522381,-65.0,0.0,-65.0,0.0
111.60000000000001,-51.37811588419772,0.0,-64.02246877077548,0.0005739089190344356,-64.02246877077548,0.0005739089190344356,-65.0,0.0,-65.0,0.0
111.7,-51.34622530477673,0.0,-64.02707515454108,0.0005625447610364678,-64.02707515454108,0.0005625447610364678,-65.0,0.0,-65.0,0.0
111.80000000000001,-51.31449417825284,0.0,-64.03166407595415,0.0005514056284436114,-64.03166407595415,0.0005514056284436114,-65.0,0.0,-65.0,0.0
111.9,-51.28292170736158,0.0,-64.03623551204166,0.0005404870654543056,-64.03623551204166,0.0005404870654543056,-65.0,0.0,-65.0,0.0
112.0,-51.251507098824774,0.0,-64.0407894421292,0.0005297847044977717,-64.0407894421292,0.0005297847044977717,-65.0,0.0,-65.0,0.0
112.10000000000001,-51.22024956333065,0.0,-64.0453258477863,0.0005192942644869272,-64.0453258477863,0.0005192942644869272,-65.0,0.0,-65.0,0.0
112.2,-51.189148315514,0.0,-64.04984471277282,0.0005090115491058933,-64.04984471277282,0.0005090115491058933,-65.0,0.0,-65.0,0.0
112.30000000000001,-51.15820257393643,0.0,-64.0543460229864,0.000498932445131413,-64.0543460229864,0.000498932445131413,-65.0,0.0,-65.0,0.0
112.4,-51.127411561066744,0.0,-64.05882976641107,0.0004890529207875065,-64.05882976641107,0.0004890529207875065,-65.0,0.0,-65.0,0.0
112.5,-51.09677450326141,0.0,-64.06329593306694,0.00047936902413270755,-64.06329593306694,0.00047936902413270755,-65.0,0.0,-65.0,0.0
112.60000000000001,-51.0662906307451,0.0,-64.06774451496086,0.0004698768814792339,-64.06774451496086,0.0004698768814792339,-65.0,0.0,-65.0,0.0
112.7,-51.03595917759137,0.0,-64.07217550603814,0.0004605726958434605,-64.07217550603814,0.0004605726958434605,-65.0,0.0,-65.0,0.0
112.80000000000001,-51.00577938170341,0.0,-64.07658890213523,0.0004514527454270757,-64.07658890213523,0.0004514527454270757,-65.0,0.0,-65.0,0.0
112.9,-50.975750484794894,0.0,-64.08098470093348,0.00044251338212831197,-64.08098470093348,0.00044251338212831197,-65.0,0.0,-65.0,0.0
113.0,-50.94587173237092,0.0,-64.08536290191378,0.0004337510300826566,-64.08536290191378,0.0004337510300826566,-65.0,0.0,-65.0,0.0
113.10000000000001,-50.916142373709064,0.0,-64.0897235063121,0.0004251621842324585,-64.0897235063121,0.0004251621842324585,-65.0,0.0,-65.0,0.0
113.2,-50.88656166184052,0.0,-64.09406651707607,0.0004167434089248581,-64.09406651707607,0.0004167434089248581,-65.0,0.0,-65.0,0.0
113.30000000000001,-50.857128853531314,0.0,-64.09839193882242,0.0004084913365374805,-64.09839193882242,0.0004084913365374805,-65.0,0.0,-65.0,0.0
113.4,-50.827843209263655,0.0,-64.10269977779524,0.00040040266613134166,-64.10269977779524,0.00040040266613134166,-65.0,0.0,-65.0,0.0
113.5,-50.79870399321734,0.0,-64.1069900418252,0.00039247416213042874,-64.1069900418252,0.00039247416213042874,-65.0,0.0,-65.0,0.0
113.60000000000001,-50.76971047325125,0.0,-64.11126274028956,0.0003847026530274266,-64.11126274028956,0.0003847026530274266,-65.0,0.0,-65.0,0.0
113.7,-50.740861920884996,0.0,-64.11551788407306,0.0003770850301150726,-64.11551788407306,0.0003770850301150726,-65.0,0.0,-65.0,0.0
113.80000000000001,-50.712157611280574,0.0,-64.11975548552957,0.000369618246242632,-64.11975548552957,0.000369618246242632,-65.0,0.0,-65.0,0.0
113.9,-50.68359682322417,0.0,-64.12397555844463,0.0003622993145969975,-64.12397555844463,0.0003622993145969975,-65.0,0.0,-65.0,0.0
114.0,-50.65517883910805,0.0,-64.12817811799864,0.0003551253075079237,-64.12817811799864,0.0003551253075079237,-65.0,0.0,-65.0,0.0
114.10000000000001,-50.626902944912516,0.0,-64.13236318073102,0.0003480933552769203,-64.13236318073102,0.0003480933552769203,-65.0,0.0,-65.0,0.0
114.2,-50.59876843018795,0.0,-64.13653076450485,0.0003412006450293343,-64.13653076450485,0.0003412006450293343,-65.0,0.0,-65.0,0.0
114.30000000000001,-50.57077458803701,0.0,-64.14068088847253,0.0003344444195891626,-64.14068088847253,0.0003344444195891626,-65.0,0.0,-65.0,0.0
114.4,-50.54292071509683,0.0,-64.14481357304199,0.000327821976376145,-64.14481357304199,0.000327821976376145,-65.0,0.0,-65.0,0.0
114.5,-50.515206111521344,0.0,-64.14892883984362,0.00032133066632469577,-64.14892883984362,0.00032133066632469577,-65.0,0.0,-65.0,0.0
114.60000000000001,-50.48763008096374,0.0,-64.15302671169799,0.00031496789282424247,-64.15302671169799,0.00031496789282424247,-65.0,0.0,-65.0,0.0
114.7,-50.46019193055892,0.0,-64.15710721258417,0.00030873111068054673,-64.15710721258417,0.00030873111068054673,-65.0,0.0,-65.0,0.0
114.80000000000001,-50.43289097090613,0.0,-64.16117036760869,0.00030261782509759293,-64.16117036760869,0.00030261782509759293,-65.0,0.0,-65.0,0.0
114.9,-50.4057265160516,0.0,-64.1652162029753,0.0002966255906796363,-64.1652162029753,0.0002966255906796363,-65.0,0.0,-65.0,0.0
115.0,-50.37869788347135,0.0,-64.1692447459552,0.0002907520104530121,-64.1692447459552,0.0002907520104530121,-65.0,0.0,-65.0,0.0
115.10000000000001,-50.35180439405399,0.0,-64.17325602485796,0.0002849947349073143,-64.17325602485796,0.0002849947349073143,-65.0,0.0,-65.0,0.0
115.2,-50.32504537208372,0.0,-64.17725006900315,0.0002793514610555599,-64.17725006900315,0.0002793514610555599,-65.0,0.0,-65.0,0.0
115.30000000000001,-50.298420145223304,0.0,-64.18122690869238,0.0002738199315129635,-64.18122690869238,0.0002738199315129635,-65.0,0.0,-65.0,0.0
115.4,-50.27192804449719,0.0,-64.18518657518212,0.0002683979335939534,-64.18518657518212,0.0002683979335939534,-65.0,0.0,-65.0,0.0
115.5,-50.2455684042747,0.0,-64.18912910065698,0.00026308329842706773,-64.18912910065698,0.00026308329842706773,-65.0,0.0,-65.0,0.0
115.60000000000001,-50.21934056225333,0.0,-64.19305451820365,0.00025787390008737696,-64.19305451820365,0.00025787390008737696,-65.0,0.0,-65.0,0.0
115.7,-50.19324385944206,0.0,-64.19696286178527,0.0002527676547460857,-64.19696286178527,0.0002527676547460857,-65.0,0.0,-65.0,0.0
115.80000000000001,-50.16727764014485,0.0,-64.20085416621642,0.0002477625198369731,-64.20085416621642,0.0002477625198369731,-65.0,0.0,-65.0,0.0
115.9,-50.14144125194413,0.0,-64.20472846713871,0.00024285649323933968,-64.20472846713871,0.00024285649323933968,-65.0,0.0,-65.0,0.0
116.0,-50.11573404568441,0.0,-64.20858580099677,0.00023804761247713172,-64.20858580099677,0.00023804761247713172,-65.0,0.0,-65.0,0.0
116.10000000000001,-50.09015537545599,0.0,-64.21242620501482,0.0002333339539339251,-64.21242620501482,0.0002333339539339251,-65.0,0.0,-65.0,0.0
116.2,-50.064704598578714,0.0,-64.21624971717371,0.00022871363208345292,-64.21624971717371,0.00022871363208345292,-65.0,0.0,-65.0,0.0
116.30000000000001,-50.03938107558582,0.0,-64.22005637618848,0.00022418479873536988,-64.22005637618848,0.00022418479873536988,-65.0,0.0,-65.0,0.0
116.4,-50.01418417020789,0.0,-64.2238462214864,0.0002197456422959515,-64.2238462214864,0.0002197456422959515,-65.0,0.0,-65.0,0.0
116.5,-65.0,0.0,-64.18761929318545,0.08021539438704343,-64.18761929318545,0.08021539438704343,-65.0,0.0,-65.0,0.0
116.60000000000001,-65.0,0.0,-64.15236768514104,0.07862702315695812,-64.15236768514104,0.07862702315695812,-65.0,0.0,-65.0,0.0
116.7,-65.0,0.0,-64.11807079482308,0.07707010378450987,-64.11807079482308,0.07707010378450987,-65.0,0.0,-65.0,0.0
116.80000000000001,-65.0,0.0,-64.08470843410838,0.07554401348119051,-64.08470843410838,0.07554401348119051,-65.0,0.0,-65.0,0.0
116.9,-65.0,0.0,-64.05226082104257,0.07404814179053057,-64.05226082104257,0.07404814179053057,-65.0,0.0,-65.0,0.0
117.0,-65.0,0.0,-64.0207085717654,0.07258189034390856,-64.0207085717654,0.07258189034390856,-65.0,0.0,-65.0,0.0
117.10000000000001,-65.0,0.0,-63.990032692595975,0.07114467262119556,-63.990032692595975,0.07114467262119556,-65.0,0.0,-65.0,0.0
117.2,-65.0,0.0,-63.96021457227493,0.06973591371613932,-63.96021457227493,0.06973591371613932,-65.0,0.0,-65.0,0.0
117.30000000000001,-65.0,0.0,-63.931235974360355,0.06835505010639412,-63.931235974360355,0.06835505010639412,-65.0,0.0,-65.0,0.0
117.4,-65.0,0.0,-63.9030790297745,0.06700152942810429,-63.9030790297745,0.06700152942810429,-65.0,0.0,-65.0,0.0
117.5,-65.0,0.0,-63.875726229498156,0.06567481025495135,-63.875726229498156,0.06567481025495135,-65.0,0.0,-65.0,0.0
117.60000000000001,-65.0,0.0,-63.84916041740988,0.0643743618815762,-63.84916041740988,0.0643743618815762,-65.0,0.0,-65.0,0.0
117.7,-65.0,0.0,-63.82336478326718,0.06309966411128995,-63.82336478326718,0.06309966411128995,-65.0,0.0,-65.0,0.0
117.80000000000001,-65.0,0.0,-63.798322855826854,0.061850207047988284,-63.798322855826854,0.061850207047988284,-65.0,0.0,-65.0,0.0
117.9,-65.0,0.0,-63.774018496101625,0.06062549089218624,-63.774018496101625,0.06062549089218624,-65.0,0.0,-65.0,0.0
118.0,-65.0,0.0,-63.75043589075057,0.05942502574109172,-63.75043589075057,0.05942502574109172,-65.0,0.0,-65.0,0.0
118.10000000000001,-65.0,0.0,-63.7275595456005,0.05824833139263789,-63.7275595456005,0.05824833139263789,-65.0,0.0,-65.0,0.0
118.2,-65.0,0.0,-63.705374279295796,0.057094937153395885,-63.705374279295796,0.057094937153395885,-65.0,0.0,-65.0,0.0
118.30000000000001,-65.0,0.0,-63.68386521707417,0.05596438165029122,-63.68386521707417,0.05596438165029122,-65.0,0.0,-65.0,0.0
118.4,-65.0,0.0,-63.663017784665776,0.05485621264604837,-63.663017784665776,0.05485621264604837,-65.0,0.0,-65.0,0.0
118.5,-64.9,0.0,-63.6428177023133,0.05376998685828986,-63.6428177023133,0.05376998685828986,-65.0,0.0,-65.0,0.0
118.60000000000001,-64.8005,0.0,-63.623250978910626,0.05270526978221739,-63.623250978910626,0.05270526978221739,-65.0,0.0,-65.0,0.0
118.7,-64.7014975,0.0,-63.60430390625767,0.0516616355168041,-63.60430390625767,0.0516616355168041,-65.0,0.0,-65.0,0.0
118.80000000000001,-64.6029900125,0.0,-63.58596305342917,0.050638666594428526,-63.58596305342917,0.050638666594428526,-65.0,0.0,-65.0,0.0
118.9,-64.5049750624375,0.0,-63.568215261255084,0.049635953813881944,-63.568215261255084,0.049635953813881944,-65.0,0.0,-65.0,0.0
119.0,-64.4074501871253,0.0,-63.55104763691047,0.04865309607668246,-63.55104763691047,0.04865309607668246,-65.0,0.0,-65.0,0.0
119.10000000000001,-64.31041293618968,0.0,-63.5344475486126,0.047689700226630244,-63.5344475486126,0.047689700226630244,-65.0,0.0,-65.0,0.0
119.2,-64.21386087150873,0.0,-63.51840262042327,0.04674538089253983,-63.51840262042327,0.04674538089253983,-65.0,0.0,-65.0,0.0
119.30000000000001,-64.11779156715119,0.0,-63.502900727154106,0.04581976033408649,-63.502900727154106,0.04581976033408649,-65.0,0.0,-65.0,0.0
119.4,-64.02220260931543,0.0,-63.48792998937299,0.04491246829070507,-63.48792998937299,0.04491246829070507,-65.0,0.0,-65.0,0.0
119.5,-63.92709159626885,0.0,-63.47347876850938,0.04402314183348082,-63.47347876850938,0.04402314183348082,-65.0,0.0,-65.0,0.0
119.60000000000001,-63.832456138287505,0.0,-63.459535662056844,0.04315142521997302,-63.459535662056844,0.04315142521997302,-65.0,0.0,-65.0,0.0
119.7,-63.73829385759607,0.0,-63.446089498870606,0.042296969751913216,-63.446089498870606,0.042296969751913216,-65.0,0.0,-65.0,0.0
119.80000000000001,-63.64460238830809,0.0,-63.433129334558394,0.04145943363572129,-63.433129334558394,0.04145943363572129,-65.0,0.0,-65.0,0.0
119.9,-63.55137937636655,0.0,-63.42064444696271,0.040638481845783475,-63.42064444696271,0.040638481845783475,-65.0,0.0,-65.0,0.0
120.0,-63.45862247948472,0.0,-63.40862433173268,0.03983378599043762,-63.40862433173268,0.03983378599043762,-65.0,0.0,-65.0,0.0
120.10000000000001,-63.366329367087296,0.0,-63.39705869798371,0.03904502418061217,-63.39705869798371,0.03904502418061217,-65.0,0.0,-65.0,0.0
120.2,-63.27449772025186,0.0,-63.38593746404326,0.03827188090106623,-63.38593746404326,0.03827188090106623,-65.0,0.0,-65.0,0.0
120.30000000000001,-63.1831252316506,0.0,-63.37525075328095,0.03751404688417926,-63.37525075328095,0.03751404688417926,-65.0,0.0,-65.0,0.0
120.4,-63.09220960549235,0.0,-63.36498889002143,0.036771218986239924,-63.36498889002143,0.036771218986239924,-65.0,0.0,-65.0,0.0
120.5,-63.001748557464886,0.0,-63.35514239553823,0.036043100066184545,-63.35514239553823,0.036043100066184545,-65.0,0.0,-65.0,0.0
120.60000000000001,-62.91173981467756,0.0,-63.345701984127174,0.035329398866736715,-63.345701984127174,0.035329398866736715,-65.0,0.0,-65.0,0.0
120.7,-62.822181115604174,0.0,-63.336658559257586,0.03462982989790051,-63.336658559257586,0.03462982989790051,-65.0,0.0,-65.0,0.0
120.80000000000001,-62.733070210026156,0.0,-63.32800320979992,0.03394411332276069,-63.32800320979992,0.03394411332276069,-65.0,0.0,-65.0,0.0
120.9,-62.644404858976024,0.0,-63.319727206328146,0.033271974845544186,-63.319727206328146,0.033271974845544186,-65.0,0.0,-65.0,0.0
121.0,-62.556182834681145,0.0,-63.31182199749556,0.032613145601898146,-63.31182199749556,0.032613145601898146,-65.0,0.0,-65.0,0.0
121.10000000000001,-62.46840192050774,0.0,-63.304279206482406,0.031967362051340605,-63.304279206482406,0.031967362051340605,-65.0,0.0,-65.0,0.0
121.2,-62.3810599109052,0.0,-63.29709062751407,0.031334365871840776,-63.29709062751407,0.031334365871840776,-65.0,0.0,-65.0,0.0
121.30000000000001,-62.29415461135068,0.0,-63.29024822244826,0.0307139038564868,-63.29024822244826,0.0307139038564868,-65.0,0.0,-65.0,0.0
121.4,-62.207683838293924,0.0,-63.28374411742992,0.030105727812199595,-63.28374411742992,0.030105727812199595,-65.0,0.0,-65.0,0.0
121.5,-62.12164541910246,0.0,-63.277570599612545,0.029509594460452326,-63.277570599612545,0.029509594460452326,-65.0,0.0,-65.0,0.0
121.60000000000001,-62.036037192006944,0.0,-63.271720113944504,0.028925265339955743,-63.271720113944504,0.028925265339955743,-65.0,0.0,-65.0,0.0
121.7,-61.95085700604691,0.0,-63.26618526001915,0.02835250671127049,-63.26618526001915,0.02835250671127049,-65.0,0.0,-65.0,0.0
121.80000000000001,-61.866102721016674,0.0,-63.2609587889874,0.02779108946330821,-63.2609587889874,0.02779108946330821,-65.0,0.0,-65.0,0.0
121.9,-61.78177220741159,0.0,-63.25603360053162,0.027240789021684052,-63.25603360053162,0.027240789021684052,-65.0,0.0,-65.0,0.0
122.0,-61.69786334637453,0.0,-63.251402739899525,0.02670138525888393,-63.251402739899525,0.02670138525888393,-65.0,0.0,-65.0,0.0
122.10000000000001,-61.61437402964266,0.0,-63.247059394996924,0.02617266240621058,-63.247059394996924,0.02617266240621058,-65.0,0.0,-65.0,0.0
122.2,-61.53130215949445,0.0,-63.242996893538205,0.0256544089674732,-63.242996893538205,0.0256544089674732,-65.0,0.0,-65.0,0.0
122.30000000000001,-61.44864564869698,0.0,-63.23920870025332,0.025146417634386155,-63.23920870025332,0.025146417634386155,-65.0,0.0,-65.0,0.0
122.4,-61.3664024204535,0.0,-63.23568841415023,0.024648485203642906,-63.23568841415023,0.024648485203642906,-65.0,0.0,-65.0,0.0
122.5,-61.28457040835123,0.0,-63.23242976583167,0.02416041249563196,-63.23242976583167,0.02416041249563196,-65.0,0.0,-65.0,0.0
122.60000000000001,-61.203147556309474,0.0,-63.229426614865126,0.0236820042747624,-63.229426614865126,0.0236820042747624,-65.0,0.0,-65.0,0.0
122.7,-61.122131818527926,0.0,-63.22667294720512,0.02321306917136701,-63.22667294720512,0.02321306917136701,-65.0,0.0,-65.0,0.0
122.80000000000001,-61.041521159435284,0.0,-63.22416287266652,0.022753419605151884,-63.22416287266652,0.022753419605151884,-65.0,0.0,-65.0,0.0
122.9,-60.96131355363811,0.0,-63.22189062244811,0.022302871710161792,-63.22189062244811,0.022302871710161792,-65.0,0.0,-65.0,0.0
123.0,-60.88150698586992,0.0,-63.21985054670525,0.021861245261231354,-63.21985054670525,0.021861245261231354,-65.0,0.0,-65.0,0.0
123.10000000000001,-60.80209945094057,0.0,-63.218037112170784,0.021428363601892562,-63.218037112170784,0.021428363601892562,-65.0,0.0,-65.0,0.0
123.2,-60.72308895368587,0.0,-63.216444899823074,0.021004053573709852,-63.216444899823074,0.021004053573709852,-65.0,0.0,-65.0,0.0
123.30000000000001,-60.644473508917436,0.0,-63.215068602600454,0.020588145447014407,-63.215068602600454,0.020588145447014407,-65.0,0.0,-65.0,0.0
123.4,-60.566251141372845,0.0,-63.213903023160945,0.020180472853010036,-63.213903023160945,0.020180472853010036,-65.0,0.0,-65.0,0.0
123.5,-60.488419885665984,0.0,-63.21294307168653,0.019780872717223428,-63.21294307168653,0.019780872717223428,-65.0,0.0,-65.0,0.0
123.60000000000001,-60.41097778623765,0.0,-63.21218376373096,0.019389185194272195,-63.21218376373096,0.019389185194272195,-65.0,0.0,-65.0,0.0
123.7,-60.333922897306465,0.0,-63.21162021811035,0.019005253603924587,-63.21162021811035,0.019005253603924587,-65.0,0.0,-65.0,0.0
123.80000000000001,-60.25725328281993,0.0,-63.21124765483558,0.01862892436842531,-63.21124765483558,0.01862892436842531,-65.0,0.0,-65.0,0.0
123.9,-60.18096701640583,0.0,-63.21106139308587,0.018260046951062373,-63.21106139308587,0.018260046951062373,-65.0,0.0,-65.0,0.0
124.0,-60.1050621813238,0.0,-63.211056849222466,0.0178984737959504,-63.211056849222466,0.0178984737959504,-65.0,0.0,-65.0,0.0
124.10000000000001,-60.02953687041718,0.0,-63.21122953484185,0.017544060269006307,-63.21122953484185,0.017544060269006307,-65.0,0.0,-65.0,0.0
124.2,-59.95438918606509,0.0,-63.211575054867595,0.01719666460009374,-63.211575054867595,0.01719666460009374,-65.0,0.0,-65.0,0.0
124.30000000000001,-59.87961724013477,0.0,-63.2120891056801,0.016856147826313127,-63.2120891056801,0.016856147826313127,-65.0,0.0,-65.0,0.0
124.4,-59.8052191539341,0.0,-63.21276747328349,0.016522373736414672,-63.21276747328349,0.016522373736414672,-65.0,0.0,-65.0,0.0
124.5,-59.73119305816443,0.0,-63.21360603150892,0.016195208816312038,-63.21360603150892,0.016195208816312038,-65.0,0.0,-65.0,0.0
124.60000000000001,-59.6575370928736,0.0,-63.21460074025354,0.015874522195674926,-63.21460074025354,0.015874522195674926,-65.0,0.0,-65.0,0.0
124.7,-59.58424940740924,0.0,-63.21574764375448,0.015560185595579201,-63.21574764375448,0.015560185595579201,-65.0,0.0,-65.0,0.0
124.80000000000001,-59.511328160372194,0.0,-63.21704286889712,0.015252073277193617,-63.21704286889712,0.015252073277193617,-65.0,0.0,-65.0,0.0
124.9,-59.43877151957033,0.0,-63.21848262355689,0.014950061991482598,-63.21848262355689,0.014950061991482598,-65.0,0.0,-65.0,0.0
125.0,-59.36657766197248,0.0,-63.22006319497415,0.01465403092990499,-63.22006319497415,0.01465403092990499,-65.0,0.0,-65.0,0.0
125.10000000000001,-59.294744773662615,0.0,-63.22178094816124,0.014363861676089029,-63.22178094816124,0.014363861676089029,-65.0,0.0,-65.0,0.0
125.2,-59.2232710497943,0.0,-63.2236323243412,0.014079438158464212,-63.2236323243412,0.014079438158464212,-65.0,0.0,-65.0,0.0
125.30000000000001,-59.15215469454533,0.0,-63.22561383941758,0.013800646603831125,-63.22561383941758,0.013800646603831125,-65.0,0.0,-65.0,0.0
125.4,-59.0813939210726,0.0,-63.22772208247457,0.013527375491850646,-63.22772208247457,0.013527375491850646,-65.0,0.0,-65.0,0.0
125.5,-59.01098695146724,0.0,-63.22995371430698,0.01325951551043432,-63.22995371430698,0.01325951551043432,-65.0,0.0,-65.0,0.0
125.60000000000001,-58.9409320167099,0.0,-63.23230546597944,0.012996959512018064,-63.23230546597944,0.012996959512018064,-65.0,0.0,-65.0,0.0
125.7,-58.87122735662635,0.0,-63.23477413741419,0.01273960247070172,-63.23477413741419,0.01273960247070172,-65.0,0.0,-65.0,0.0
125.80000000000001,-58.801871219843214,0.0,-63.237356596007004,0.012487341440237287,-63.237356596007004,0.012487341440237287,-65.0,0.0,-65.0,0.0
125.9,-58.732861863744,0.0,-63.24004977527054,0.012240075512849054,-63.24004977527054,0.012240075512849054,-65.0,0.0,-65.0,0.0
126.0,-58.66419755442528,0.0,-63.242850673504755,0.011997705778869145,-63.242850673504755,0.011997705778869145,-65.0,0.0,-65.0,0.0
126.10000000000001,-58.59587656665315,0.0,-63.24575635249364,0.011760135287172327,-63.24575635249364,0.011760135287172327,-65.0,0.0,-65.0,0.0
126.2,-58.52789718381989,0.0,-63.24876393622798,0.011527269006394272,-63.24876393622798,0.011527269006394272,-65.0,0.0,-65.0,0.0
126.30000000000001,-58.460257697900786,0.0,-63.25187060965338,0.011299013786917745,-63.25187060965338,0.011299013786917745,-65.0,0.0,-65.0,0.0
126.4,-58.39295640941128,0.0,-63.25507361744331,0.01107527832361151,-63.25507361744331,0.01107527832361151,-65.0,0.0,-65.0,0.0
126.5,-58.325991627364225,0.0,-63.25837026279644,0.010855973119307066,-63.25837026279644,0.010855973119307066,-65.0,0.0,-65.0,0.0
126.60000000000001,-58.2593616692274,0.0,-63.261757906257955,0.010641010448998582,-63.261757906257955,0.010641010448998582,-65.0,0.0,-65.0,0.0
126.7,-58.193064860881265,0.0,-63.26523396456429,0.01043030432475173,-63.26523396456429,0.01043030432475173,-65.0,0.0,-65.0,0.0
126.80000000000001,-58.12709953657686,0.0,-63.268795909510814,0.010223770461307357,-63.268795909510814,0.010223770461307357,-65.0,0.0,-65.0,0.0
126.9,-58.06146403889397,0.0,-63.27244126684208,0.010021326242366265,-63.27244126684208,0.010021326242366265,-65.0,0.0,-65.0,0.0
127.0,-57.9961567186995,0.0,-63.2761676151641,0.009822890687541583,-63.2761676151641,0.009822890687541583,-65.0,0.0,-65.0,0.0
127.10000000000001,-57.931175935106005,0.0,-63.279972584878294,0.009628384419965542,-63.279972584878294,0.009628384419965542,-65.0,0.0,-65.0,0.0
127.2,-57.86652005543048,0.0,-63.283853857136634,0.009437729634537656,-63.283853857136634,0.009437729634537656,-65.0,0.0,-65.0,0.0
127.30000000000001,-57.80218745515332,0.0,-63.28780916281755,0.009250850066801658,-63.28780916281755,0.009250850066801658,-65.0,0.0,-65.0,0.0
127.4,-57.738176517877555,0.0,-63.291836281522244,0.009067670962438693,-63.291836281522244,0.009067670962438693,-65.0,0.0,-65.0,0.0
127.5,-57.674485635288164,0.0,-63.29593304059095,0.008888119047364595,-63.29593304059095,0.008888119047364595,-65.0,0.0,-65.0,0.0
127.60000000000001,-57.61111320711172,0.0,-63.30009731413879,0.008712122498419277,-63.30009731413879,0.008712122498419277,-65.0,0.0,-65.0,0.0
127.7,-57.54805764107616,0.0,-63.304327022110776,0.00853961091463651,-63.304327022110776,0.00853961091463651,-65.0,0.0,-65.0,0.0
127.80000000000001,-57.48531735287078,0.0,-63.30862012935568,0.008370515289082595,-63.30862012935568,0.008370515289082595,-65.0,0.0,-65.0,0.0
127.9,-57.42289076610643,0.0,-63.312974644718274,0.008204767981252671,-63.312974644718274,0.008204767981252671,-65.0,0.0,-65.0,0.0
128.0,-57.360776312275895,0.0,-63.31738862014968,0.008042302690013613,-63.31738862014968,0.008042302690013613,-65.0,0.0,-65.0,0.0
128.1,-57.298972430714514,0.0,-63.32186014983539,0.007883054427082693,-63.32186014983539,0.007883054427082693,-65.0,0.0,-65.0,0.0
128.20000000000002,-57.23747756856094,0.0,-63.326387369340694,0.007726959491031399,-63.326387369340694,0.007726959491031399,-65.0,0.0,-65.0,0.0
128.3,-57.176290180718134,0.0,-63.330968454773085,0.007573955441804018,-63.330968454773085,0.007573955441804018,-65.0,0.0,-65.0,0.0
128.4,-57.11540872981454,0.0,-63.33560162196135,0.007423981075740778,-63.33560162196135,0.007423981075740778,-65.0,0.0,-65.0,0.0
128.5,-57.054831686165464,0.0,-63.340285125651,0.007276976401095568,-63.340285125651,0.007276976401095568,-65.0,0.0,-65.0,0.0
128.6,-56.994557527734635,0.0,-63.34501725871573,0.007132882614038443,-63.34501725871573,0.007132882614038443,-65.0,0.0,-65.0,0.0
128.70000000000002,-56.934584740095964,0.0,-63.34979635138458,0.006991642075133302,-63.34979635138458,0.006991642075133302,-65.0,0.0,-65.0,0.0
128.8,-56.87491181639548,0.0,-63.35462077048452,0.0068531982862813515,-63.35462077048452,0.0068531982862813515,-65.0,0.0,-65.0,0.0
128.9,-56.8155372573135,0.0,-63.35948891869804,0.006717495868121109,-63.35948891869804,0.006717495868121109,-65.0,0.0,-65.0,0.0
129.0,-56.75645957102693,0.0,-63.36439923383561,0.006584480537875921,-63.36439923383561,0.006584480537875921,-65.0,0.0,-65.0,0.0
129.1,-56.6976772731718,0.0,-63.36935018812262,0.006454099087640128,-63.36935018812262,0.006454099087640128,-65.0,0.0,-65.0,0.0
129.20000000000002,-56.63918888680594,0.0,-63.37434028750046,0.006326299363095193,-63.37434028750046,0.006326299363095193,-65.0,0.0,-65.0,0.0
129.3,-56.58099294237191,0.0,-63.37936807094163,0.00620103024264728,-63.37936807094163,0.00620103024264728,-65.0,0.0,-65.0,0.0
129.4,-56.52308797766005,0.0,-63.38443210977843,0.00607824161697793,-63.38443210977843,0.00607824161697793,-65.0,0.0,-65.0,0.0
129.5,-56.465472537771745,0.0,-63.389531007045036,0.005957884368999674,-63.389531007045036,0.005957884368999674,-65.0,0.0,-65.0,0.0
129.6,-56.408145175082886,0.0,-63.394663396832705,0.005839910354208535,-63.394663396832705,0.005839910354208535,-65.0,0.0,-65.0,0.0
129.70000000000002,-56.35110444920747,0.0,-63.399827943657826,0.005724272381425589,-63.399827943657826,0.005724272381425589,-65.0,0.0,-65.0,0.0
129.8,-56.29434892696143,0.0,-63.40502334184258,0.005610924193919863,-63.40502334184258,0.005610924193919863,-65.0,0.0,-65.0,0.0
129.9,-56.23787718232663,0.0,-63.41024831490791,0.005499820450905024,-63.41024831490791,0.005499820450905024,-65.0,0.0,-65.0,0.0
130.0,-56.18168779641499,0.0,-63.41550161497867,0.0053909167094024655,-63.41550161497867,0.0053909167094024655,-65.0,0.0,-65.0,0.0
130.1,-56.12577935743292,0.0,-63.42078202220055,0.005284169406463516,-63.42078202220055,0.005284169406463516,-65.0,0.0,-65.0,0.0
130.20000000000002,-56.070150460645756,0.0,-63.426088344168676,0.0051795358417436824,-63.426088344168676,0.0051795358417436824,-65.0,0.0,-65.0,0.0
130.3,-56.01479970834253,0.0,-63.43141941536762,0.005076974160421945,-63.43141941536762,0.005076974160421945,-65.0,0.0,-65.0,0.0
130.4,-55.959725709800814,0.0,-63.43677409662256,0.004976443336458269,-63.43677409662256,0.004976443336458269,-65.0,0.0,-65.0,0.0
130.5,-55.90492708125181,0.0,-63.442151274561354,0.004877903156182637,-63.442151274561354,0.004877903156182637,-65.0,0.0,-65.0,0.0
130.6,-55.85040244584555,0.0,-63.447549861087445,0.004781314202209055,-63.447549861087445,0.004781314202209055,-65.0,0.0,-65.0,0.0
130.70000000000002,-55.796150433616326,0.0,-63.452968792863174,0.004686637837668063,-63.452968792863174,0.004686637837668063,-65.0,0.0,-65.0,0.0
130.8,-55.742169681448246,0.0,-63.458407030803485,0.004593836190751476,-63.458407030803485,0.004593836190751476,-65.0,0.0,-65.0,0.0
130.9,-55.688458833041004,0.0,-63.463863559579686,0.004502872139563155,-63.463863559579686,0.004502872139563155,-65.0,0.0,-65.0,0.0
131.0,-55.635016538875796,0.0,-63.46933738713315,0.004413709297269755,-63.46933738713315,0.004413709297269755,-65.0,0.0,-65.0,0.0
131.1,-55.581841456181415,0.0,-63.47482754419871,0.004326311997545505,-63.47482754419871,0.004326311997545505,-65.0,0.0,-65.0,0.0
131.20000000000002,-55.52893224890051,0.0,-63.480333083837564,0.004240645280305202,-63.480333083837564,0.004240645280305202,-65.0,0.0,-65.0,0.0
131.3,-55.47628758765601,0.0,-63.48585308097952,0.004156674877719712,-63.48585308097952,0.004156674877719712,-65.0,0.0,-65.0,0.0
131.4,-55.42390614971773,0.0,-63.491386631974365,0.0040743672005083805,-63.491386631974365,0.0040743672005083805,-65.0,0.0,-65.0,0.0
131.5,-55.37178661896914,0.0,-63.49693285415224,0.003993689324502873,-63.49693285415224,0.003993689324502873,-65.0,0.0,-65.0,0.0
131.6,-55.31992768587429,0.0,-63.50249088539274,0.003914608977477068,-63.50249088539274,0.003914608977477068,-65.0,0.0,-65.0,0.0
131.70000000000002,-55.26832804744492,0.0,-63.50805988370266,0.0038370945262377358,-63.50805988370266,0.0038370945262377358,-65.0,0.0,-65.0,0.0
131.8,-55.21698640720769,0.0,-63.51363902680216,0.0037611149639708414,-63.51363902680216,0.0037611149639708414,-65.0,0.0,-65.0,0.0
131.9,-55.16590147517165,0.0,-63.51922751171923,0.0036866398978384033,-63.51922751171923,0.0036866398978384033,-65.0,0.0,-65.0,0.0
132.0,-55.11507196779579,0.0,-63.524824554392225,0.0036136395368209545,-63.524824554392225,0.0036136395368209545,-65.0,0.0,-65.0,0.0
132.1,-55.06449660795681,0.0,-63.530429389280364,0.003542084679800737,-63.530429389280364,0.003542084679800737,-65.0,0.0,-65.0,0.0
132.20000000000002,-55.01417412491703,0.0,-63.536041268982025,0.0034719467038808655,-63.536041268982025,0.0034719467038808655,-65.0,0.0,-65.0,0.0
132.3,-54.96410325429244,0.0,-63.54165946386065,0.0034031975529357863,-63.54165946386065,0.0034031975529357863,-65.0,0.0,-65.0,0.0
132.4,-54.91428273802098,0.0,-63.547283261678146,0.0033358097263884536,-63.547283261678146,0.0033358097263884536,-65.0,0.0,-65.0,0.0
132.5,-54.86471132433088,0.0,-63.55291196723565,0.0032697562682097326,-63.55291196723565,0.0032697562682097326,-65.0,0.0,-65.0,0.0
132.6,-54.815387767709225,0.0,-63.5585449020214,0.003205010756135627,-63.5585449020214,0.003205010756135627,-65.0,0.0,-65.0,0.0
132.70000000000002,-54.76631082887068,0.0,-63.564181403865746,0.003141547291098022,-63.564181403865746,0.003141547291098022,-65.0,0.0,-65.0,0.0
132.8,-54.71747927472632,0.0,-63.569820826602985,0.003079340486864712,-63.569820826602985,0.003079340486864712,-65.0,0.0,-65.0,0.0
132.9,-54.66889187835269,0.0,-63.57546253974003,0.0030183654598845686,-63.57546253974003,0.0030183654598845686,-65.0,0.0,-65.0,0.0
133.0,-54.620547418960925,0.0,-63.58110592813166,0.002958597819333788,-63.58110592813166,0.002958597819333788,-65.0,0.0,-65.0,0.0
133.1,-54.57244468186612,0.0,-63.58675039166233,0.0029000136573592386,-63.58675039166233,0.0029000136573592386,-65.0,0.0,-65.0,0.0
133.20000000000002,-54.52458245845679,0.0,-63.59239534493426,0.002842589539514997,-63.59239534493426,0.002842589539514997,-65.0,0.0,-65.0,0.0
133.3,-54.47695954616451,0.0,-63.5980402169619,0.0027863024953882604,-63.5980402169619,0.0027863024953882604,-65.0,0.0,-65.0,0.0
133.4,-54.42957474843369,0.0,-63.603684450872386,0.0027311300094108744,-63.603684450872386,0.0027311300094108744,-65.0,0.0,-65.0,0.0
133.5,-54.38242687469152,0.0,-63.6093275036121,0.002677050011852805,-63.6093275036121,0.002677050011852805,-65.0,0.0,-65.0,0.0
133.6,-54.33551474031806,0.0,-63.61496884565904,0.002624040869993953,-63.61496884565904,0.002624040869993953,-65.0,0.0,-65.0,0.0
133.70000000000002,-54.28883716661647,0.0,-63.62060796074101,0.0025720813794707763,-63.62060796074101,0.0025720813794707763,-65.0,0.0,-65.0,0.0
133.8,-54.242392980783386,0.0,-63.62624434555941,0.0025211507557942638,-63.62624434555941,0.0025211507557942638,-65.0,0.0,-65.0,0.0
133.9,-54.19618101587947,0.0,-63.63187750951859,0.0024712286260358605,-63.63187750951859,0.0024712286260358605,-65.0,0.0,-65.0,0.0
134.0,-54.15020011080007,0.0,-63.637506974460656,0.0024222950206780262,-63.637506974460656,0.0024222950206780262,-65.0,0.0,-65.0,0.0
134.1,-54.10444911024607,0.0,-63.64313227440554,0.0023743303656261604,-63.64313227440554,0.0023743303656261604,-65.0,0.0,-65.0,0.0
134.20000000000002,-54.05892686469484,0.0,-63.648752955296324,0.0023273154743787055,-63.648752955296324,0.0023273154743787055,-65.0,0.0,-65.0,0.0
134.3,-54.013632230371364,0.0,-63.65436857474967,0.002281231540352289,-63.65436857474967,0.002281231540352289,-65.0,0.0,-65.0,0.0
134.4,-53.96856406921951,0.0,-63.65997870181124,0.0022360601293588394,-63.65997870181124,0.0022360601293588394,-65.0,0.0,-65.0,0.0
134.5,-53.92372124887341,0.0,-63.66558291671607,0.002191783172231666,-63.66558291671607,0.002191783172231666,-65.0,0.0,-65.0,0.0
134.6,-53.87910264262904,0.0,-63.67118081065369,0.0021483829575975506,-63.67118081065369,0.0021483829575975506,-65.0,0.0,-65.0,0.0
134.70000000000002,-53.8347071294159,0.0,-63.676771985538025,0.002105842124791962,-63.676771985538025,0.002105842124791962,-65.0,0.0,-65.0,0.0
134.8,-53.790533593768814,0.0,-63.68235605378188,0.0020641436569145597,-63.68235605378188,0.0020641436569145597,-65.0,0.0,-65.0,0.0
134.9,-53.74658092579997,0.0,-63.687932638075964,0.0020232708740222055,-63.687932638075964,0.0020232708740222055,-65.0,0.0,-65.0,0.0
135.0,-53.702848021170965,0.0,-63.69350137117235,0.001983207426456765,-63.69350137117235,0.001983207426456765,-65.0,0.0,-65.0,0.0
135.1,-53.65933378106511,0.0,-63.69906189567234,0.0019439372883050257,-63.69906189567234,0.0019439372883050257,-65.0,0.0,-65.0,0.0
135.20000000000002,-53.61603711215978,0.0,-63.70461386381848,0.0019054447509881175,-63.70461386381848,0.0019054447509881175,-65.0,0.0,-65.0,0.0
135.3,-53.572956926598984,0.0,-63.7101569372909,0.0018677144169778734,-63.7101569372909,0.0018677144169778734,-65.0,0.0,-65.0,0.0
135.4,-53.53009214196599,0.0,-63.715690787007624,0.0018307311936376113,-63.715690787007624,0.0018307311936376113,-65.0,0.0,-65.0,0.0
135.5,-53.48744168125616,0.0,-63.72121509292899,0.0017944802871848792,-63.72121509292899,0.0017944802871848792,-65.0,0.0,-65.0,0.0
135.6,-53.445004472849874,0.0,-63.726729543865964,0.0017589471967737436,-63.726729543865964,0.0017589471967737436,-65.0,0.0,-65.0,0.0
135.70000000000002,-53.402779450485625,0.0,-63.732233837292284,0.0017241177086942596,-63.732233837292284,0.0017241177086942596,-65.0,0.0,-65.0,0.0
135.8,-53.36076555323319,0.0,-63.73772767916048,0.0016899778906867959,-63.73772767916048,0.0016899778906867959,-65.0,0.0,-65.0,0.0
135.9,-53.31896172546703,0.0,-63.743210783721494,0.001656514086368946,-63.743210783721494,0.001656514086368946,-65.0,0.0,-65.0,0.0
136.0,-53.27736691683969,0.0,-63.748682873348,0.0016237129097727927,-63.748682873348,0.0016237129097727927,-65.0,0.0,-65.0,0.0
136.1,-53.23598008225549,0.0,-63.75414367836127,0.0015915612399903427,-63.75414367836127,0.0015915612399903427,-65.0,0.0,-65.0,0.0
136.20000000000002,-53.19480018184421,0.0,-63.759592936861495,0.0015600462159249882,-63.759592936861495,0.0015600462159249882,-65.0,0.0,-65.0,0.0
136.3,-53.153826180934985,0.0,-63.76503039456161,0.0015291552311468973,-63.76503039456161,0.0015291552311468973,-65.0,0.0,-65.0,0.0
136.4,-53.11305705003031,0.0,-63.77045580462438,0.0014988759288502734,-63.77045580462438,0.0014988759288502734,-65.0,0.0,-65.0,0.0
136.5,-53.07249176478015,0.0,-63.775868927502806,0.0014691961969104685,-63.775868927502806,0.0014691961969104685,-65.0,0.0,-65.0,0.0
136.6,-53.03212930595625,0.0,-63.781269530783774,0.0014401041630389716,-63.781269530783774,0.0014401041630389716,-65.0,0.0,-65.0,0.0
136.70000000000002,-52.99196865942647,0.0,-63.786657389034836,0.0014115881900343351,-63.786657389034836,0.0014115881900343351,-65.0,0.0,-65.0,0.0
136.8,-52.952008816129336,0.0,-63.7920322836541,0.0013836368711271391,-63.7920322836541,0.0013836368711271391,-65.0,0.0,-65.0,0.0
136.9,-52.91224877204869,0.0,-63.797394002723124,0.0013562390254171317,-63.797394002723124,0.0013562390254171317,-65.0,0.0,-65.0,0.0
137.0,-52.87268752818845,0.0,-63.80274234086281,0.0013293836934007192,-63.80274234086281,0.0013293836934007192,-65.0,0.0,-65.0,0.0
137.1,-52.83332409054751,0.0,-63.8080770990922,0.0013030601325870193,-63.8080770990922,0.0013030601325870193,-65.0,0.0,-65.0,0.0
137.20000000000002,-52.79415747009477,0.0,-63.81339808469014,0.001277257813200721,-63.81339808469014,0.001277257813200721,-65.0,0.0,-65.0,0.0
137.3,-52.755186682744295,0.0,-63.81870511105971,0.001251966413970034,-63.81870511105971,0.001251966413970034,-65.0,0.0,-65.0,0.0
137.4,-52.71641074933057,0.0,-63.823997997595406,0.0012271758179980433,-63.823997997595406,0.0012271758179980433,-65.0,0.0,-65.0,0.0
137.5,-52.67782869558392,0.0,-63.82927656955307,0.0012028761087158142,-63.82927656955307,0.0012028761087158142,-65.0,0.0,-65.0,0.0
137.6,-52.639439552106,0.0,-63.83454065792235,0.0011790575659156334,-63.83454065792235,0.0011790575659156334,-65.0,0.0,-65.0,0.0
137.70000000000002,-52.601242354345466,0.0,-63.83979009930181,0.001155710661862796,-63.83979009930181,0.001155710661862796,-65.0,0.0,-65.0,0.0
137.8,-52.563236142573736,0.0,-63.845024735776555,0.0011328260574843846,-63.845024735776555,0.0011328260574843846,-65.0,0.0,-65.0,0.0
137.9,-52.52541996186087,0.0,-63.850244414798354,0.0011103945986335158,-63.850244414798354,0.0011103945986335158,-65.0,0.0,-65.0,0.0
138.0,-52.48779286205156,0.0,-63.85544898906815,0.001088407312427559,-63.85544898906815,0.001088407312427559,-65.0,0.0,-65.0,0.0
138.1,-52.45035389774131,0.0,-63.86063831642098,0.0010668554036588644,-63.86063831642098,0.0010668554036588644,-65.0,0.0,-65.0,0.0
138.20000000000002,-52.4131021282526,0.0,-63.86581225971324,0.0010457302512765618,-63.86581225971324,0.0010457302512765618,-65.0,0.0,-65.0,0.0
138.3,-52.37603661761134,0.0,-63.870970686712205,0.0010250234049380257,-63.870970686712205,0.0010250234049380257,-65.0,0.0,-65.0,0.0
138.4,-52.33915643452328,0.0,-63.87611346998783,0.0010047265816286257,-63.87611346998783,0.0010047265816286257,-65.0,0.0,-65.0,0.0
138.5,-52.30246065235067,0.0,-63.88124048680672,0.0009848316623484103,-63.88124048680672,0.0009848316623484103,-65.0,0.0,-65.0,0.0
138.6,-52.265948349088916,0.0,-63.886351619028254,0.0009653306888643982,-63.886351619028254,0.0009653306888643982,-65.0,0.0,-65.0,0.0
138.70000000000002,-52.22961860734347,0.0,-63.891446753002846,0.0009462158605271792,-63.891446753002846,0.0009462158605271792,-65.0,0.0,-65.0,0.0
138.8,-52.19347051430675,0.0,-63.896525779472256,0.0009274795311505508,-63.896525779472256,0.0009274795311505508,-65.0,0.0,-65.0,0.0
138.9,-52.15750316173522,0.0,-63.90158859347192,0.0009091142059529413,-63.90158859347192,0.0009091142059529413,-65.0,0.0,-65.0,0.0
139.0,-52.12171564592654,0.0,-63.906635094235284,0.0008911125385593973,-63.906635094235284,0.0008911125385593973,-65.0,0.0,-65.0,0.0
139.1,-52.08610706769691,0.0,-63.91166518510008,0.000873467328062936,-63.91166518510008,0.000873467328062936,-65.0,0.0,-65.0,0.0
139.20000000000002,-52.05067653235842,0.0,-63.91667877341651,0.0008561715161440862,-63.91667877341651,0.0008561715161440862,-65.0,0.0,-65.0,0.0
139.3,-52.01542314969663,0.0,-63.9216757704573,0.0008392181842474665,-63.9216757704573,0.0008392181842474665,-65.0,0.0,-65.0,0.0
139.4,-51.980346033948145,0.0,-63.926656091329605,0.0008226005508142708,-63.926656091329605,0.0008226005508142708,-65.0,0.0,-65.0,0.0
139.5,-51.9454443037784,0.0,-63.93161965488867,0.0008063119685695543,-63.93161965488867,0.0008063119685695543,-65.0,0.0,-65.0,0.0
139.6,-51.91071708225951,0.0,-63.93656638365329,0.0007903459218632353,-63.93656638365329,0.0007903459218632353,-65.0,0.0,-65.0,0.0
139.70000000000002,-51.876163496848214,0.0,-63.94149620372299,0.0007746960240637477,-63.94149620372299,0.0007746960240637477,-65.0,0.0,-65.0,0.0
139.8,-51.84178267936397,0.0,-63.94640904469687,0.0007593560150033036,-63.94640904469687,0.0007593560150033036,-65.0,0.0,-65.0,0.0
139.9,-51.807573765967156,0.0,-63.95130483959415,0.0007443197584737427,-63.95130483959415,0.0007443197584737427,-65.0,0.0,-65.0,0.0
140.0,-51.77353589713732,0.0,-63.95618352477629,0.0007295812397719671,-63.95618352477629,0.0007295812397719671,-65.0,0.0,-65.0,0.0
140.1,-51.739668217651634,0.0,-63.96104503987076,0.0007151345632939799,-63.96104503987076,0.0007151345632939799,-65.0,0.0,-65.0,0.0
140.20000000000002,-51.70596987656337,0.0,-63.96588932769632,0.0007009739501765648,-63.96588932769632,0.0007009739501765648,-65.0,0.0,-65.0,0.0
140.3,-51.672440027180556,0.0,-63.970716334189845,0.0006870937359856644,-63.970716334189845,0.0006870937359856644,-65.0,0.0,-65.0,0.0
140.4,-51.63907782704465,0.0,-63.97552600833467,0.0006734883684505302,-63.97552600833467,0.0006734883684505302,-65.0,0.0,-65.0,0.0
140.5,-51.60588243790943,0.0,-63.980318302090375,0.0006601524052427408,-63.980318302090375,0.0006601524052427408,-65.0,0.0,-65.0,0.0
140.6,-51.57285302571988,0.0,-63.98509317032402,0.000647080511799198,-63.98509317032402,0.000647080511799198,-65.0,0.0,-65.0,0.0
140.70000000000002,-51.53998876059128,0.0,-63.9898505707428,0.0006342674591882301,-63.9898505707428,0.0006342674591882301,-65.0,0.0,-65.0,0.0
140.8,-51.507288816788325,0.0,-63.99459046382808,0.0006217081220179497,-63.99459046382808,0.0006217081220179497,-65.0,0.0,-65.0,0.0
140.9,-51.47475237270438,0.0,-63.99931281277075,0.0006093974763860286,-63.99931281277075,0.0006093974763860286,-65.0,0.0,-65.0,0.0
141.0,-51.442378610840855,0.0,-64.00401758340796,0.0005973305978700699,-64.00401758340796,0.0005973305978700699,-65.0,0.0,-65.0,0.0
141.1,-51.41016671778665,0.0,-64.00870474416114,0.0005855026595577735,-64.00870474416114,0.0005855026595577735,-65.0,0.0,-65.0,0.0
141.20000000000002,-51.37811588419772,0.0,-64.01337426597527,0.0005739089301161063,-64.01337426597527,0.0005739089301161063,-65.0,0.0,-65.0,0.0
141.3,-51.34622530477673,0.0,-64.01802612225944,0.0005625447718987067,-64.01802612225944,0.0005625447718987067,-65.0,0.0,-65.0,0.0
141.4,-51.31449417825284,0.0,-64.0226602888286,0.0005514056390907636,-64.0226602888286,0.0005514056390907636,-65.0,0.0,-65.0,0.0
141.5,-51.28292170736158,0.0,-64.02727674384651,0.00054048707589063,-64.02727674384651,0.00054048707589063,-65.0,0.0,-65.0,0.0
141.6,-51.251507098824774,0.0,-64.03187546776992,0.0005297847147274431,-64.03187546776992,0.0005297847147274431,-65.0,0.0,-65.0,0.0
141.70000000000002,-51.22024956333065,0.0,-64.03645644329382,0.0005192942745140375,-64.03645644329382,0.0005192942745140375,-65.0,0.0,-65.0,0.0
141.8,-51.189148315514,0.0,-64.04101965529787,0.0005090115589344535,-64.04101965529787,0.0005090115589344535,-65.0,0.0,-65.0,0.0
141.9,-51.15820257393643,0.0,-64.045565090794,0.0004989324547653546,-64.045565090794,0.0004989324547653546,-65.0,0.0,-65.0,0.0
142.0,-51.127411561066744,0.0,-64.05009273887491,0.0004890529302306833,-64.05009273887491,0.0004890529302306833,-65.0,0.0,-65.0,0.0
142.1,-51.09677450326141,0.0,-64.05460259066383,0.0004793690333888969,-64.05460259066383,0.0004793690333888969,-65.0,0.0,-65.0,0.0
142.20000000000002,-51.0662906307451,0.0,-64.05909463926524,0.0004698768905521384,-64.05909463926524,0.0004698768905521384,-65.0,0.0,-65.0,0.0
142.3,-51.03595917759137,0.0,-64.06356887971654,0.0004605727047367095,-64.06356887971654,0.0004605727047367095,-65.0,0.0,-65.0,0.0
142.4,-51.00577938170341,0.0,-64.06802530894089,0.00045145275414422653,-64.06802530894089,0.00045145275414422653,-65.0,0.0,-65.0,0.0
142.5,-50.975750484794894,0.0,-64.07246392570084,0.0004425133906728516,-64.07246392570084,0.0004425133906728516,-65.0,0.0,-65.0,0.0
142.6,-50.94587173237092,0.0,-64.07688473055312,0.000433751038458003,-64.07688473055312,0.000433751038458003,-65.0,0.0,-65.0,0.0
142.70000000000002,-50.916142373709064,0.0,-64.08128772580413,0.0004251621924419619,-64.08128772580413,0.0004251621924419619,-65.0,0.0,-65.0,0.0
142.8,-50.88656166184052,0.0,-64.08567291546663,0.00041674341697180243,-64.08567291546663,0.00041674341697180243,-65.0,0.0,-65.0,0.0
142.9,-50.857128853531314,0.0,-64.09004030521709,0.0004084913444250847,-64.09004030521709,0.0004084913444250847,-65.0,0.0,-65.0,0.0
143.0,-50.827843209263655,0.0,-64.09438990235407,0.0004004026738627608,-64.09438990235407,0.0004004026738627608,-65.0,0.0,-65.0,0.0
143.1,-50.79870399321734,0.0,-64.09872171575743,0.00039247416970875554,-64.09872171575743,0.00039247416970875554,-65.0,0.0,-65.0,0.0
143.20000000000002,-50.76971047325125,0.0,-64.10303575584842,0.0003847026604556925,-64.10303575584842,0.0003847026604556925,-65.0,0.0,-65.0,0.0
143.3,-50.740861920884996,0.0,-64.10733203455048,0.0003770850373962489,-64.10733203455048,0.0003770850373962489,-65.0,0.0,-65.0,0.0
143.4,-50.712157611280574,0.0,-64.11161056525104,0.00036961825337963135,-64.11161056525104,0.00036961825337963135,-65.0,0.0,-65.0,0.0
143.5,-50.68359682322417,0.0,-64.11587136276398,0.00036229932159267475,-64.11587136276398,0.00036229932159267475,-65.0,0.0,-65.0,0.0
143.6,-50.65517883910805,0.0,-64.12011444329298,0.00035512531436507724,-64.12011444329298,0.00035512531436507724,-65.0,0.0,-65.0,0.0
143.70000000000002,-50.626902944912516,0.0,-64.1243398243955,0.0003480933619982931,-64.1243398243955,0.0003480933619982931,-65.0,0.0,-65.0,0.0
143.8,-50.59876843018795,0.0,-64.12854752494772,0.000341200651617615,-64.12854752494772,0.000341200651617615,-65.0,0.0,-65.0,0.0
143.9,-50.57077458803701,0.0,-64.13273756510996,0.00033444442604698663,-64.13273756510996,0.00033444442604698663,-65.0,0.0,-65.0,0.0
144.0,-50.54292071509683,0.0,-64.13690996629306,0.00032782198270609554,-64.13690996629306,0.00032782198270609554,-65.0,0.0,-65.0,0.0
144.1,-50.515206111521344,0.0,-64.14106475112533,0.0003213306725293049,-64.14106475112533,0.0003213306725293049,-65.0,0.0,-65.0,0.0
144.20000000000002,-50.48763008096374,0.0,-64.14520194342025,0.0003149678989059921,-64.14520194342025,0.0003149678989059921,-65.0,0.0,-65.0,0.0
144.3,-50.46019193055892,0.0,-64.14932156814483,0.0003087311166418697,-64.14932156814483,0.0003087311166418697,-65.0,0.0,-65.0,0.0
144.4,-50.43289097090613,0.0,-64.15342365138864,0.00030261783094087376,-64.15342365138864,0.00030261783094087376,-65.0,0.0,-65.0,0.0
144.5,-50.4057265160516,0.0,-64.15750822033348,0.0002966255964072124,-64.15750822033348,0.0002966255964072124,-65.0,0.0,-65.0,0.0
144.6,-50.37869788347135,0.0,-64.16157530322378,0.00029075201606717463,-64.16157530322378,0.00029075201606717463,-65.0,0.0,-65.0,0.0
144.70000000000002,-50.35180439405399,0.0,-64.16562492933745,0.00028499474041030897,-64.16562492933745,0.00028499474041030897,-65.0,0.0,-65.0,0.0
144.8,-50.32504537208372,0.0,-64.16965712895754,0.00027935146644958794,-64.16965712895754,0.00027935146644958794,-65.0,0.0,-65.0,0.0
144.9,-50.298420145223304,0.0,-64.17367193334435,0.00027381993680018264,-64.17367193334435,0.00027381993680018264,-65.0,0.0,-65.0,0.0
145.0,-50.27192804449719,0.0,-64.17766937470824,0.00026839793877647856,-64.17766937470824,0.00026839793877647856,-65.0,0.0,-65.0,0.0
145.1,-50.2455684042747,0.0,-64.18164948618295,0.000263083303506972,-64.18164948618295,0.000263083303506972,-65.0,0.0,-65.0,0.0
145.20000000000002,-50.21934056225333,0.0,-64.1856123017995,0.00025787390506669237,-64.1856123017995,0.00025787390506669237,-65.0,0.0,-65.0,0.0
145.3,-50.19324385944206,0.0,-64.18955785646068,0.000252767659626804,-64.18955785646068,0.000252767659626804,-65.0,0.0,-65.0,0.0
145.4,-50.16727764014485,0.0,-64.19348618591607,0.00024776252462104675,-64.19348618591607,0.00024776252462104675,-65.0,0.0,-65.0,0.0
145.5,-50.14144125194413,0.0,-64.19739732673753,0.00024285649792868232,-64.19739732673753,0.00024285649792868232,-65.0,0.0,-65.0,0.0
145.6,-50.11573404568441,0.0,-64.20129131629531,0.00023804761707361916,-64.20129131629531,0.00023804761707361916,-65.0,0.0,-65.0,0.0
145.70000000000002,-50.09015537545599,0.0,-64.20516819273462,0.000233333958439396,-64.20516819273462,0.000233333958439396,-65.0,0.0,-65.0,0.0
145.8,-50.064704598578714,0.0,-64.20902799495269,0.00022871363649970954,-64.20902799495269,0.00022871363649970954,-65.0,0.0,-65.0,0.0
145.9,-50.03938107558582,0.0,-64.2128707625764,0.00022418480306417876,-64.2128707625764,0.00022418480306417876,-65.0,0.0,-65.0,0.0
146.0,-50.01418417020789,0.0,-64.21669653594024,0.00021974564653904423,-64.21669653594024,0.00021974564653904423,-65.0,0.0,-65.0,0.0
146.1,-65.0,0.0,-64.18050535606494,0.08021539439120251,-64.18050535606494,0.08021539439120251,-65.0,0.0,-65.0,0.0
146.20000000000002,-65.0,0.0,-64.1452893177041,0.07862702316103484,-64.1452893177041,0.07862702316103484,-65.0,0.0,-65.0,0.0
146.3,-65.0,0.0,-64.11102781922132,0.07707010378850587,-64.11102781922132,0.07707010378850587,-65.0,0.0,-65.0,0.0
146.4,-65.0,0.0,-64.07770067338267,0.07554401348510739,-64.07770067338267,0.07554401348510739,-65.0,0.0,-65.0,0.0
146.5,-65.0,0.0,-64.04528809911857,0.07404814179436989,-64.04528809911857,0.07404814179436989,-65.0,0.0,-65.0,0.0
146.6,-65.0,0.0,-64.01377071344913,0.07258189034767186,-64.01377071344913,0.07258189034767186,-65.0,0.0,-65.0,0.0
146.70000000000002,-65.0,0.0,-63.983129523569445,0.07114467262488434,-63.983129523569445,0.07114467262488434,-65.0,0.0,-65.0,0.0
146.8,-65.0,0.0,-63.953345919091724,0.06973591371975506,-63.953345919091724,0.06973591371975506,-65.0,0.0,-65.0,0.0
146.9,-65.0,0.0,-63.9244016644413,0.06835505010993825,-63.9244016644413,0.06835505010993825,-65.0,0.0,-65.0,0.0
147.0,-65.0,0.0,-63.896278891403306,0.06700152943157825,-63.896278891403306,0.06700152943157825,-65.0,0.0,-65.0,0.0
147.1,-65.0,0.0,-63.86896009181711,0.06567481025835652,-63.86896009181711,0.06567481025835652,-65.0,0.0,-65.0,0.0
147.20000000000002,-65.0,0.0,-63.84242811041557,0.06437436188491394,-63.84242811041557,0.06437436188491394,-65.0,0.0,-65.0,0.0
147.3,-65.0,0.0,-63.81666613780621,0.0630996641145616,-63.81666613780621,0.0630996641145616,-65.0,0.0,-65.0,0.0
147.4,-65.0,0.0,-63.79165770359158,0.06185020705119515,-63.79165770359158,0.06185020705119515,-65.0,0.0,-65.0,0.0
147.5,-65.0,0.0,-63.76738666962596,0.060625490895329606,-63.76738666962596,0.060625490895329606,-65.0,0.0,-65.0,0.0
147.6,-65.0,0.0,-63.74383722340574,0.05942502574417285,-63.74383722340574,0.05942502574417285,-65.0,0.0,-65.0,0.0
147.70000000000002,-65.0,0.0,-63.720993871590885,0.058248331395658,-63.720993871590885,0.058248331395658,-65.0,0.0,-65.0,0.0
147.8,-65.0,0.0,-63.69884143365475,0.05709493715635619,-63.69884143365475,0.05709493715635619,-65.0,0.0,-65.0,0.0
147.9,-65.0,0.0,-63.67736503565988,0.0559643816531929,-63.67736503565988,0.0559643816531929,-65.0,0.0,-65.0,0.0
148.0,-65.0,0.0,-63.656550104157134,0.0548562126488926,-63.656550104157134,0.0548562126488926,-65.0,0.0,-65.0,0.0
148.1,-64.9,0.0,-63.63638236020581,0.05376998686107777,-63.63638236020581,0.05376998686107777,-65.0,0.0,-65.0,0.0
148.20000000000002,-64.8005,0.0,-63.6168478135123,0.05270526978495009,-63.6168478135123,0.05270526978495009,-65.0,0.0,-65.0,0.0
148.3,-64.7014975,0.0,-63.597932756685,0.05166163551948269,-63.597932756685,0.05166163551948269,-65.0,0.0,-65.0,0.0
148.4,-64.6029900125,0.0,-63.579623759603045,0.05063866659705408,-63.579623759603045,0.05063866659705408,-65.0,0.0,-65.0,0.0
148.5,-64.5049750624375,0.0,-63.561907663896804,0.04963595381645551,-63.561907663896804,0.04963595381645551,-65.0,0.0,-65.0,0.0
148.6,-64.4074501871253,0.0,-63.544771577537716,0.048653096079205066,-63.544771577537716,0.048653096079205066,-65.0,0.0,-65.0,0.0
148.70000000000002,-64.31041293618968,0.0,-63.52820286953548,0.0476897002291029,-63.52820286953548,0.0476897002291029,-65.0,0.0,-65.0,0.0
148.8,-64.21386087150873,0.0,-63.51218916474032,0.04674538089496352,-63.51218916474032,0.04674538089496352,-65.0,0.0,-65.0,0.0
148.9,-64.11779156715119,0.0,-63.49671833874839,0.045819760336462186,-63.49671833874839,0.045819760336462186,-65.0,0.0,-65.0,0.0
149.0,-64.02220260931543,0.0,-63.48177851290813,0.04491246829303372,-63.48177851290813,0.04491246829303372,-65.0,0.0,-65.0,0.0
149.1,-63.92709159626885,0.0,-63.467358049425705,0.04402314183576336,-63.467358049425705,0.04402314183576336,-65.0,0.0,-65.0,0.0
149.20000000000002,-63.832456138287505,0.0,-63.45344554656747,0.04315142522221036,-63.45344554656747,0.04315142522221036,-65.0,0.0,-65.0,0.0
149.3,-63.73829385759607,0.0,-63.44002983395758,0.04229696975410625,-63.44002983395758,0.04229696975410625,-65.0,0.0,-65.0,0.0
149.4,-63.64460238830809,0.0,-63.42709996796886,0.041459433637870906,-63.42709996796886,0.041459433637870906,-65.0,0.0,-65.0,0.0
149.5,-63.55137937636655,0.0,-63.41464522720507,0.040638481847890526,-63.41464522720507,0.040638481847890526,-65.0,0.0,-65.0,0.0
149.6,-63.45862247948472,0.0,-63.40265510807279,0.03983378599250295,-63.40265510807279,0.03983378599250295,-65.0,0.0,-65.0,0.0
149.70000000000002,-63.366329367087296,0.0,-63.39111932044111,0.039045024182636605,-63.39111932044111,0.039045024182636605,-65.0,0.0,-65.0,0.0
149.8,-63.27449772025186,0.0,-63.38002778338738,0.03827188090305057,-63.38002778338738,0.03827188090305057,-65.0,0.0,-65.0,0.0
149.9,-63.1831252316506,0.0,-63.369370621027386,0.037514046886124315,-63.369370621027386,0.037514046886124315,-65.0,0.0,-65.0,0.0
150.0,-63.09220960549235,0.0,-63.35913815842817,0.03677121898814647,-63.35913815842817,0.03677121898814647,-65.0,0.0,-65.0,0.0
150.1,-63.001748557464886,0.0,-63.34932091760201,0.036043100068053335,-63.34932091760201,0.036043100068053335,-65.0,0.0,-65.0,0.0
150.20000000000002,-62.91173981467756,0.0,-63.339909613579714,0.0353293988685685,-63.339909613579714,0.0353293988685685,-65.0,0.0,-65.0,0.0
150.3,-62.822181115604174,0.0,-63.330895150561965,0.03462982989969603,-63.330895150561965,0.03462982989969603,-65.0,0.0,-65.0,0.0
150.4,-62.733070210026156,0.0,-63.32226861814689,0.03394411332452065,-63.32226861814689,0.03394411332452065,-65.0,0.0,-65.0,0.0
150.5,-62.644404858976024,0.0,-63.31402128763252,0.0332719748472693,-63.31402128763252,0.0332719748472693,-65.0,0.0,-65.0,0.0
150.6,-62.556182834681145,0.0,-63.306144608392565,0.0326131456035891,-63.306144608392565,0.0326131456035891,-65.0,0.0,-65.0,0.0
150.70000000000002,-62.46840192050774,0.0,-63.298630204324105,0.03196736205299807,-63.298630204324105,0.03196736205299807,-65.0,0.0,-65.0,0.0
150.8,-62.3810599109052,0.0,-63.29146987036575,0.03133436587346542,-63.29146987036575,0.03133436587346542,-65.0,0.0,-65.0,0.0
150.9,-62.29415461135068,0.0,-63.28465556908488,0.03071390385807927,-63.28465556908488,0.03071390385807927,-65.0,0.0,-65.0,0.0
151.0,-62.207683838293924,0.0,-63.27817942733258,0.030105727813760533,-63.27817942733258,0.030105727813760533,-65.0,0.0,-65.0,0.0
151.1,-62.12164541910246,0.0,-63.27203373296493,0.029509594461982355,-63.27203373296493,0.029509594461982355,-65.0,0.0,-65.0,0.0
151.20000000000002,-62.036037192006944,0.0,-63.266210931629374,0.028925265341455477,-63.266210931629374,0.028925265341455477,-65.0,0.0,-65.0,0.0
151.3,-61.95085700604691,0.0,-63.26070362361486,0.02835250671274053,-63.26070362361486,0.02835250671274053,-65.0,0.0,-65.0,0.0
151.4,-61.866102721016674,0.0,-63.25550456076441,0.02779108946474914,-63.25550456076441,0.02779108946474914,-65.0,0.0,-65.0,0.0
151.5,-61.78177220741159,0.0,-63.25060664344904,0.02724078902309645,-63.25060664344904,0.02724078902309645,-65.0,0.0,-65.0,0.0
151.6,-61.69786334637453,0.0,-63.24600291760166,0.02670138526026836,-63.24600291760166,0.02670138526026836,-65.0,0.0,-65.0,0.0
151.70000000000002,-61.61437402964266,0.0,-63.241686571809865,0.026172662407567597,-63.241686571809865,0.026172662407567597,-65.0,0.0,-65.0,0.0
151.8,-61.53130215949445,0.0,-63.237650934466416,0.025654408968803347,-63.237650934466416,0.025654408968803347,-65.0,0.0,-65.0,0.0
151.9,-61.44864564869698,0.0,-63.23388947097624,0.025146417635689963,-63.23388947097624,0.025146417635689963,-65.0,0.0,-65.0,0.0
152.0,-61.3664024204535,0.0,-63.2303957810189,0.024648485204920894,-63.2303957810189,0.024648485204920894,-65.0,0.0,-65.0,0.0
152.1,-61.28457040835123,0.0,-63.22716359586536,0.024160412496884647,-63.22716359586536,0.024160412496884647,-65.0,0.0,-65.0,0.0
152.20000000000002,-61.203147556309474,0.0,-63.22418677574804,0.023682004275990282,-63.22418677574804,0.023682004275990282,-65.0,0.0,-65.0,0.0
152.3,-61.122131818527926,0.0,-63.22145930728301,0.02321306917257058,-63.22145930728301,0.02321306917257058,-65.0,0.0,-65.0,0.0
152.4,-61.041521159435284,0.0,-63.218975300943434,0.02275341960633162,-63.218975300943434,0.02275341960633162,-65.0,0.0,-65.0,0.0
152.5,-60.96131355363811,0.0,-63.21672898858306,0.02230287171131817,-63.21672898858306,0.02230287171131817,-65.0,0.0,-65.0,0.0
152.6,-60.88150698586992,0.0,-63.21471472100896,0.021861245262364833,-63.21471472100896,0.021861245262364833,-65.0,0.0,-65.0,0.0
152.70000000000002,-60.80209945094057,0.0,-63.21292696560241,0.021428363603003597,-63.21292696560241,0.021428363603003597,-65.0,0.0,-65.0,0.0
152.8,-60.72308895368587,0.0,-63.211360303987,0.021004053574798887,-63.211360303987,0.021004053574798887,-65.0,0.0,-65.0,0.0
152.9,-60.644473508917436,0.0,-63.210009429743025,0.02058814544808188,-63.210009429743025,0.02058814544808188,-65.0,0.0,-65.0,0.0
153.0,-60.566251141372845,0.0,-63.20886914616728,0.02018047285405637,-63.20886914616728,0.02018047285405637,-65.0,0.0,-65.0,0.0
153.1,-60.488419885665984,0.0,-63.20793436407732,0.01978087271824904,-63.20793436407732,0.01978087271824904,-65.0,0.0,-65.0,0.0
153.20000000000002,-60.41097778623765,0.0,-63.20720009965929,0.0193891851952775,-63.20720009965929,0.0193891851952775,-65.0,0.0,-65.0,0.0
153.3,-60.333922897306465,0.0,-63.20666147235854,0.019005253604909983,-63.20666147235854,0.019005253604909983,-65.0,0.0,-65.0,0.0
153.4,-60.25725328281993,0.0,-63.206313702812054,0.018628924369391193,-63.206313702812054,0.018628924369391193,-65.0,0.0,-65.0,0.0
153.5,-60.18096701640583,0.0,-63.20615211082199,0.01826004695200913,-63.20615211082199,0.01826004695200913,-65.0,0.0,-65.0,0.0
153.60000000000002,-60.1050621813238,0.0,-63.20617211336944,0.01789847379687841,-63.20617211336944,0.01789847379687841,-65.0,0.0,-65.0,0.0
153.70000000000002,-60.02953687041718,0.0,-63.20636922266763,0.017544060269915937,-63.20636922266763,0.017544060269915937,-65.0,0.0,-65.0,0.0
153.8,-59.95438918606509,0.0,-63.2067390442538,0.017196664600985356,-63.2067390442538,0.017196664600985356,-65.0,0.0,-65.0,0.0
153.9,-59.87961724013477,0.0,-63.20727727511894,0.016856147827187088,-63.20727727511894,0.016856147827187088,-65.0,0.0,-65.0,0.0
154.0,-59.8052191539341,0.0,-63.20797970187471,0.016522373737271327,-63.20797970187471,0.016522373737271327,-65.0,0.0,-65.0,0.0
154.10000000000002,-59.73119305816443,0.0,-63.208842198956766,0.01619520881715173,-63.208842198956766,0.01619520881715173,-65.0,0.0,-65.0,0.0
154.20000000000002,-59.6575370928736,0.0,-63.20986072686373,0.01587452219649799,-63.20986072686373,0.01587452219649799,-65.0,0.0,-65.0,0.0
154.3,-59.58424940740924,0.0,-63.21103133043122,0.015560185596385967,-63.21103133043122,0.015560185596385967,-65.0,0.0,-65.0,0.0
154.4,-59.511328160372194,0.0,-63.21235013714007,0.015252073277984408,-63.21235013714007,0.015252073277984408,-65.0,0.0,-65.0,0.0
154.5,-59.43877151957033,0.0,-63.21381335545824,0.01495006199225773,-63.21381335545824,0.01495006199225773,-65.0,0.0,-65.0,0.0
154.60000000000002,-59.36657766197248,0.0,-63.21541727321562,0.014654030930664773,-63.21541727321562,0.014654030930664773,-65.0,0.0,-65.0,0.0
154.70000000000002,-59.294744773662615,0.0,-63.217158256011125,0.014363861676833766,-63.217158256011125,0.014363861676833766,-65.0,0.0,-65.0,0.0
154.8,-59.2232710497943,0.0,-63.219032745651475,0.014079438159194203,-63.219032745651475,0.014079438159194203,-65.0,0.0,-65.0,0.0
154.9,-59.15215469454533,0.0,-63.221037258620946,0.013800646604546662,-63.221037258620946,0.013800646604546662,-65.0,0.0,-65.0,0.0
155.0,-59.0813939210726,0.0,-63.22316838458156,0.013527375492552016,-63.22316838458156,0.013527375492552016,-65.0,0.0,-65.0,0.0
155.10000000000002,-59.01098695146724,0.0,-63.225422784903095,0.0132595155111218,-63.225422784903095,0.0132595155111218,-65.0,0.0,-65.0,0.0
155.20000000000002,-58.9409320167099,0.0,-63.22779719122224,0.012996959512691931,-63.22779719122224,0.012996959512691931,-65.0,0.0,-65.0,0.0
155.3,-58.87122735662635,0.0,-63.230288404030446,0.012739602471362244,-63.230288404030446,0.012739602471362244,-65.0,0.0,-65.0,0.0
155.4,-58.801871219843214,0.0,-63.232893291289855,0.012487341440884732,-63.232893291289855,0.012487341440884732,-65.0,0.0,-65.0,0.0
155.5,-58.732861863744,0.0,-63.235608787076664,0.01224007551348368,-63.235608787076664,0.01224007551348368,-65.0,0.0,-65.0,0.0
155.60000000000002,-58.66419755442528,0.0,-63.23843189025153,0.011997705779491205,-63.23843189025153,0.011997705779491205,-65.0,0.0,-65.0,0.0
155.70000000000002,-58.59587656665315,0.0,-63.24135966315639,0.011760135287782069,-63.24135966315639,0.011760135287782069,-65.0,0.0,-65.0,0.0
155.8,-58.52789718381989,0.0,-63.24438923033711,0.01152726900699194,-63.24438923033711,0.01152726900699194,-65.0,0.0,-65.0,0.0
155.9,-58.460257697900786,0.0,-63.24751777729168,0.011299013787503578,-63.24751777729168,0.011299013787503578,-65.0,0.0,-65.0,0.0
156.0,-58.39295640941128,0.0,-63.25074254924313,0.011075278324185743,-63.25074254924313,0.011075278324185743,-65.0,0.0,-65.0,0.0
156.10000000000002,-58.325991627364225,0.0,-63.25406084993698,0.01085597311986993,-63.25406084993698,0.01085597311986993,-65.0,0.0,-65.0,0.0
156.20000000000002,-58.2593616692274,0.0,-63.257470040462515,0.0106410104495503,-63.257470040462515,0.0106410104495503,-65.0,0.0,-65.0,0.0
156.3,-58.193064860881265,0.0,-63.26096753809755,0.010430304325292523,-63.26096753809755,0.010430304325292523,-65.0,0.0,-65.0,0.0
156.4,-58.12709953657686,0.0,-63.26455081517614,0.010223770461837442,-63.26455081517614,0.010223770461837442,-65.0,0.0,-65.0,0.0
156.5,-58.06146403889397,0.0,-63.26821739797882,0.010021326242885853,-63.26821739797882,0.010021326242885853,-65.0,0.0,-65.0,0.0
156.60000000000002,-57.9961567186995,0.0,-63.271964865644904,0.009822890688050883,-63.271964865644904,0.009822890688050883,-65.0,0.0,-65.0,0.0
156.70000000000002,-57.931175935106005,0.0,-63.27579084910645,0.009628384420464755,-63.27579084910645,0.009628384420464755,-65.0,0.0,-65.0,0.0
156.8,-57.86652005543048,0.0,-63.279693030043404,0.009437729635026985,-63.279693030043404,0.009437729635026985,-65.0,0.0,-65.0,0.0
156.9,-57.80218745515332,0.0,-63.28366913985955,0.009250850067281298,-63.28366913985955,0.009250850067281298,-65.0,0.0,-65.0,0.0
157.0,-57.738176517877555,0.0,-63.28771695867879,0.009067670962908836,-63.28771695867879,0.009067670962908836,-65.0,0.0,-65.0,0.0
157.10000000000002,-57.674485635288164,0.0,-63.29183431436149,0.00888811904782543,-63.29183431436149,0.00888811904782543,-65.0,0.0,-65.0,0.0
157.20000000000002,-57.61111320711172,0.0,-63.296019081540244,0.008712122498870987,-63.296019081540244,0.008712122498870987,-65.0,0.0,-65.0,0.0
157.3,-57.54805764107616,0.0,-63.300269180675,0.008539610915079276,-63.300269180675,0.008539610915079276,-65.0,0.0,-65.0,0.0
157.4,-57.48531735287078,0.0,-63.30458257712687,0.008370515289516592,-63.30458257712687,0.008370515289516592,-65.0,0.0,-65.0,0.0
157.5,-57.42289076610643,0.0,-63.3089572802504,0.008204767981678074,-63.3089572802504,0.008204767981678074,-65.0,0.0,-65.0,0.0
157.60000000000002,-57.360776312275895,0.0,-63.31339134250393,0.008042302690430592,-63.31339134250393,0.008042302690430592,-65.0,0.0,-65.0,0.0
157.70000000000002,-57.298972430714514,0.0,-63.31788285857766,0.007883054427491414,-63.31788285857766,0.007883054427491414,-65.0,0.0,-65.0,0.0
157.8,-57.23747756856094,0.0,-63.322429964539054,0.007726959491432027,-63.322429964539054,0.007726959491432027,-65.0,0.0,-65.0,0.0
157.9,-57.176290180718134,0.0,-63.32703083699526,0.0075739554421967135,-63.32703083699526,0.0075739554421967135,-65.0,0.0,-65.0,0.0
158.0,-57.11540872981454,0.0,-63.33168369227222,0.007423981076125697,-63.33168369227222,0.007423981076125697,-65.0,0.0,-65.0,0.0
158.10000000000002,-57.054831686165464,0.0,-63.336386785610124,0.0072769764014728655,-63.336386785610124,0.0072769764014728655,-65.0,0.0,-65.0,0.0
158.20000000000002,-56.994557527734635,0.0,-63.34113841037487,0.007132882614408268,-63.34113841037487,0.007132882614408268,-65.0,0.0,-65.0,0.0
158.3,-56.934584740095964,0.0,-63.34593689728524,0.006991642075495804,-63.34593689728524,0.006991642075495804,-65.0,0.0,-65.0,0.0
158.4,-56.87491181639548,0.0,-63.350780613655495,0.006853198286636676,-63.350780613655495,0.006853198286636676,-65.0,0.0,-65.0,0.0
158.5,-56.8155372573135,0.0,-63.35566796265298,0.0067174958684693975,-63.35566796265298,0.0067174958684693975,-65.0,0.0,-65.0,0.0
158.60000000000002,-56.75645957102693,0.0,-63.3605973825706,0.006584480538217313,-63.3605973825706,0.006584480538217313,-65.0,0.0,-65.0,0.0
158.70000000000002,-56.6976772731718,0.0,-63.365567346113764,0.00645409908797476,-63.365567346113764,0.00645409908797476,-65.0,0.0,-65.0,0.0
158.8,-56.63918888680594,0.0,-63.37057635970148,0.006326299363423198,-63.37057635970148,0.006326299363423198,-65.0,0.0,-65.0,0.0
158.9,-56.58099294237191,0.0,-63.37562296278149,0.006201030242968789,-63.37562296278149,0.006201030242968789,-65.0,0.0,-65.0,0.0
159.0,-56.52308797766005,0.0,-63.38070572715894,0.006078241617293073,-63.38070572715894,0.006078241617293073,-65.0,0.0,-65.0,0.0
159.10000000000002,-56.465472537771745,0.0,-63.38582325633849,0.005957884369308577,-63.38582325633849,0.005957884369308577,-65.0,0.0,-65.0,0.0
159.20000000000002,-56.408145175082886,0.0,-63.39097418487954,0.005839910354511322,-63.39097418487954,0.005839910354511322,-65.0,0.0,-65.0,0.0
159.3,-56.35110444920747,0.0,-63.39615717776428,0.00572427238172238,-63.39615717776428,0.00572427238172238,-65.0,0.0,-65.0,0.0
159.4,-56.29434892696143,0.0,-63.40137092977835,0.0056109241942107774,-63.40137092977835,0.0056109241942107774,-65.0,0.0,-65.0,0.0
159.5,-56.23787718232663,0.0,-63.406614164903864,0.005499820451190179,-63.406614164903864,0.005499820451190179,-65.0,0.0,-65.0,0.0
159.60000000000002,-56.18168779641499,0.0,-63.4118856357245,0.005390916709681974,-63.4118856357245,0.005390916709681974,-65.0,0.0,-65.0,0.0
159.70000000000002,-56.12577935743292,0.0,-63.417184122842514,0.005284169406737489,-63.417184122842514,0.005284169406737489,-65.0,0.0,-65.0,0.0
159.8,-56.070150460645756,0.0,-63.4225084343073,0.005179535842012231,-63.4225084343073,0.005179535842012231,-65.0,0.0,-65.0,0.0
159.9,-56.01479970834253,0.0,-63.42785740505542,0.005076974160685176,-63.42785740505542,0.005076974160685176,-65.0,0.0,-65.0,0.0
160.0,-55.959725709800814,0.0,-63.43322989636179,0.0049764433367162865,-63.43322989636179,0.0049764433367162865,-65.0,0.0,-65.0,0.0
160.10000000000002,-55.90492708125181,0.0,-63.43862479530176,0.004877903156435546,-63.43862479530176,0.004877903156435546,-65.0,0.0,-65.0,0.0
160.20000000000002,-55.85040244584555,0.0,-63.44404101422403,0.004781314202456957,-63.44404101422403,0.004781314202456957,-65.0,0.0,-65.0,0.0
160.3,-55.796150433616326,0.0,-63.44947749023395,0.004686637837911055,-63.44947749023395,0.004686637837911055,-65.0,0.0,-65.0,0.0
160.4,-55.742169681448246,0.0,-63.45493318468729,0.004593836190989656,-63.45493318468729,0.004593836190989656,-65.0,0.0,-65.0,0.0
160.5,-55.688458833041004,0.0,-63.460407082693955,0.0045028721397966185,-63.460407082693955,0.0045028721397966185,-65.0,0.0,-65.0,0.0
160.60000000000002,-55.635016538875796,0.0,-63.465898192631734,0.004413709297498595,-63.465898192631734,0.004413709297498595,-65.0,0.0,-65.0,0.0
160.70000000000002,-55.581841456181415,0.0,-63.47140554566969,0.004326311997769814,-63.47140554566969,0.004326311997769814,-65.0,0.0,-65.0,0.0
160.8,-55.52893224890051,0.0,-63.47692819530108,0.00424064528052507,-63.47692819530108,0.00424064528052507,-65.0,0.0,-65.0,0.0
160.9,-55.47628758765601,0.0,-63.48246521688561,0.004156674877935226,-63.48246521688561,0.004156674877935226,-65.0,0.0,-65.0,0.0
161.0,-55.42390614971773,0.0,-63.48801570720082,0.004074367200719627,-63.48801570720082,0.004074367200719627,-65.0,0.0,-65.0,0.0
161.10000000000002,-55.37178661896914,0.0,-63.493578784002466,0.003993689324709937,-63.493578784002466,0.003993689324709937,-65.0,0.0,-65.0,0.0
161.20000000000002,-55.31992768587429,0.0,-63.49915358559361,0.0039146089776800315,-63.49915358559361,0.0039146089776800315,-65.0,0.0,-65.0,0.0
161.3,-55.26832804744492,0.0,-63.504739270402425,0.0038370945264366804,-63.504739270402425,0.0038370945264366804,-65.0,0.0,-65.0,0.0
161.4,-55.21698640720769,0.0,-63.51033501656833,0.0037611149641658464,-63.51033501656833,0.0037611149641658464,-65.0,0.0,-65.0,0.0
161.5,-55.16590147517165,0.0,-63.51594002153647,0.003686639898029547,-63.51594002153647,0.003686639898029547,-65.0,0.0,-65.0,0.0
161.60000000000002,-55.11507196779579,0.0,-63.521553501660286,0.0036136395370083133,-63.521553501660286,0.0036136395370083133,-65.0,0.0,-65.0,0.0
161.70000000000002,-55.06449660795681,0.0,-63.52717469181199,0.003542084679984386,-63.52717469181199,0.003542084679984386,-65.0,0.0,-65.0,0.0
161.8,-55.01417412491703,0.0,-63.5328028450009,0.003471946704060878,-63.5328028450009,0.003471946704060878,-65.0,0.0,-65.0,0.0
161.9,-54.96410325429244,0.0,-63.53843723199934,0.003403197553112234,-63.53843723199934,0.003403197553112234,-65.0,0.0,-65.0,0.0
162.0,-54.91428273802098,0.0,-63.544077140976064,0.0033358097265614077,-63.544077140976064,0.0033358097265614077,-65.0,0.0,-65.0,0.0
162.10000000000002,-54.86471132433088,0.0,-63.549721877136996,0.003269756268379262,-63.549721877136996,0.003269756268379262,-65.0,0.0,-65.0,0.0
162.20000000000002,-54.815387767709225,0.0,-63.55537076237316,0.0032050107563017993,-63.55537076237316,0.0032050107563017993,-65.0,0.0,-65.0,0.0
162.3,-54.76631082887068,0.0,-63.561023134915665,0.003141547291260904,-63.561023134915665,0.003141547291260904,-65.0,0.0,-65.0,0.0
162.4,-54.71747927472632,0.0,-63.56667834899758,0.0030793404870243686,-63.56667834899758,0.0030793404870243686,-65.0,0.0,-65.0,0.0
162.5,-54.66889187835269,0.0,-63.57233577452257,0.0030183654600410637,-63.57233577452257,0.0030183654600410637,-65.0,0.0,-65.0,0.0
162.60000000000002,-54.620547418960925,0.0,-63.577994796740214,0.0029585978194871846,-63.577994796740214,0.0029585978194871846,-65.0,0.0,-65.0,0.0
162.70000000000002,-54.57244468186612,0.0,-63.58365481592776,0.0029000136575095974,-63.58365481592776,0.0029000136575095974,-65.0,0.0,-65.0,0.0
162.8,-54.52458245845679,0.0,-63.58931524707829,0.002842589539662378,-63.58931524707829,0.002842589539662378,-65.0,0.0,-65.0,0.0
162.9,-54.47695954616451,0.0,-63.59497551959513,0.002786302495532723,-63.59497551959513,0.002786302495532723,-65.0,0.0,-65.0,0.0
163.0,-54.42957474843369,0.0,-63.60063507699238,0.0027311300095524764,-63.60063507699238,0.0027311300095524764,-65.0,0.0,-65.0,0.0
163.10000000000002,-54.38242687469152,0.0,-63.60629337660143,0.0026770500119916033,-63.60629337660143,0.0026770500119916033,-65.0,0.0,-65.0,0.0
163.20000000000002,-54.33551474031806,0.0,-63.61194988928336,0.0026240408701300026,-63.61194988928336,0.0026240408701300026,-65.0,0.0,-65.0,0.0
163.3,-54.28883716661647,0.0,-63.61760409914714,0.0025720813796041323,-63.61760409914714,0.0025720813796041323,-65.0,0.0,-65.0,0.0
163.4,-54.242392980783386,0.0,-63.62325550327344,0.002521150755924979,-63.62325550327344,0.002521150755924979,-65.0,0.0,-65.0,0.0
163.5,-54.19618101587947,0.0,-63.628903611443995,0.0024712286261639876,-63.628903611443995,0.0024712286261639876,-65.0,0.0,-65.0,0.0
163.60000000000002,-54.15020011080007,0.0,-63.63454794587637,0.0024222950208036163,-63.63454794587637,0.0024222950208036163,-65.0,0.0,-65.0,0.0
163.70000000000002,-54.10444911024607,0.0,-63.64018804096411,0.002374330365749264,-63.64018804096411,0.002374330365749264,-65.0,0.0,-65.0,0.0
163.8,-54.05892686469484,0.0,-63.64582344302204,0.002327315474499371,-63.64582344302204,0.002327315474499371,-65.0,0.0,-65.0,0.0
163.9,-54.013632230371364,0.0,-63.65145371003669,0.0022812315404705653,-63.65145371003669,0.0022812315404705653,-65.0,0.0,-65.0,0.0
164.0,-53.96856406921951,0.0,-63.65707841142177,0.0022360601294747736,-63.65707841142177,0.0022360601294747736,-65.0,0.0,-65.0,0.0
164.10000000000002,-53.92372124887341,0.0,-63.66269712777849,0.0021917831723453044,-63.66269712777849,0.0021917831723453044,-65.0,0.0,-65.0,0.0
164.20000000000002,-53.87910264262904,0.0,-63.66830945066074,0.0021483829577089385,-63.66830945066074,0.0021483829577089385,-65.0,0.0,-65.0,0.0
164.3,-53.8347071294159,0.0,-63.67391498234499,0.0021058421249011442,-63.67391498234499,0.0021058421249011442,-65.0,0.0,-65.0,0.0
164.4,-53.790533593768814,0.0,-63.67951333560475,0.00206414365702158,-63.67951333560475,0.00206414365702158,-65.0,0.0,-65.0,0.0
164.5,-53.74658092579997,0.0,-63.685104133489666,0.002023270874127107,-63.685104133489666,0.002023270874127107,-65.0,0.0,-65.0,0.0
164.60000000000002,-53.702848021170965,0.0,-63.69068700910894,0.001983207426559589,-63.69068700910894,0.001983207426559589,-65.0,0.0,-65.0,0.0
164.70000000000002,-53.65933378106511,0.0,-63.696261605419195,0.0019439372884058135,-63.696261605419195,0.0019439372884058135,-65.0,0.0,-65.0,0.0
164.8,-53.61603711215978,0.0,-63.70182757501656,0.0019054447510869097,-63.70182757501656,0.0019054447510869097,-65.0,0.0,-65.0,0.0
164.9,-53.572956926598984,0.0,-63.70738457993294,0.0018677144170747093,-63.70738457993294,0.0018677144170747093,-65.0,0.0,-65.0,0.0
165.0,-53.53009214196599,0.0,-63.71293229143641,0.0018307311937325297,-63.71293229143641,0.0018307311937325297,-65.0,0.0,-65.0,0.0
165.10000000000002,-53.48744168125616,0.0,-63.71847038983559,0.001794480287277918,-63.71847038983559,0.001794480287277918,-65.0,0.0,-65.0,0.0
165.20000000000002,-53.445004472849874,0.0,-63.723998564287974,0.0017589471968649402,-63.723998564287974,0.0017589471968649402,-65.0,0.0,-65.0,0.0
165.3,-53.402779450485625,0.0,-63.72951651261214,0.0017241177087836505,-63.72951651261214,0.0017241177087836505,-65.0,0.0,-65.0,0.0
165.4,-53.36076555323319,0.0,-63.7350239411037,0.001689977890774417,-63.7350239411037,0.001689977890774417,-65.0,0.0,-65.0,0.0
165.5,-53.31896172546703,0.0,-63.74052056435495,0.001656514086454832,-63.74052056435495,0.001656514086454832,-65.0,0.0,-65.0,0.0
165.60000000000002,-53.27736691683969,0.0,-63.74600610507825,0.001623712909856978,-63.74600610507825,0.001623712909856978,-65.0,0.0,-65.0,0.0
165.70000000000002,-53.23598008225549,0.0,-63.75148029393282,0.001591561240072861,-63.75148029393282,0.001591561240072861,-65.0,0.0,-65.0,0.0
165.8,-53.19480018184421,0.0,-63.75694286935516,0.0015600462160058725,-63.75694286935516,0.0015600462160058725,-65.0,0.0,-65.0,0.0
165.9,-53.153826180934985,0.0,-63.76239357739277,0.00152915523122618,-63.76239357739277,0.00152915523122618,-65.0,0.0,-65.0,0.0
166.0,-53.11305705003031,0.0,-63.76783217154134,0.0014988759289279862,-63.76783217154134,0.0014988759289279862,-65.0,0.0,-65.0,0.0
166.10000000000002,-53.07249176478015,0.0,-63.77325841258514,0.0014691961969866424,-63.77325841258514,0.0014691961969866424,-65.0,0.0,-65.0,0.0
166.20000000000002,-53.03212930595625,0.0,-63.77867206844066,0.0014401041631136372,-63.77867206844066,0.0014401041631136372,-65.0,0.0,-65.0,0.0
166.3,-52.99196865942647,0.0,-63.7840729140034,0.0014115881901075223,-63.7840729140034,0.0014115881901075223,-65.0,0.0,-65.0,0.0
166.4,-52.952008816129336,0.0,-63.78946073099779,0.001383636871198877,-63.78946073099779,0.001383636871198877,-65.0,0.0,-65.0,0.0
166.5,-52.91224877204869,0.0,-63.794835307830056,0.0013562390254874491,-63.794835307830056,0.0013562390254874491,-65.0,0.0,-65.0,0.0
166.60000000000002,-52.87268752818845,0.0,-63.80019643944417,0.0013293836934696443,-63.80019643944417,0.0013293836934696443,-65.0,0.0,-65.0,0.0
166.70000000000002,-52.83332409054751,0.0,-63.80554392718062,0.0013030601326545796,-63.80554392718062,0.0013030601326545796,-65.0,0.0,-65.0,0.0
166.8,-52.79415747009477,0.0,-63.810877578638085,0.0012772578132669433,-63.810877578638085,0.0012772578132669433,-65.0,0.0,-65.0,0.0
166.9,-52.755186682744295,0.0,-63.816197207537876,0.0012519664140349452,-63.816197207537876,0.0012519664140349452,-65.0,0.0,-65.0,0.0
167.0,-52.71641074933057,0.0,-63.82150263359116,0.001227175818061669,-63.82150263359116,0.001227175818061669,-65.0,0.0,-65.0,0.0
167.10000000000002,-52.67782869558392,0.0,-63.826793682368816,0.0012028761087781801,-63.826793682368816,0.0012028761087781801,-65.0,0.0,-65.0,0.0
167.20000000000002,-52.639439552106,0.0,-63.83207018517398,0.0011790575659767644,-63.83207018517398,0.0011790575659767644,-65.0,0.0,-65.0,0.0
167.3,-52.601242354345466,0.0,-63.83733197891715,0.0011557106619227166,-63.83733197891715,0.0011557106619227166,-65.0,0.0,-65.0,0.0
167.4,-52.563236142573736,0.0,-63.84257890599379,0.0011328260575431187,-63.84257890599379,0.0011328260575431187,-65.0,0.0,-65.0,0.0
167.5,-52.52541996186087,0.0,-63.847810814164475,0.001110394598691087,-63.847810814164475,0.001110394598691087,-65.0,0.0,-65.0,0.0
167.60000000000002,-52.48779286205156,0.0,-63.85302755643741,0.0010884073124839903,-63.85302755643741,0.0010884073124839903,-65.0,0.0,-65.0,0.0
167.70000000000002,-52.45035389774131,0.0,-63.858228990953364,0.0010668554037141782,-63.858228990953364,0.0010668554037141782,-65.0,0.0,-65.0,0.0
167.8,-52.4131021282526,0.0,-63.86341498087293,0.0010457302513307803,-63.86341498087293,0.0010457302513307803,-65.0,0.0,-65.0,0.0
167.9,-52.37603661761134,0.0,-63.86858539426607,0.0010250234049911707,-63.86858539426607,0.0010250234049911707,-65.0,0.0,-65.0,0.0
168.0,-52.33915643452328,0.0,-63.8737401040039,0.0010047265816807184,-63.8737401040039,0.0010047265816807184,-65.0,0.0,-65.0,0.0
168.10000000000002,-52.30246065235067,0.0,-63.87887898765268,0.0009848316623994715,-63.87887898765268,0.0009848316623994715,-65.0,0.0,-65.0,0.0
168.20000000000002,-52.265948349088916,0.0,-63.884001927369965,0.0009653306889144482,-63.884001927369965,0.0009653306889144482,-65.0,0.0,-65.0,0.0
168.3,-52.22961860734347,0.0,-63.88910880980283,0.0009462158605762382,-63.88910880980283,0.0009462158605762382,-65.0,0.0,-65.0,0.0
168.4,-52.19347051430675,0.0,-63.89419952598821,0.0009274795311986384,-63.89419952598821,0.0009274795311986384,-65.0,0.0,-65.0,0.0
168.5,-52.15750316173522,0.0,-63.89927397125527,0.0009091142060000766,-63.89927397125527,0.0009091142060000766,-65.0,0.0,-65.0,0.0
168.60000000000002,-52.12171564592654,0.0,-63.90433204512969,0.0008911125386055994,-63.90433204512969,0.0008911125386055994,-65.0,0.0,-65.0,0.0
168.70000000000002,-52.08610706769691,0.0,-63.90937365123999,0.0008734673281082233,-63.90937365123999,0.0008734673281082233,-65.0,0.0,-65.0,0.0
168.8,-52.05067653235842,0.0,-63.91439869722569,0.0008561715161884767,-63.91439869722569,0.0008561715161884767,-65.0,0.0,-65.0,0.0
168.9,-52.01542314969663,0.0,-63.91940709464742,0.000839218184290978,-63.91940709464742,0.000839218184290978,-65.0,0.0,-65.0,0.0
169.0,-51.980346033948145,0.0,-63.924398758898754,0.0008226005508569207,-63.924398758898754,0.0008226005508569207,-65.0,0.0,-65.0,0.0
169.10000000000002,-51.9454443037784,0.0,-63.929373609119956,0.0008063119686113597,-63.929373609119956,0.0008063119686113597,-65.0,0.0,-65.0,0.0
169.20000000000002,-51.91071708225951,0.0,-63.93433156811341,0.0007903459219042129,-63.93433156811341,0.0007903459219042129,-65.0,0.0,-65.0,0.0
169.3,-51.876163496848214,0.0,-63.93927256226079,0.0007746960241039139,-63.93927256226079,0.0007746960241039139,-65.0,0.0,-65.0,0.0
169.4,-51.84178267936397,0.0,-63.94419652144197,0.0007593560150426746,-63.94419652144197,0.0007593560150426746,-65.0,0.0,-65.0,0.0
169.5,-51.807573765967156,0.0,-63.9491033789555,0.0007443197585123341,-63.9491033789555,0.0007443197585123341,-65.0,0.0,-65.0,0.0
169.60000000000002,-51.77353589713732,0.0,-63.95399307144082,0.0007295812398097944,-63.95399307144082,0.0007295812398097944,-65.0,0.0,-65.0,0.0
169.70000000000002,-51.739668217651634,0.0,-63.95886553880195,0.0007151345633310581,-63.95886553880195,0.0007151345633310581,-65.0,0.0,-65.0,0.0
169.8,-51.70596987656337,0.0,-63.963720724132834,0.0007009739502129089,-63.963720724132834,0.0007009739502129089,-65.0,0.0,-65.0,0.0
169.9,-51.672440027180556,0.0,-63.96855857364416,0.0006870937360212888,-63.96855857364416,0.0006870937360212888,-65.0,0.0,-65.0,0.0
170.0,-51.63907782704465,0.0,-63.973379036591695,0.0006734883684854492,-63.973379036591695,0.0006734883684854492,-65.0,0.0,-65.0,0.0
170.10000000000002,-51.60588243790943,0.0,-63.9781820652061,0.0006601524052769683,-63.9781820652061,0.0006601524052769683,-65.0,0.0,-65.0,0.0
170.20000000000002,-51.57285302571988,0.0,-63.98296761462415,0.0006470805118327478,-63.98296761462415,0.0006470805118327478,-65.0,0.0,-65.0,0.0
170.3,-51.53998876059128,0.0,-63.98773564282142,0.0006342674592211156,-63.98773564282142,0.0006342674592211156,-65.0,0.0,-65.0,0.0
170.4,-51.507288816788325,0.0,-63.99248611054629,0.000621708122050184,-63.99248611054629,0.000621708122050184,-65.0,0.0,-65.0,0.0
170.5,-51.47475237270438,0.0,-63.99721898125535,0.0006093974764176247,-63.99721898125535,0.0006093974764176247,-65.0,0.0,-65.0,0.0
170.60000000000002,-51.442378610840855,0.0,-64.00193422105012,0.0005973305979010404,-64.00193422105012,0.0005973305979010404,-65.0,0.0,-65.0,0.0
170.70000000000002,-51.41016671778665,0.0,-64.00663179861508,0.0005855026595881306,-64.00663179861508,0.0005855026595881306,-65.0,0.0,-65.0,0.0
170.8,-51.37811588419772,0.0,-64.01131168515693,0.0005739089301458624,-64.01131168515693,0.0005739089301458624,-65.0,0.0,-65.0,0.0
170.9,-51.34622530477673,0.0,-64.01597385434518,0.0005625447719278736,-64.01597385434518,0.0005625447719278736,-65.0,0.0,-65.0,0.0
171.0,-51.31449417825284,0.0,-64.02061828225389,0.000551405639119353,-64.02061828225389,0.000551405639119353,-65.0,0.0,-65.0,0.0
171.10000000000002,-51.28292170736158,0.0,-64.02524494730466,0.0005404870759186533,-64.02524494730466,0.0005404870759186533,-65.0,0.0,-65.0,0.0
171.20000000000002,-51.251507098824774,0.0,-64.02985383021075,0.0005297847147549114,-64.02985383021075,0.0005297847147549114,-65.0,0.0,-65.0,0.0
171.3,-51.22024956333065,0.0,-64.03444491392243,0.000519294274540962,-64.03444491392243,0.000519294274540962,-65.0,0.0,-65.0,0.0
171.4,-51.189148315514,0.0,-64.03901818357333,0.0005090115589608449,-64.03901818357333,0.0005090115589608449,-65.0,0.0,-65.0,0.0
171.5,-51.15820257393643,0.0,-64.04357362642807,0.0004989324547912235,-64.04357362642807,0.0004989324547912235,-65.0,0.0,-65.0,0.0
171.60000000000002,-51.127411561066744,0.0,-64.0481112318308,0.0004890529302560399,-64.0481112318308,0.0004890529302560399,-65.0,0.0,-65.0,0.0
171.70000000000002,-51.09677450326141,0.0,-64.05263099115494,0.00047936903341375136,-64.05263099115494,0.00047936903341375136,-65.0,0.0,-65.0,0.0
171.8,-51.0662906307451,0.0,-64.05713289775387,0.0004698768905765007,-64.05713289775387,0.0004698768905765007,-65.0,0.0,-65.0,0.0
171.9,-51.03595917759137,0.0,-64.06161694691272,0.0004605727047605894,-64.06161694691272,0.0004605727047605894,-65.0,0.0,-65.0,0.0
172.0,-51.00577938170341,0.0,-64.06608313580108,0.00045145275416763364,-64.06608313580108,0.00045145275416763364,-65.0,0.0,-65.0,0.0
172.10000000000002,-50.975750484794894,0.0,-64.07053146342673,0.0004425133906957952,-64.07053146342673,0.0004425133906957952,-65.0,0.0,-65.0,0.0
172.20000000000002,-50.94587173237092,0.0,-64.07496193059036,0.00043375103848049235,-64.07496193059036,0.00043375103848049235,-65.0,0.0,-65.0,0.0
172.3,-50.916142373709064,0.0,-64.07937453984118,0.000425162192464006,-64.07937453984118,0.000425162192464006,-65.0,0.0,-65.0,0.0
172.4,-50.88656166184052,0.0,-64.08376929543348,0.00041674341699341,-64.08376929543348,0.00041674341699341,-65.0,0.0,-65.0,0.0
172.5,-50.857128853531314,0.0,-64.0881462032841,0.00040849134444626435,-64.0881462032841,0.00040849134444626435,-65.0,0.0,-65.0,0.0
172.60000000000002,-50.827843209263655,0.0,-64.09250527093073,0.0004004026738835211,-64.09250527093073,0.0004004026738835211,-65.0,0.0,-65.0,0.0
172.70000000000002,-50.79870399321734,0.0,-64.09684650749121,0.00039247416972910476,-64.09684650749121,0.00039247416972910476,-65.0,0.0,-65.0,0.0
172.8,-50.76971047325125,0.0,-64.10116992362352,0.00038470266047563876,-64.10116992362352,0.00038470266047563876,-65.0,0.0,-65.0,0.0
172.9,-50.740861920884996,0.0,-64.10547553148669,0.0003770850374158002,-64.10547553148669,0.0003770850374158002,-65.0,0.0,-65.0,0.0
173.0,-50.712157611280574,0.0,-64.10976334470256,0.00036961825339879554,-64.10976334470256,0.00036961825339879554,-65.0,0.0,-65.0,0.0
173.10000000000002,-50.68359682322417,0.0,-64.11403337831824,0.0003622993216114595,-64.11403337831824,0.0003622993216114595,-65.0,0.0,-65.0,0.0
173.20000000000002,-50.65517883910805,0.0,-64.11828564876946,0.00035512531438349,-64.11828564876946,0.00035512531438349,-65.0,0.0,-65.0,0.0
173.3,-50.626902944912516,0.0,-64.1225201738446,0.0003480933620163413,-64.1225201738446,0.0003480933620163413,-65.0,0.0,-65.0,0.0
173.4,-50.59876843018795,0.0,-64.12673697264957,0.0003412006516353058,-64.12673697264957,0.0003412006516353058,-65.0,0.0,-65.0,0.0
173.5,-50.57077458803701,0.0,-64.13093606557328,0.0003344444260643271,-64.13093606557328,0.0003344444260643271,-65.0,0.0,-65.0,0.0
173.60000000000002,-50.54292071509683,0.0,-64.13511747425406,0.00032782198272309263,-64.13511747425406,0.00032782198272309263,-65.0,0.0,-65.0,0.0
173.70000000000002,-50.515206111521344,0.0,-64.13928122154651,0.0003213306725459654,-64.13928122154651,0.0003213306725459654,-65.0,0.0,-65.0,0.0
173.8,-50.48763008096374,0.0,-64.14342733148932,0.0003149678989223227,-64.14342733148932,0.0003149678989223227,-65.0,0.0,-65.0,0.0
173.9,-50.46019193055892,0.0,-64.14755582927354,0.0003087311166578769,-64.14755582927354,0.0003087311166578769,-65.0,0.0,-65.0,0.0
174.0,-50.43289097090613,0.0,-64.1516667412117,0.000302617830956564,-64.1516667412117,0.000302617830956564,-65.0,0.0,-65.0,0.0
174.10000000000002,-50.4057265160516,0.0,-64.15576009470743,0.000296625596422592,-64.15576009470743,0.000296625596422592,-65.0,0.0,-65.0,0.0
174.20000000000002,-50.37869788347135,0.0,-64.15983591822585,0.00029075201608224965,-64.15983591822585,0.00029075201608224965,-65.0,0.0,-65.0,0.0
174.3,-50.35180439405399,0.0,-64.16389424126452,0.00028499474042508545,-64.16389424126452,0.00028499474042508545,-65.0,0.0,-65.0,0.0
174.4,-50.32504537208372,0.0,-64.16793509432496,0.00027935146646407185,-64.16793509432496,0.00027935146646407185,-65.0,0.0,-65.0,0.0
174.5,-50.298420145223304,0.0,-64.17195850888493,0.0002738199368143798,-64.17195850888493,0.0002738199368143798,-65.0,0.0,-65.0,0.0
174.60000000000002,-50.27192804449719,0.0,-64.17596451737111,0.0002683979387903946,-64.17596451737111,0.0002683979387903946,-65.0,0.0,-65.0,0.0
174.70000000000002,-50.2455684042747,0.0,-64.1799531531325,0.0002630833035206125,-64.1799531531325,0.0002630833035206125,-65.0,0.0,-65.0,0.0
174.8,-50.21934056225333,0.0,-64.1839244504143,0.0002578739050800628,-64.1839244504143,0.0002578739050800628,-65.0,0.0,-65.0,0.0
174.9,-50.19324385944206,0.0,-64.1878784443324,0.0002527676596399097,-64.1878784443324,0.0002527676596399097,-65.0,0.0,-65.0,0.0
175.0,-50.16727764014485,0.0,-64.19181517084841,0.0002477625246338929,-64.19181517084841,0.0002477625246338929,-65.0,0.0,-65.0,0.0
175.10000000000002,-50.14144125194413,0.0,-64.1957346667452,0.0002428564979412741,-64.1957346667452,0.0002428564979412741,-65.0,0.0,-65.0,0.0
175.20000000000002,-50.11573404568441,0.0,-64.19963696960292,0.00023804761708596161,-64.19963696960292,0.00023804761708596161,-65.0,0.0,-65.0,0.0
175.3,-50.09015537545599,0.0,-64.20352211777568,0.00023333395845149407,-64.20352211777568,0.00023333395845149407,-65.0,0.0,-65.0,0.0
175.4,-50.064704598578714,0.0,-64.20739015036854,0.00022871363651156805,-64.20739015036854,0.00022871363651156805,-65.0,0.0,-65.0,0.0
175.5,-50.03938107558582,0.0,-64.21124110721516,0.00022418480307580247,-64.21124110721516,0.00022418480307580247,-65.0,0.0,-65.0,0.0
175.60000000000002,-50.01418417020789,0.0,-64.21507502885581,0.00021974564655043776,-64.21507502885581,0.00021974564655043776,-65.0,0.0,-65.0,0.0
175.70000000000002,-65.0,0.0,-64.17889195651593,0.08021539439121368,-64.17889195651593,0.08021539439121368,-65.0,0.0,-65.0,0.0
175.8,-65.0,0.0,-64.14368398515282,0.07862702316104579,-64.14368398515282,0.07862702316104579,-65.0,0.0,-65.0,0.0
175.9,-65.0,0.0,-64.1094305133328,0.0770701037885166,-64.1094305133328,0.0770701037885166,-65.0,0.0,-65.0,0.0
176.0,-65.0,0.0,-64.07611135402357,0.0755440134851179,-64.07611135402357,0.0755440134851179,-65.0,0.0,-65.0,0.0
176.10000000000002,-65.0,0.0,-64.04370672635626,0.07404814179438018,-64.04370672635626,0.07404814179438018,-65.0,0.0,-65.0,0.0
176.20000000000002,-65.0,0.0,-64.01219724755065,0.07258189034768195,-64.01219724755065,0.07258189034768195,-65.0,0.0,-65.0,0.0
176.3,-65.0,0.0,-63.981563925000444,0.07114467262489423,-63.981563925000444,0.07114467262489423,-65.0,0.0,-65.0,0.0
176.4,-65.0,0.0,-63.95178814851556,0.06973591371976474,-63.95178814851556,0.06973591371976474,-65.0,0.0,-65.0,0.0
176.5,-65.0,0.0,-63.92285168271801,0.06835505010994776,-63.92285168271801,0.06835505010994776,-65.0,0.0,-65.0,0.0
176.60000000000002,-65.0,0.0,-63.89473665958863,0.06700152943158758,-63.89473665958863,0.06700152943158758,-65.0,0.0,-65.0,0.0
176.70000000000002,-65.0,0.0,-63.867425571161505,0.06567481025836566,-63.867425571161505,0.06567481025836566,-65.0,0.0,-65.0,0.0
176.8,-65.0,0.0,-63.84090126236323,0.0643743618849229,-63.84090126236323,0.0643743618849229,-65.0,0.0,-65.0,0.0
176.9,-65.0,0.0,-63.81514692399413,0.06309966411457038,-63.81514692399413,0.06309966411457038,-65.0,0.0,-65.0,0.0
177.0,-65.0,0.0,-63.790146085848555,0.06185020705120376,-63.790146085848555,0.06185020705120376,-65.0,0.0,-65.0,0.0
177.10000000000002,-65.0,0.0,-63.76588260997164,0.060625490895338044,-63.76588260997164,0.060625490895338044,-65.0,0.0,-65.0,0.0
177.20000000000002,-65.0,0.0,-63.742340684049694,0.05942502574418112,-63.742340684049694,0.05942502574418112,-65.0,0.0,-65.0,0.0
177.3,-65.0,0.0,-63.71950481493161,0.05824833139566611,-63.71950481493161,0.05824833139566611,-65.0,0.0,-65.0,0.0
177.4,-65.0,0.0,-63.69735982227877,0.05709493715636414,-63.69735982227877,0.05709493715636414,-65.0,0.0,-65.0,0.0
177.5,-65.0,0.0,-63.67589083234078,0.055964381653200695,-63.67589083234078,0.055964381653200695,-65.0,0.0,-65.0,0.0
177.60000000000002,-65.0,0.0,-63.65508327185462,0.054856212648900234,-63.65508327185462,0.054856212648900234,-65.0,0.0,-65.0,0.0
177.70000000000002,-64.9,0.0,-63.634922862064805,0.05376998686108526,-63.634922862064805,0.05376998686108526,-65.0,0.0,-65.0,0.0
177.8,-64.8005,0.0,-63.615395612862,0.05270526978495743,-63.615395612862,0.05270526978495743,-65.0,0.0,-65.0,0.0
177.9,-64.7014975,0.0,-63.596487817037946,0.051661635519489886,-63.596487817037946,0.051661635519489886,-65.0,0.0,-65.0,0.0
178.0,-64.6029900125,0.0,-63.578186044654224,0.05063866659706113,-63.578186044654224,0.05063866659706113,-65.0,0.0,-65.0,0.0
178.10000000000002,-64.5049750624375,0.0,-63.560477137522724,0.04963595381646242,-63.560477137522724,0.04963595381646242,-65.0,0.0,-65.0,0.0
178.20000000000002,-64.4074501871253,0.0,-63.5433482037955,0.04865309607921184,-63.5433482037955,0.04865309607921184,-65.0,0.0,-65.0,0.0
178.3,-64.31041293618968,0.0,-63.52678661266197,0.04768970022910954,-63.52678661266197,0.04768970022910954,-65.0,0.0,-65.0,0.0
178.4,-64.21386087150873,0.0,-63.510779989151175,0.04674538089497003,-63.510779989151175,0.04674538089497003,-65.0,0.0,-65.0,0.0
178.5,-64.11779156715119,0.0,-63.495316209037185,0.04581976033646857,-63.495316209037185,0.04581976033646857,-65.0,0.0,-65.0,0.0
178.60000000000002,-64.02220260931543,0.0,-63.48038339384548,0.04491246829303998,-63.48038339384548,0.04491246829303998,-65.0,0.0,-65.0,0.0
178.70000000000002,-63.92709159626885,0.0,-63.46596990595837,0.0440231418357695,-63.46596990595837,0.0440231418357695,-65.0,0.0,-65.0,0.0
178.8,-63.832456138287505,0.0,-63.45206434381747,0.04315142522221638,-63.45206434381747,0.04315142522221638,-65.0,0.0,-65.0,0.0
178.9,-63.73829385759607,0.0,-63.43865553722132,0.04229696975411215,-63.43865553722132,0.04229696975411215,-65.0,0.0,-65.0,0.0
179.0,-63.64460238830809,0.0,-63.425732542716275,0.041459433637876686,-63.425732542716275,0.041459433637876686,-65.0,0.0,-65.0,0.0
179.10000000000002,-63.55137937636655,0.0,-63.413284639078746,0.04063848184789619,-63.413284639078746,0.04063848184789619,-65.0,0.0,-65.0,0.0
179.20000000000002,-63.45862247948472,0.0,-63.4013013228871,0.039833785992508496,-63.4013013228871,0.039833785992508496,-65.0,0.0,-65.0,0.0
179.3,-63.366329367087296,0.0,-63.38977230418134,0.03904502418264204,-63.38977230418134,0.03904502418264204,-65.0,0.0,-65.0,0.0
179.4,-63.27449772025186,0.0,-63.378687502208905,0.0382718809030559,-63.378687502208905,0.0382718809030559,-65.0,0.0,-65.0,0.0
179.5,-63.1831252316506,0.0,-63.368037041254794,0.03751404688612954,-63.368037041254794,0.03751404688612954,-65.0,0.0,-65.0,0.0
179.60000000000002,-63.09220960549235,0.0,-63.35781124655445,0.03677121898815159,-63.35781124655445,0.03677121898815159,-65.0,0.0,-65.0,0.0
179.70000000000002,-63.001748557464886,0.0,-63.348000640287644,0.03604310006805835,-63.348000640287644,0.03604310006805835,-65.0,0.0,-65.0,0.0
179.8,-62.91173981467756,0.0,-63.33859593765192,0.03532939886857342,-63.33859593765192,0.03532939886857342,-65.0,0.0,-65.0,0.0
179.9,-62.822181115604174,0.0,-63.32958804301381,0.03462982989970084,-63.32958804301381,0.03462982989970084,-65.0,0.0,-65.0,0.0
180.0,-62.733070210026156,0.0,-63.32096804613648,0.03394411332452537,-63.32096804613648,0.03394411332452537,-65.0,0.0,-65.0,0.0
180.10000000000002,-62.644404858976024,0.0,-63.31272721848216,0.03327197484727392,-63.31272721848216,0.03327197484727392,-65.0,0.0,-65.0,0.0
180.20000000000002,-62.556182834681145,0.0,-63.30485700958795,0.03261314560359363,-63.30485700958795,0.03261314560359363,-65.0,0.0,-65.0,0.0
180.3,-62.46840192050774,0.0,-63.297349043513506,0.03196736205300251,-63.297349043513506,0.03196736205300251,-65.0,0.0,-65.0,0.0
180.4,-62.3810599109052,0.0,-63.290195115359204,0.03133436587346977,-63.290195115359204,0.03133436587346977,-65.0,0.0,-65.0,0.0
180.5,-62.29415461135068,0.0,-63.283387187853364,0.03071390385808354,-63.283387187853364,0.03071390385808354,-65.0,0.0,-65.0,0.0
180.60000000000002,-62.207683838293924,0.0,-63.27691738800721,0.030105727813764718,-63.27691738800721,0.030105727813764718,-65.0,0.0,-65.0,0.0
180.70000000000002,-62.12164541910246,0.0,-63.270778003836185,0.029509594461986456,-63.270778003836185,0.029509594461986456,-65.0,0.0,-65.0,0.0
180.8,-62.036037192006944,0.0,-63.26496148114627,0.028925265341459495,-63.26496148114627,0.028925265341459495,-65.0,0.0,-65.0,0.0
180.9,-61.95085700604691,0.0,-63.259460420384166,0.028352506712744467,-63.259460420384166,0.028352506712744467,-65.0,0.0,-65.0,0.0
181.0,-61.866102721016674,0.0,-63.25426757354987,0.027791089464752998,-63.25426757354987,0.027791089464752998,-65.0,0.0,-65.0,0.0
181.10000000000002,-61.78177220741159,0.0,-63.24937584117057,0.02724078902310023,-63.24937584117057,0.02724078902310023,-65.0,0.0,-65.0,0.0
181.20000000000002,-61.69786334637453,0.0,-63.24477826933458,0.02670138526027207,-63.24477826933458,0.02670138526027207,-65.0,0.0,-65.0,0.0
181.3,-61.61437402964266,0.0,-63.24046804678412,0.026172662407571233,-63.24046804678412,0.026172662407571233,-65.0,0.0,-65.0,0.0
181.4,-61.53130215949445,0.0,-63.2364385020658,0.02565440896880691,-63.2364385020658,0.02565440896880691,-65.0,0.0,-65.0,0.0
181.5,-61.44864564869698,0.0,-63.232683100737624,0.025146417635693457,-63.232683100737624,0.025146417635693457,-65.0,0.0,-65.0,0.0
181.60000000000002,-61.3664024204535,0.0,-63.22919544263147,0.02464848520492432,-63.22919544263147,0.02464848520492432,-65.0,0.0,-65.0,0.0
181.70000000000002,-61.28457040835123,0.0,-63.22596925916987,0.024160412496888002,-63.22596925916987,0.024160412496888002,-65.0,0.0,-65.0,0.0
181.8,-61.203147556309474,0.0,-63.222998410736025,0.02368200427599357,-63.222998410736025,0.02368200427599357,-65.0,0.0,-65.0,0.0
181.9,-61.122131818527926,0.0,-63.22027688409606,0.023213069172573802,-63.22027688409606,0.023213069172573802,-65.0,0.0,-65.0,0.0
182.0,-61.041521159435284,0.0,-63.21779878987241,0.022753419606334778,-63.21779878987241,0.022753419606334778,-65.0,0.0,-65.0,0.0
182.10000000000002,-60.96131355363811,0.0,-63.21555836006739,0.022302871711321264,-63.21555836006739,0.022302871711321264,-65.0,0.0,-65.0,0.0
182.20000000000002,-60.88150698586992,0.0,-63.21354994563587,0.021861245262367865,-63.21354994563587,0.021861245262367865,-65.0,0.0,-65.0,0.0
182.3,-60.80209945094057,0.0,-63.211768014106184,0.02142836360300657,-63.211768014106184,0.02142836360300657,-65.0,0.0,-65.0,0.0
182.4,-60.72308895368587,0.0,-63.210207147248255,0.0210040535748018,-63.210207147248255,0.0210040535748018,-65.0,0.0,-65.0,0.0
182.5,-60.644473508917436,0.0,-63.20886203878797,0.020588145448084735,-63.20886203878797,0.020588145448084735,-65.0,0.0,-65.0,0.0
182.60000000000002,-60.566251141372845,0.0,-63.207727492167,0.02018047285405917,-63.207727492167,0.02018047285405917,-65.0,0.0,-65.0,0.0
182.70000000000002,-60.488419885665984,0.0,-63.20679841834704,0.019780872718251786,-63.20679841834704,0.019780872718251786,-65.0,0.0,-65.0,0.0
182.8,-60.41097778623765,0.0,-63.206069833657665,0.01938918519528019,-63.206069833657665,0.01938918519528019,-65.0,0.0,-65.0,0.0
182.9,-60.333922897306465,0.0,-63.20553685768692,0.019005253604912623,-63.20553685768692,0.019005253604912623,-65.0,0.0,-65.0,0.0
183.0,-60.25725328281993,0.0,-63.20519471121379,0.01862892436939378,-63.20519471121379,0.01862892436939378,-65.0,0.0,-65.0,0.0
183.10000000000002,-60.18096701640583,0.0,-63.20503871418172,0.018260046952011666,-63.20503871418172,0.018260046952011666,-65.0,0.0,-65.0,0.0
183.20000000000002,-60.1050621813238,0.0,-63.20506428371237,0.017898473796880896,-63.20506428371237,0.017898473796880896,-65.0,0.0,-65.0,0.0
183.3,-60.02953687041718,0.0,-63.20526693215885,0.017544060269918376,-63.20526693215885,0.017544060269918376,-65.0,0.0,-65.0,0.0
183.4,-59.95438918606509,0.0,-63.20564226519756,0.017196664600987746,-63.20564226519756,0.017196664600987746,-65.0,0.0,-65.0,0.0
183.5,-59.87961724013477,0.0,-63.20618597995798,0.01685614782718943,-63.20618597995798,0.01685614782718943,-65.0,0.0,-65.0,0.0
183.60000000000002,-59.8052191539341,0.0,-63.20689386318955,0.016522373737273624,-63.20689386318955,0.016522373737273624,-65.0,0.0,-65.0,0.0
183.70000000000002,-59.73119305816443,0.0,-63.207761789465025,0.016195208817153983,-63.207761789465025,0.016195208817153983,-65.0,0.0,-65.0,0.0
183.8,-59.6575370928736,0.0,-63.20878571941945,0.0158745221965002,-63.20878571941945,0.0158745221965002,-65.0,0.0,-65.0,0.0
183.9,-59.58424940740924,0.0,-63.20996169802416,0.015560185596388134,-63.20996169802416,0.015560185596388134,-65.0,0.0,-65.0,0.0
184.0,-59.511328160372194,0.0,-63.211285852895045,0.015252073277986531,-63.211285852895045,0.015252073277986531,-65.0,0.0,-65.0,0.0
184.10000000000002,-59.43877151957033,0.0,-63.21275439263444,0.014950061992259811,-63.21275439263444,0.014950061992259811,-65.0,0.0,-65.0,0.0
184.20000000000002,-59.36657766197248,0.0,-63.21436360520593,0.014654030930666813,-63.21436360520593,0.014654030930666813,-65.0,0.0,-65.0,0.0
184.3,-59.294744773662615,0.0,-63.21610985634148,0.014363861676835767,-63.21610985634148,0.014363861676835767,-65.0,0.0,-65.0,0.0
184.4,-59.2232710497943,0.0,-63.21798958798018,0.014079438159196163,-63.21798958798018,0.014079438159196163,-65.0,0.0,-65.0,0.0
184.5,-59.15215469454533,0.0,-63.219999316738004,0.013800646604548583,-63.219999316738004,0.013800646604548583,-65.0,0.0,-65.0,0.0
184.60000000000002,-59.0813939210726,0.0,-63.22213563240804,0.013527375492553898,-63.22213563240804,0.013527375492553898,-65.0,0.0,-65.0,0.0
184.70000000000002,-59.01098695146724,0.0,-63.22439519649044,0.013259515511123646,-63.22439519649044,0.013259515511123646,-65.0,0.0,-65.0,0.0
184.8,-58.9409320167099,0.0,-63.226774740751644,0.01299695951269374,-63.226774740751644,0.01299695951269374,-65.0,0.0,-65.0,0.0
184.9,-58.87122735662635,0.0,-63.229271065812206,0.012739602471364016,-63.229271065812206,0.012739602471364016,-65.0,0.0,-65.0,0.0
185.0,-58.801871219843214,0.0,-63.231881039762705,0.012487341440886469,-63.231881039762705,0.012487341440886469,-65.0,0.0,-65.0,0.0
185.10000000000002,-58.732861863744,0.0,-63.234601596807146,0.012240075513485382,-63.234601596807146,0.012240075513485382,-65.0,0.0,-65.0,0.0
185.20000000000002,-58.66419755442528,0.0,-63.23742973593336,0.011997705779492872,-63.23742973593336,0.011997705779492872,-65.0,0.0,-65.0,0.0
185.3,-58.59587656665315,0.0,-63.2403625196098,0.011760135287783703,-63.2403625196098,0.011760135287783703,-65.0,0.0,-65.0,0.0
185.4,-58.52789718381989,0.0,-63.24339707250826,0.011527269006993543,-63.24339707250826,0.011527269006993543,-65.0,0.0,-65.0,0.0
185.5,-58.460257697900786,0.0,-63.246530580251964,0.011299013787505148,-63.246530580251964,0.011299013787505148,-65.0,0.0,-65.0,0.0
185.60000000000002,-58.39295640941128,0.0,-63.24976028818861,0.011075278324187282,-63.24976028818861,0.011075278324187282,-65.0,0.0,-65.0,0.0
185.70000000000002,-58.325991627364225,0.0,-63.253083500187735,0.010855973119871437,-63.253083500187735,0.010855973119871437,-65.0,0.0,-65.0,0.0
185.8,-58.2593616692274,0.0,-63.25649757746202,0.010641010449551779,-63.25649757746202,0.010641010449551779,-65.0,0.0,-65.0,0.0
185.9,-58.193064860881265,0.0,-63.25999993741206,0.010430304325293974,-63.25999993741206,0.010430304325293974,-65.0,0.0,-65.0,0.0
186.0,-58.12709953657686,0.0,-63.26358805249408,0.010223770461838864,-63.26358805249408,0.010223770461838864,-65.0,0.0,-65.0,0.0
186.10000000000002,-58.06146403889397,0.0,-63.26725944911016,0.010021326242887247,-63.26725944911016,0.010021326242887247,-65.0,0.0,-65.0,0.0
186.20000000000002,-57.9961567186995,0.0,-63.27101170652059,0.00982289068805225,-63.27101170652059,0.00982289068805225,-65.0,0.0,-65.0,0.0
186.3,-57.931175935106005,0.0,-63.27484245577775,0.009628384420466096,-63.27484245577775,0.009628384420466096,-65.0,0.0,-65.0,0.0
186.4,-57.86652005543048,0.0,-63.27874937868135,0.0094377296350283,-63.27874937868135,0.0094377296350283,-65.0,0.0,-65.0,0.0
186.5,-57.80218745515332,0.0,-63.2827302067543,0.009250850067282587,-63.2827302067543,0.009250850067282587,-65.0,0.0,-65.0,0.0
186.60000000000002,-57.738176517877555,0.0,-63.286782720239074,0.009067670962910099,-63.286782720239074,0.009067670962910099,-65.0,0.0,-65.0,0.0
186.70000000000002,-57.674485635288164,0.0,-63.29090474711396,0.008888119047826666,-63.29090474711396,0.008888119047826666,-65.0,0.0,-65.0,0.0
186.8,-57.61111320711172,0.0,-63.295094162128954,0.0087121224988722,-63.295094162128954,0.0087121224988722,-65.0,0.0,-65.0,0.0
186.9,-57.54805764107616,0.0,-63.299348885860766,0.008539610915080464,-63.299348885860766,0.008539610915080464,-65.0,0.0,-65.0,0.0
187.0,-57.48531735287078,0.0,-63.303666883786704,0.008370515289517757,-63.303666883786704,0.008370515289517757,-65.0,0.0,-65.0,0.0
187.10000000000002,-57.42289076610643,0.0,-63.30804616537693,0.008204767981679215,-63.30804616537693,0.008204767981679215,-65.0,0.0,-65.0,0.0
187.20000000000002,-57.360776312275895,0.0,-63.31248478320483,0.008042302690431711,-63.31248478320483,0.008042302690431711,-65.0,0.0,-65.0,0.0
187.3,-57.298972430714514,0.0,-63.31698083207506,0.007883054427492512,-63.31698083207506,0.007883054427492512,-65.0,0.0,-65.0,0.0
187.4,-57.23747756856094,0.0,-63.321532448168966,0.007726959491433104,-63.321532448168966,0.007726959491433104,-65.0,0.0,-65.0,0.0
187.5,-57.176290180718134,0.0,-63.32613780820702,0.007573955442197768,-63.32613780820702,0.007573955442197768,-65.0,0.0,-65.0,0.0
187.60000000000002,-57.11540872981454,0.0,-63.330795128627926,0.007423981076126731,-63.330795128627926,0.007423981076126731,-65.0,0.0,-65.0,0.0
187.70000000000002,-57.054831686165464,0.0,-63.33550266478405,0.007276976401473879,-63.33550266478405,0.007276976401473879,-65.0,0.0,-65.0,0.0
187.8,-56.994557527734635,0.0,-63.34025871015292,0.007132882614409262,-63.34025871015292,0.007132882614409262,-65.0,0.0,-65.0,0.0
187.9,-56.934584740095964,0.0,-63.34506159556441,0.006991642075496779,-63.34506159556441,0.006991642075496779,-65.0,0.0,-65.0,0.0
188.0,-56.87491181639548,0.0,-63.34990968844327,0.006853198286637632,-63.34990968844327,0.006853198286637632,-65.0,0.0,-65.0,0.0
188.10000000000002,-56.8155372573135,0.0,-63.35480139206682,0.006717495868470335,-63.35480139206682,0.006717495868470335,-65.0,0.0,-65.0,0.0
188.20000000000002,-56.75645957102693,0.0,-63.35973514483737,0.006584480538218232,-63.35973514483737,0.006584480538218232,-65.0,0.0,-65.0,0.0
188.3,-56.6976772731718,0.0,-63.364709419569195,0.006454099087975661,-63.364709419569195,0.006454099087975661,-65.0,0.0,-65.0,0.0
188.4,-56.63918888680594,0.0,-63.36972272278964,0.006326299363424082,-63.36972272278964,0.006326299363424082,-65.0,0.0,-65.0,0.0
188.5,-56.58099294237191,0.0,-63.374773594054204,0.006201030242969655,-63.374773594054204,0.006201030242969655,-65.0,0.0,-65.0,0.0
188.60000000000002,-56.52308797766005,0.0,-63.37986060527528,0.006078241617293922,-63.37986060527528,0.006078241617293922,-65.0,0.0,-65.0,0.0
188.70000000000002,-56.465472537771745,0.0,-63.38498236006425,0.0059578843693094095,-63.38498236006425,0.0059578843693094095,-65.0,0.0,-65.0,0.0
188.8,-56.408145175082886,0.0,-63.39013749308667,0.005839910354512138,-63.39013749308667,0.005839910354512138,-65.0,0.0,-65.0,0.0
188.9,-56.35110444920747,0.0,-63.39532466943037,0.00572427238172318,-63.39532466943037,0.00572427238172318,-65.0,0.0,-65.0,0.0
189.0,-56.29434892696143,0.0,-63.400542583986116,0.005610924194211561,-63.400542583986116,0.005610924194211561,-65.0,0.0,-65.0,0.0
189.10000000000002,-56.23787718232663,0.0,-63.40578996084059,0.0054998204511909465,-63.40578996084059,0.0054998204511909465,-65.0,0.0,-65.0,0.0
189.20000000000002,-56.18168779641499,0.0,-63.41106555268155,0.005390916709682726,-63.41106555268155,0.005390916709682726,-65.0,0.0,-65.0,0.0
189.3,-56.12577935743292,0.0,-63.41636814021477,0.005284169406738226,-63.41636814021477,0.005284169406738226,-65.0,0.0,-65.0,0.0
189.4,-56.070150460645756,0.0,-63.421696531592694,0.005179535842012952,-63.421696531592694,0.005179535842012952,-65.0,0.0,-65.0,0.0
189.5,-56.01479970834253,0.0,-63.42704956185439,0.005076974160685884,-63.42704956185439,0.005076974160685884,-65.0,0.0,-65.0,0.0
189.60000000000002,-55.959725709800814,0.0,-63.43242609237676,0.00497644333671698,-63.43242609237676,0.00497644333671698,-65.0,0.0,-65.0,0.0
189.70000000000002,-55.90492708125181,0.0,-63.43782501033666,0.004877903156436226,-63.43782501033666,0.004877903156436226,-65.0,0.0,-65.0,0.0
189.8,-55.85040244584555,0.0,-63.44324522818375,0.004781314202457623,-63.44324522818375,0.004781314202457623,-65.0,0.0,-65.0,0.0
189.9,-55.796150433616326,0.0,-63.44868568312388,0.004686637837911708,-63.44868568312388,0.004686637837911708,-65.0,0.0,-65.0,0.0
190.0,-55.742169681448246,0.0,-63.45414533661276,0.004593836190990296,-63.45414533661276,0.004593836190990296,-65.0,0.0,-65.0,0.0
190.10000000000002,-55.688458833041004,0.0,-63.4596231738598,0.0045028721397972465,-63.4596231738598,0.0045028721397972465,-65.0,0.0,-65.0,0.0
190.20000000000002,-55.635016538875796,0.0,-63.465118203341746,0.004413709297499211,-63.465118203341746,0.004413709297499211,-65.0,0.0,-65.0,0.0
190.3,-55.581841456181415,0.0,-63.47062945632615,0.004326311997770418,-63.47062945632615,0.004326311997770418,-65.0,0.0,-65.0,0.0
190.4,-55.52893224890051,0.0,-63.47615598640426,0.004240645280525661,-63.47615598640426,0.004240645280525661,-65.0,0.0,-65.0,0.0
190.5,-55.47628758765601,0.0,-63.48169686903327,0.0041566748779358065,-63.48169686903327,0.0041566748779358065,-65.0,0.0,-65.0,0.0
190.60000000000002,-55.42390614971773,0.0,-63.487251201087744,0.004074367200720196,-63.487251201087744,0.004074367200720196,-65.0,0.0,-65.0,0.0
190.70000000000002,-55.37178661896914,0.0,-63.49281810041995,0.0039936893247104945,-63.49281810041995,0.0039936893247104945,-65.0,0.0,-65.0,0.0
190.8,-55.31992768587429,0.0,-63.498396705429016,0.003914608977680578,-63.498396705429016,0.003914608977680578,-65.0,0.0,-65.0,0.0
190.9,-55.26832804744492,0.0,-63.503986174638655,0.003837094526437216,-63.503986174638655,0.003837094526437216,-65.0,0.0,-65.0,0.0
191.0,-55.21698640720769,0.0,-63.50958568628338,0.0037611149641663716,-63.50958568628338,0.0037611149641663716,-65.0,0.0,-65.0,0.0
191.10000000000002,-55.16590147517165,0.0,-63.51519443790295,0.0036866398980300616,-63.51519443790295,0.0036866398980300616,-65.0,0.0,-65.0,0.0
191.20000000000002,-55.11507196779579,0.0,-63.52081164594493,0.0036136395370088177,-63.52081164594493,0.0036136395370088177,-65.0,0.0,-65.0,0.0
191.3,-55.06449660795681,0.0,-63.52643654537521,0.0035420846799848805,-63.52643654537521,0.0035420846799848805,-65.0,0.0,-65.0,0.0
191.4,-55.01417412491703,0.0,-63.532068389296306,0.0034719467040613627,-63.532068389296306,0.0034719467040613627,-65.0,0.0,-65.0,0.0
191.5,-54.96410325429244,0.0,-63.53770644857327,0.0034031975531127094,-63.53770644857327,0.0034031975531127094,-65.0,0.0,-65.0,0.0
191.60000000000002,-54.91428273802098,0.0,-63.54335001146712,0.0033358097265618735,-63.54335001146712,0.0033358097265618735,-65.0,0.0,-65.0,0.0
191.70000000000002,-54.86471132433088,0.0,-63.548998383275595,0.0032697562683797186,-63.548998383275595,0.0032697562683797186,-65.0,0.0,-65.0,0.0
191.8,-54.815387767709225,0.0,-63.55465088598107,0.003205010756302247,-63.55465088598107,0.003205010756302247,-65.0,0.0,-65.0,0.0
191.9,-54.76631082887068,0.0,-63.56030685790553,0.0031415472912613425,-63.56030685790553,0.0031415472912613425,-65.0,0.0,-65.0,0.0
192.0,-54.71747927472632,0.0,-63.56596565337249,0.0030793404870247984,-63.56596565337249,0.0030793404870247984,-65.0,0.0,-65.0,0.0
192.10000000000002,-54.66889187835269,0.0,-63.571626642375605,0.003018365460041485,-63.571626642375605,0.003018365460041485,-65.0,0.0,-65.0,0.0
192.20000000000002,-54.620547418960925,0.0,-63.57728921025399,0.0029585978194875974,-63.57728921025399,0.0029585978194875974,-65.0,0.0,-65.0,0.0
192.3,-54.57244468186612,0.0,-63.58295275737396,0.002900013657510002,-63.58295275737396,0.002900013657510002,-65.0,0.0,-65.0,0.0
192.4,-54.52458245845679,0.0,-63.58861669881726,0.002842589539662775,-63.58861669881726,0.002842589539662775,-65.0,0.0,-65.0,0.0
192.5,-54.47695954616451,0.0,-63.59428046407541,0.002786302495533112,-63.59428046407541,0.002786302495533112,-65.0,0.0,-65.0,0.0
192.60000000000002,-54.42957474843369,0.0,-63.59994349675026,0.0027311300095528577,-63.59994349675026,0.0027311300095528577,-65.0,0.0,-65.0,0.0
192.70000000000002,-54.38242687469152,0.0,-63.60560525426051,0.0026770500119919767,-63.60560525426051,0.0026770500119919767,-65.0,0.0,-65.0,0.0
192.8,-54.33551474031806,0.0,-63.61126520755414,0.0026240408701303686,-63.61126520755414,0.0026240408701303686,-65.0,0.0,-65.0,0.0
192.9,-54.28883716661647,0.0,-63.61692284082657,0.002572081379604491,-63.61692284082657,0.002572081379604491,-65.0,0.0,-65.0,0.0
193.0,-54.242392980783386,0.0,-63.62257765124447,0.002521150755925331,-63.62257765124447,0.002521150755925331,-65.0,0.0,-65.0,0.0
193.10000000000002,-54.19618101587947,0.0,-63.62822914867517,0.0024712286261643324,-63.62822914867517,0.0024712286261643324,-65.0,0.0,-65.0,0.0
193.20000000000002,-54.15020011080007,0.0,-63.63387685542139,0.002422295020803954,-63.63387685542139,0.002422295020803954,-65.0,0.0,-65.0,0.0
193.3,-54.10444911024607,0.0,-63.63952030596141,0.002374330365749595,-63.63952030596141,0.002374330365749595,-65.0,0.0,-65.0,0.0
193.4,-54.05892686469484,0.0,-63.64515904669435,0.002327315474499696,-63.64515904669435,0.002327315474499696,-65.0,0.0,-65.0,0.0
193.5,-54.013632230371364,0.0,-63.65079263569064,0.0022812315404708836,-63.65079263569064,0.0022812315404708836,-65.0,0.0,-65.0,0.0
193.60000000000002,-53.96856406921951,0.0,-63.65642064244745,0.002236060129475086,-63.65642064244745,0.002236060129475086,-65.0,0.0,-65.0,0.0
193.70000000000002,-53.92372124887341,0.0,-63.66204264764904,0.0021917831723456105,-63.66204264764904,0.0021917831723456105,-65.0,0.0,-65.0,0.0
193.8,-53.87910264262904,0.0,-63.667658242931935,0.0021483829577092386,-63.667658242931935,0.0021483829577092386,-65.0,0.0,-65.0,0.0
193.9,-53.8347071294159,0.0,-63.67326703065483,0.0021058421249014387,-63.67326703065483,0.0021058421249014387,-65.0,0.0,-65.0,0.0
194.0,-53.790533593768814,0.0,-63.67886862367304,0.002064143657021869,-63.67886862367304,0.002064143657021869,-65.0,0.0,-65.0,0.0
194.10000000000002,-53.74658092579997,0.0,-63.68446264511761,0.00202327087412739,-63.68446264511761,0.00202327087412739,-65.0,0.0,-65.0,0.0
194.20000000000002,-53.702848021170965,0.0,-63.690048728178745,0.0019832074265598667,-63.690048728178745,0.0019832074265598667,-65.0,0.0,-65.0,0.0
194.3,-53.65933378106511,0.0,-63.69562651589365,0.0019439372884060857,-63.69562651589365,0.0019439372884060857,-65.0,0.0,-65.0,0.0
194.4,-53.61603711215978,0.0,-63.70119566093864,0.0019054447510871765,-63.70119566093864,0.0019054447510871765,-65.0,0.0,-65.0,0.0
194.5,-53.572956926598984,0.0,-63.706755825425404,0.0018677144170749708,-63.706755825425404,0.0018677144170749708,-65.0,0.0,-65.0,0.0
194.60000000000002,-53.53009214196599,0.0,-63.71230668070141,0.0018307311937327863,-63.71230668070141,0.0018307311937327863,-65.0,0.0,-65.0,0.0
194.70000000000002,-53.48744168125616,0.0,-63.717847907154265,0.0017944802872781693,-63.717847907154265,0.0017944802872781693,-65.0,0.0,-65.0,0.0
194.8,-53.445004472849874,0.0,-63.72337919402006,0.0017589471968651866,-63.72337919402006,0.0017589471968651866,-65.0,0.0,-65.0,0.0
194.9,-53.402779450485625,0.0,-63.72890023919557,0.0017241177087838919,-63.72890023919557,0.0017241177087838919,-65.0,0.0,-65.0,0.0
195.0,-53.36076555323319,0.0,-63.734410749054206,0.0016899778907746533,-63.734410749054206,0.0016899778907746533,-65.0,0.0,-65.0,0.0
195.10000000000002,-53.31896172546703,0.0,-63.73991043826571,0.0016565140864550638,-63.73991043826571,0.0016565140864550638,-65.0,0.0,-65.0,0.0
195.20000000000002,-53.27736691683969,0.0,-63.745399029619456,0.0016237129098572052,-63.745399029619456,0.0016237129098572052,-65.0,0.0,-65.0,0.0
195.3,-53.23598008225549,0.0,-63.750876253851324,0.0015915612400730836,-63.750876253851324,0.0015915612400730836,-65.0,0.0,-65.0,0.0
195.4,-53.19480018184421,0.0,-63.75634184947406,0.0015600462160060907,-63.75634184947406,0.0015600462160060907,-65.0,0.0,-65.0,0.0
195.5,-53.153826180934985,0.0,-63.76179556261108,0.0015291552312263939,-63.76179556261108,0.0015291552312263939,-65.0,0.0,-65.0,0.0
195.60000000000002,-53.11305705003031,0.0,-63.76723714683356,0.0014988759289281959,-63.76723714683356,0.0014988759289281959,-65.0,0.0,-65.0,0.0
195.70000000000002,-53.07249176478015,0.0,-63.772666363000894,0.001469196196986848,-63.772666363000894,0.001469196196986848,-65.0,0.0,-65.0,0.0
195.8,-53.03212930595625,0.0,-63.77808297910433,0.0014401041631138386,-63.77808297910433,0.0014401041631138386,-65.0,0.0,-65.0,0.0
195.9,-52.99196865942647,0.0,-63.78348677011376,0.0014115881901077196,-63.78348677011376,0.0014115881901077196,-65.0,0.0,-65.0,0.0
196.0,-52.952008816129336,0.0,-63.78887751782759,0.0013836368711990705,-63.78887751782759,0.0013836368711990705,-65.0,0.0,-65.0,0.0
196.10000000000002,-52.91224877204869,0.0,-63.79425501072571,0.0013562390254876387,-63.79425501072571,0.0013562390254876387,-65.0,0.0,-65.0,0.0
196.20000000000002,-52.87268752818845,0.0,-63.79961904382535,0.0013293836934698301,-63.79961904382535,0.0013293836934698301,-65.0,0.0,-65.0,0.0
196.3,-52.83332409054751,0.0,-63.8049694185399,0.0013030601326547617,-63.8049694185399,0.0013030601326547617,-65.0,0.0,-65.0,0.0
196.4,-52.79415747009477,0.0,-63.810305942540566,0.001277257813267122,-63.810305942540566,0.001277257813267122,-65.0,0.0,-65.0,0.0
196.5,-52.755186682744295,0.0,-63.815628429620844,0.0012519664140351204,-63.815628429620844,0.0012519664140351204,-65.0,0.0,-65.0,0.0
196.60000000000002,-52.71641074933057,0.0,-63.82093669956371,0.0012271758180618408,-63.82093669956371,0.0012271758180618408,-65.0,0.0,-65.0,0.0
196.70000000000002,-52.67782869558392,0.0,-63.826230578011504,0.0012028761087783484,-63.826230578011504,0.0012028761087783484,-65.0,0.0,-65.0,0.0
196.8,-52.639439552106,0.0,-63.83150989633846,0.0011790575659769292,-63.83150989633846,0.0011790575659769292,-65.0,0.0,-65.0,0.0
196.9,-52.601242354345466,0.0,-63.83677449152581,0.0011557106619228782,-63.83677449152581,0.0011557106619228782,-65.0,0.0,-65.0,0.0
197.0,-52.563236142573736,0.0,-63.842024206039405,0.0011328260575432772,-63.842024206039405,0.0011328260575432772,-65.0,0.0,-65.0,0.0
197.10000000000002,-52.52541996186087,0.0,-63.84725888770986,0.0011103945986912422,-63.84725888770986,0.0011103945986912422,-65.0,0.0,-65.0,0.0
197.20000000000002,-52.48779286205156,0.0,-63.85247838961507,0.0010884073124841425,-63.85247838961507,0.0010884073124841425,-65.0,0.0,-65.0,0.0
197.3,-52.45035389774131,0.0,-63.85768256996514,0.0010668554037143274,-63.85768256996514,0.0010668554037143274,-65.0,0.0,-65.0,0.0
197.4,-52.4131021282526,0.0,-63.86287129198965,0.0010457302513309265,-63.86287129198965,0.0010457302513309265,-65.0,0.0,-65.0,0.0
197.5,-52.37603661761134,0.0,-63.86804442382721,0.0010250234049913138,-63.86804442382721,0.0010250234049913138,-65.0,0.0,-65.0,0.0
197.60000000000002,-52.33915643452328,0.0,-63.87320183841723,0.0010047265816808587,-63.87320183841723,0.0010047265816808587,-65.0,0.0,-65.0,0.0
197.70000000000002,-52.30246065235067,0.0,-63.87834341339394,0.000984831662399609,-63.87834341339394,0.000984831662399609,-65.0,0.0,-65.0,0.0
197.8,-52.265948349088916,0.0,-63.88346903098252,0.000965330688914583,-63.88346903098252,0.000965330688914583,-65.0,0.0,-65.0,0.0
197.9,-52.22961860734347,0.0,-63.88857857789732,0.0009462158605763703,-63.88857857789732,0.0009462158605763703,-65.0,0.0,-65.0,0.0
198.0,-52.19347051430675,0.0,-63.89367194524223,0.0009274795311987678,-63.89367194524223,0.0009274795311987678,-65.0,0.0,-65.0,0.0
198.10000000000002,-52.15750316173522,0.0,-63.89874902841302,0.0009091142060002036,-63.89874902841302,0.0009091142060002036,-65.0,0.0,-65.0,0.0
198.20000000000002,-52.12171564592654,0.0,-63.90380972700165,0.0008911125386057237,-63.90380972700165,0.0008911125386057237,-65.0,0.0,-65.0,0.0
198.3,-52.08610706769691,0.0,-63.908853944702585,0.0008734673281083451,-63.908853944702585,0.0008734673281083451,-65.0,0.0,-65.0,0.0
198.4,-52.05067653235842,0.0,-63.91388158922098,0.0008561715161885962,-63.91388158922098,0.0008561715161885962,-65.0,0.0,-65.0,0.0
198.5,-52.01542314969663,0.0,-63.91889257218273,0.000839218184291095,-63.91889257218273,0.000839218184291095,-65.0,0.0,-65.0,0.0
198.60000000000002,-51.980346033948145,0.0,-63.92388680904639,0.0008226005508570354,-63.92388680904639,0.0008226005508570354,-65.0,0.0,-65.0,0.0
198.70000000000002,-51.9454443037784,0.0,-63.92886421901685,0.0008063119686114722,-63.92886421901685,0.0008063119686114722,-65.0,0.0,-65.0,0.0
198.8,-51.91071708225951,0.0,-63.933824724960814,0.0007903459219043231,-63.933824724960814,0.0007903459219043231,-65.0,0.0,-65.0,0.0
198.9,-51.876163496848214,0.0,-63.93876825332396,0.0007746960241040219,-63.93876825332396,0.0007746960241040219,-65.0,0.0,-65.0,0.0
199.0,-51.84178267936397,0.0,-63.943694734049814,0.0007593560150427804,-63.943694734049814,0.0007593560150427804,-65.0,0.0,-65.0,0.0
199.10000000000002,-51.807573765967156,0.0,-63.94860410050031,0.0007443197585124378,-63.94860410050031,0.0007443197585124378,-65.0,0.0,-65.0,0.0
199.20000000000002,-51.77353589713732,0.0,-63.9534962893779,0.000729581239809896,-63.9534962893779,0.000729581239809896,-65.0,0.0,-65.0,0.0
199.3,-51.739668217651634,0.0,-63.95837124064935,0.0007151345633311577,-63.95837124064935,0.0007151345633311577,-65.0,0.0,-65.0,0.0
199.4,-51.70596987656337,0.0,-63.963228897471,0.0007009739502130065,-63.963228897471,0.0007009739502130065,-65.0,0.0,-65.0,0.0
199.5,-51.672440027180556,0.0,-63.96806920611563,0.0006870937360213845,-63.96806920611563,0.0006870937360213845,-65.0,0.0,-65.0,0.0
199.60000000000002,-51.63907782704465,0.0,-63.972892115900805,0.000673488368485543,-63.972892115900805,0.000673488368485543,-65.0,0.0,-65.0,0.0
199.70000000000002,-51.60588243790943,0.0,-63.97769757911866,0.0006601524052770604,-63.97769757911866,0.0006601524052770604,-65.0,0.0,-65.0,0.0
199.8,-51.57285302571988,0.0,-63.982485550967155,0.000647080511832838,-63.982485550967155,0.000647080511832838,-65.0,0.0,-65.0,0.0
199.9,-51.53998876059128,0.0,-63.98725598948271,0.0006342674592212039,-63.98725598948271,0.0006342674592212039,-65.0,0.0,-65.0,0.0
200.0,-51.507288816788325,0.0,-63.992008855474275,0.0006217081220502706,-63.992008855474275,0.0006217081220502706,-65.0,0.0,-65.0,0.0
200.10000000000002,-51.47475237270438,0.0,-63.99674411245869,0.0006093974764177096,-63.99674411245869,0.0006093974764177096,-65.0,0.0,-65.0,0.0
200.20000000000002,-51.442378610840855,0.0,-64.00146172659746,0.0005973305979011236,-64.00146172659746,0.0005973305979011236,-65.0,0.0,-65.0,0.0
200.3,-51.41016671778665,0.0,-64.00616166663467,0.0005855026595882122,-64.00616166663467,0.0005855026595882122,-65.0,0.0,-65.0,0.0
200.4,-51.37811588419772,0.0,-64.01084390383642,0.0005739089301459423,-64.01084390383642,0.0005739089301459423,-65.0,0.0,-65.0,0.0
200.5,-51.34622530477673,0.0,-64.01550841193126,0.0005625447719279519,-64.01550841193126,0.0005625447719279519,-65.0,0.0,-65.0,0.0
200.60000000000002,-51.31449417825284,0.0,-64.02015516705205,0.0005514056391194296,-64.02015516705205,0.0005514056391194296,-65.0,0.0,-65.0,0.0
200.70000000000002,-51.28292170736158,0.0,-64.02478414767883,0.0005404870759187284,-64.02478414767883,0.0005404870759187284,-65.0,0.0,-65.0,0.0
200.8,-51.251507098824774,0.0,-64.02939533458306,0.0005297847147549851,-64.02939533458306,0.0005297847147549851,-65.0,0.0,-65.0,0.0
200.9,-51.22024956333065,0.0,-64.03398871077287,0.0005192942745410341,-64.03398871077287,0.0005192942745410341,-65.0,0.0,-65.0,0.0
201.0,-51.189148315514,0.0,-64.03856426143953,0.0005090115589609156,-64.03856426143953,0.0005090115589609156,-65.0,0.0,-65.0,0.0
201.10000000000002,-51.15820257393643,0.0,-64.04312197390495,0.0004989324547912927,-64.04312197390495,0.0004989324547912927,-65.0,0.0,-65.0,0.0
201.20000000000002,-51.127411561066744,0.0,-64.04766183757029,0.0004890529302561077,-64.04766183757029,0.0004890529302561077,-65.0,0.0,-65.0,0.0
201.3,-51.09677450326141,0.0,-64.05218384386573,0.0004793690334138179,-64.05218384386573,0.0004793690334138179,-65.0,0.0,-65.0,0.0
201.4,-51.0662906307451,0.0,-64.05668798620111,0.00046987689057656593,-64.05668798620111,0.00046987689057656593,-65.0,0.0,-65.0,0.0
201.5,-51.03595917759137,0.0,-64.06117425991772,0.00046057270476065334,-64.06117425991772,0.00046057270476065334,-65.0,0.0,-65.0,0.0
201.60000000000002,-51.00577938170341,0.0,-64.06564266224105,0.00045145275416769626,-64.06564266224105,0.00045145275416769626,-65.0,0.0,-65.0,0.0
201.70000000000002,-50.975750484794894,0.0,-64.0700931922345,0.0004425133906958566,-64.0700931922345,0.0004425133906958566,-65.0,0.0,-65.0,0.0
201.8,-50.94587173237092,0.0,-64.07452585075409,0.00043375103848055247,-64.07452585075409,0.00043375103848055247,-65.0,0.0,-65.0,0.0
201.9,-50.916142373709064,0.0,-64.07894064040408,0.0004251621924640649,-64.07894064040408,0.0004251621924640649,-65.0,0.0,-65.0,0.0
202.0,-50.88656166184052,0.0,-64.08333756549357,0.00041674341699346777,-64.08333756549357,0.00041674341699346777,-65.0,0.0,-65.0,0.0
202.10000000000002,-50.857128853531314,0.0,-64.08771663199387,0.000408491344446321,-64.08771663199387,0.000408491344446321,-65.0,0.0,-65.0,0.0
202.20000000000002,-50.827843209263655,0.0,-64.09207784749697,0.0004004026738835766,-64.09207784749697,0.0004004026738835766,-65.0,0.0,-65.0,0.0
202.3,-50.79870399321734,0.0,-64.09642122117462,0.0003924741697291592,-64.09642122117462,0.0003924741697291592,-65.0,0.0,-65.0,0.0
202.4,-50.76971047325125,0.0,-64.10074676373851,0.0003847026604756921,-64.10074676373851,0.0003847026604756921,-65.0,0.0,-65.0,0.0
202.5,-50.740861920884996,0.0,-64.10505448740112,0.0003770850374158525,-64.10505448740112,0.0003770850374158525,-65.0,0.0,-65.0,0.0
202.60000000000002,-50.712157611280574,0.0,-64.10934440583742,0.0003696182533988468,-64.10934440583742,0.0003696182533988468,-65.0,0.0,-65.0,0.0
202.70000000000002,-50.68359682322417,0.0,-64.11361653414743,0.00036229932161150973,-64.11361653414743,0.00036229932161150973,-65.0,0.0,-65.0,0.0
202.8,-50.65517883910805,0.0,-64.1178708888195,0.0003551253143835393,-64.1178708888195,0.0003551253143835393,-65.0,0.0,-65.0,0.0
202.9,-50.626902944912516,0.0,-64.1221074876944,0.0003480933620163896,-64.1221074876944,0.0003480933620163896,-65.0,0.0,-65.0,0.0
203.0,-50.59876843018795,0.0,-64.12632634993011,0.00034120065163535315,-64.12632634993011,0.00034120065163535315,-65.0,0.0,-65.0,0.0
203.10000000000002,-50.57077458803701,0.0,-64.13052749596743,0.00033444442606437355,-64.13052749596743,0.00033444442606437355,-65.0,0.0,-65.0,0.0
203.20000000000002,-50.54292071509683,0.0,-64.13471094749623,0.00032782198272313817,-64.13471094749623,0.00032782198272313817,-65.0,0.0,-65.0,0.0
203.3,-50.515206111521344,0.0,-64.13887672742247,0.0003213306725460101,-64.13887672742247,0.0003213306725460101,-65.0,0.0,-65.0,0.0
203.4,-50.48763008096374,0.0,-64.14302485983589,0.0003149678989223665,-64.14302485983589,0.0003149678989223665,-65.0,0.0,-65.0,0.0
203.5,-50.46019193055892,0.0,-64.14715536997838,0.00030873111665791984,-64.14715536997838,0.00030873111665791984,-65.0,0.0,-65.0,0.0
203.60000000000002,-50.43289097090613,0.0,-64.151268284213,0.00030261783095660613,-64.151268284213,0.00030261783095660613,-65.0,0.0,-65.0,0.0
203.70000000000002,-50.4057265160516,0.0,-64.15536362999373,0.00029662559642263325,-64.15536362999373,0.00029662559642263325,-65.0,0.0,-65.0,0.0
203.8,-50.37869788347135,0.0,-64.15944143583572,0.0002907520160822901,-64.15944143583572,0.0002907520160822901,-65.0,0.0,-65.0,0.0
203.9,-50.35180439405399,0.0,-64.16350173128633,0.00028499474042512513,-64.16350173128633,0.00028499474042512513,-65.0,0.0,-65.0,0.0
204.0,-50.32504537208372,0.0,-64.16754454689666,0.0002793514664641107,-64.16754454689666,0.0002793514664641107,-65.0,0.0,-65.0,0.0
204.10000000000002,-50.298420145223304,0.0,-64.17156991419377,0.0002738199368144179,-64.17156991419377,0.0002738199368144179,-65.0,0.0,-65.0,0.0
204.20000000000002,-50.27192804449719,0.0,-64.17557786565341,0.000268397938790432,-64.17557786565341,0.000268397938790432,-65.0,0.0,-65.0,0.0
204.3,-50.2455684042747,0.0,-64.17956843467339,0.0002630833035206491,-64.17956843467339,0.0002630833035206491,-65.0,0.0,-65.0,0.0
204.4,-50.21934056225333,0.0,-64.18354165554747,0.00025787390508009864,-64.18354165554747,0.00025787390508009864,-65.0,0.0,-65.0,0.0
204.5,-50.19324385944206,0.0,-64.18749756343992,0.0002527676596399448,-64.18749756343992,0.0002527676596399448,-65.0,0.0,-65.0,0.0
204.60000000000002,-50.16727764014485,0.0,-64.1914361943604,0.0002477625246339274,-64.1914361943604,0.0002477625246339274,-65.0,0.0,-65.0,0.0
204.70000000000002,-50.14144125194413,0.0,-64.19535758513963,0.0002428564979413079,-64.19535758513963,0.0002428564979413079,-65.0,0.0,-65.0,0.0
204.8,-50.11573404568441,0.0,-64.1992617734054,0.00023804761708599474,-64.1992617734054,0.00023804761708599474,-65.0,0.0,-65.0,0.0
204.9,-50.09015537545599,0.0,-64.20314879755914,0.00023333395845152652,-64.20314879755914,0.00023333395845152652,-65.0,0.0,-65.0,0.0
205.0,-50.064704598578714,0.0,-64.20701869675308,0.00022871363651159985,-64.20701869675308,0.00022871363651159985,-65.0,0.0,-65.0,0.0
205.10000000000002,-50.03938107558582,0.0,-64.21087151086778,0.00022418480307583364,-64.21087151086778,0.00022418480307583364,-65.0,0.0,-65.0,0.0
205.20000000000002,-50.01418417020789,0.0,-64.21470728049016,0.0002197456465504683,-64.21470728049016,0.0002197456465504683,-65.0,0.0,-65.0,0.0
205.3,-65.0,0.0,-64.1785260468921,0.08021539439121371,-64.1785260468921,0.08021539439121371,-65.0,0.0,-65.0,0.0
205.4,-65.0,0.0,-64.14331990507712,0.07862702316104582,-64.14331990507712,0.07862702316104582,-65.0,0.0,-65.0,0.0
205.5,-65.0,0.0,-64.10906825365748,0.07707010378851663,-64.10906825365748,0.07707010378851663,-65.0,0.0,-65.0,0.0
205.60000000000002,-65.0,0.0,-64.07575090564664,0.07554401348511793,-64.07575090564664,0.07554401348511793,-65.0,0.0,-65.0,0.0
205.70000000000002,-65.0,0.0,-64.04334808022122,0.07404814179438021,-64.04334808022122,0.07404814179438021,-65.0,0.0,-65.0,0.0
205.8,-65.0,0.0,-64.01184039464627,0.07258189034768198,-64.01184039464627,0.07258189034768198,-65.0,0.0,-65.0,0.0
205.9,-65.0,0.0,-63.981208856360595,0.07114467262489425,-63.981208856360595,0.07114467262489425,-65.0,0.0,-65.0,0.0
206.0,-65.0,0.0,-63.95143485521891,0.06973591371976477,-63.95143485521891,0.06973591371976477,-65.0,0.0,-65.0,0.0
206.10000000000002,-65.0,0.0,-63.922500155887846,0.06835505010994779,-63.922500155887846,0.06835505010994779,-65.0,0.0,-65.0,0.0
206.20000000000002,-65.0,0.0,-63.89438689039261,0.06700152943158759,-63.89438689039261,0.06700152943158759,-65.0,0.0,-65.0,0.0
206.3,-65.0,0.0,-63.867077550811466,0.06567481025836568,-63.867077550811466,0.06567481025836568,-65.0,0.0,-65.0,0.0
206.4,-65.0,0.0,-63.840554982114945,0.06437436188492292,-63.840554982114945,0.06437436188492292,-65.0,0.0,-65.0,0.0
206.5,-65.0,0.0,-63.81480237514708,0.0630996641145704,-63.81480237514708,0.0630996641145704,-65.0,0.0,-65.0,0.0
206.60000000000002,-65.0,0.0,-63.789803259745746,0.061850207051203775,-63.789803259745746,0.061850207051203775,-65.0,0.0,-65.0,0.0
206.70000000000002,-65.0,0.0,-63.76554149799935,0.06062549089533806,-63.76554149799935,0.06062549089533806,-65.0,0.0,-65.0,0.0
206.8,-65.0,0.0,-63.742001277637264,0.05942502574418113,-63.742001277637264,0.05942502574418113,-65.0,0.0,-65.0,0.0
206.9,-65.0,0.0,-63.71916710555124,0.058248331395666125,-63.71916710555124,0.058248331395666125,-65.0,0.0,-65.0,0.0
207.0,-65.0,0.0,-63.697023801445305,0.057094937156364156,-63.697023801445305,0.057094937156364156,-65.0,0.0,-65.0,0.0
207.10000000000002,-65.0,0.0,-63.67555649161148,0.05596438165320071,-63.67555649161148,0.05596438165320071,-65.0,0.0,-65.0,0.0
207.20000000000002,-65.0,0.0,-63.654750602828976,0.05485621264890025,-63.654750602828976,0.05485621264890025,-65.0,0.0,-65.0,0.0
207.3,-64.9,0.0,-63.63459185638429,0.05376998686108527,-63.63459185638429,0.05376998686108527,-65.0,0.0,-65.0,0.0
207.4,-64.8005,0.0,-63.615066262209886,0.052705269784957445,-63.615066262209886,0.052705269784957445,-65.0,0.0,-65.0,0.0
207.5,-64.7014975,0.0,-63.59616011313909,0.0516616355194899,-63.59616011313909,0.0516616355194899,-65.0,0.0,-65.0,0.0
207.60000000000002,-64.6029900125,0.0,-63.57785997927487,0.05063866659706114,-63.57785997927487,0.05063866659706114,-65.0,0.0,-65.0,0.0
207.70000000000002,-64.5049750624375,0.0,-63.56015270247026,0.049635953816462436,-63.56015270247026,0.049635953816462436,-65.0,0.0,-65.0,0.0
207.8,-64.4074501871253,0.0,-63.5430253909183,0.04865309607921185,-63.5430253909183,0.04865309607921185,-65.0,0.0,-65.0,0.0
207.9,-64.31041293618968,0.0,-63.52646541384916,0.04768970022910955,-63.52646541384916,0.04768970022910955,-65.0,0.0,-65.0,0.0
208.0,-64.21386087150873,0.0,-63.51046039633243,0.046745380894970046,-63.51046039633243,0.046745380894970046,-65.0,0.0,-65.0,0.0
208.10000000000002,-64.11779156715119,0.0,-63.49499821418253,0.04581976033646858,-63.49499821418253,0.04581976033646858,-65.0,0.0,-65.0,0.0
208.20000000000002,-64.02220260931543,0.0,-63.4800669889651,0.04491246829303999,-63.4800669889651,0.04491246829303999,-65.0,0.0,-65.0,0.0
208.3,-63.92709159626885,0.0,-63.46565508310239,0.04402314183576951,-63.46565508310239,0.04402314183576951,-65.0,0.0,-65.0,0.0
208.4,-63.832456138287505,0.0,-63.45175109507577,0.04315142522221639,-63.45175109507577,0.04315142522221639,-65.0,0.0,-65.0,0.0
208.5,-63.73829385759607,0.0,-63.438343854723335,0.042296969754112165,-63.438343854723335,0.042296969754112165,-65.0,0.0,-65.0,0.0
208.60000000000002,-63.64460238830809,0.0,-63.42542241863078,0.0414594336378767,-63.42542241863078,0.0414594336378767,-65.0,0.0,-65.0,0.0
208.70000000000002,-63.55137937636655,0.0,-63.41297606561368,0.0406384818478962,-63.41297606561368,0.0406384818478962,-65.0,0.0,-65.0,0.0
208.8,-63.45862247948472,0.0,-63.400994292289354,0.03983378599250851,-63.400994292289354,0.03983378599250851,-65.0,0.0,-65.0,0.0
208.9,-63.366329367087296,0.0,-63.389466808736586,0.03904502418264205,-63.389466808736586,0.03904502418264205,-65.0,0.0,-65.0,0.0
209.0,-63.27449772025186,0.0,-63.37838353424137,0.038271880903055916,-63.37838353424137,0.038271880903055916,-65.0,0.0,-65.0,0.0
209.10000000000002,-63.1831252316506,0.0,-63.3677345931271,0.037514046886129554,-63.3677345931271,0.037514046886129554,-65.0,0.0,-65.0,0.0
209.20000000000002,-63.09220960549235,0.0,-63.357510310667394,0.036771218988151604,-63.357510310667394,0.036771218988151604,-65.0,0.0,-65.0,0.0
209.3,-63.001748557464886,0.0,-63.34770120908003,0.036043100068058366,-63.34770120908003,0.036043100068058366,-65.0,0.0,-65.0,0.0
209.4,-62.91173981467756,0.0,-63.33829800360034,0.03532939886857343,-63.33829800360034,0.03532939886857343,-65.0,0.0,-65.0,0.0
209.5,-62.822181115604174,0.0,-63.329291598632494,0.034629829899700856,-63.329291598632494,0.034629829899700856,-65.0,0.0,-65.0,0.0
209.60000000000002,-62.733070210026156,0.0,-63.32067308397707,0.033944113324525384,-63.32067308397707,0.033944113324525384,-65.0,0.0,-65.0,0.0
209.70000000000002,-62.644404858976024,0.0,-63.312433731133545,0.033271974847273934,-63.312433731133545,0.033271974847273934,-65.0,0.0,-65.0,0.0
209.8,-62.556182834681145,0.0,-63.30456498967608,0.03261314560359364,-63.30456498967608,0.03261314560359364,-65.0,0.0,-65.0,0.0
209.9,-62.46840192050774,0.0,-63.2970584837012,0.031967362053002525,-63.2970584837012,0.031967362053002525,-65.0,0.0,-65.0,0.0
210.0,-62.3810599109052,0.0,-63.28990600834596,0.031334365873469786,-63.28990600834596,0.031334365873469786,-65.0,0.0,-65.0,0.0
210.10000000000002,-62.29415461135068,0.0,-63.28309952637519,0.03071390385808355,-63.28309952637519,0.03071390385808355,-65.0,0.0,-65.0,0.0
210.20000000000002,-62.207683838293924,0.0,-63.27663116483643,0.030105727813764728,-63.27663116483643,0.030105727813764728,-65.0,0.0,-65.0,0.0
210.3,-62.12164541910246,0.0,-63.27049321178126,0.029509594461986467,-63.27049321178126,0.029509594461986467,-65.0,0.0,-65.0,0.0
210.4,-62.036037192006944,0.0,-63.26467811305162,0.028925265341459505,-63.26467811305162,0.028925265341459505,-65.0,0.0,-65.0,0.0
210.5,-61.95085700604691,0.0,-63.25917846912999,0.028352506712744478,-63.25917846912999,0.028352506712744478,-65.0,0.0,-65.0,0.0
210.60000000000002,-61.866102721016674,0.0,-63.25398703205197,0.02779108946475301,-63.25398703205197,0.02779108946475301,-65.0,0.0,-65.0,0.0
210.70000000000002,-61.78177220741159,0.0,-63.24909670238016,0.027240789023100242,-63.24909670238016,0.027240789023100242,-65.0,0.0,-65.0,0.0
210.8,-61.69786334637453,0.0,-63.24450052623812,0.02670138526027208,-63.24450052623812,0.02670138526027208,-65.0,0.0,-65.0,0.0
210.9,-61.61437402964266,0.0,-63.240191692403144,0.026172662407571243,-63.240191692403144,0.026172662407571243,-65.0,0.0,-65.0,0.0
211.0,-61.53130215949445,0.0,-63.236163529456725,0.02565440896880692,-63.236163529456725,0.02565440896880692,-65.0,0.0,-65.0,0.0
211.10000000000002,-61.44864564869698,0.0,-63.232409502991594,0.025146417635693467,-63.232409502991594,0.025146417635693467,-65.0,0.0,-65.0,0.0
211.20000000000002,-61.3664024204535,0.0,-63.22892321287417,0.02464848520492433,-63.22892321287417,0.02464848520492433,-65.0,0.0,-65.0,0.0
211.3,-61.28457040835123,0.0,-63.225698390561355,0.024160412496888013,-63.225698390561355,0.024160412496888013,-65.0,0.0,-65.0,0.0
211.4,-61.203147556309474,0.0,-63.22272889647055,0.023682004275993578,-63.22272889647055,0.023682004275993578,-65.0,0.0,-65.0,0.0
211.5,-61.122131818527926,0.0,-63.22000871740191,0.02321306917257381,-63.22000871740191,0.02321306917257381,-65.0,0.0,-65.0,0.0
211.60000000000002,-61.041521159435284,0.0,-63.217531964011734,0.022753419606334785,-63.217531964011734,0.022753419606334785,-65.0,0.0,-65.0,0.0
211.70000000000002,-60.96131355363811,0.0,-63.215292868336014,0.02230287171132127,-63.215292868336014,0.02230287171132127,-65.0,0.0,-65.0,0.0
211.8,-60.88150698586992,0.0,-63.21328578136315,0.021861245262367872,-63.21328578136315,0.021861245262367872,-65.0,0.0,-65.0,0.0
211.9,-60.80209945094057,0.0,-63.21150517065483,0.021428363603006578,-63.21150517065483,0.021428363603006578,-65.0,0.0,-65.0,0.0
212.0,-60.72308895368587,0.0,-63.20994561801415,0.02100405357480181,-63.20994561801415,0.02100405357480181,-65.0,0.0,-65.0,0.0
212.10000000000002,-60.644473508917436,0.0,-63.20860181720004,0.02058814544808474,-63.20860181720004,0.02058814544808474,-65.0,0.0,-65.0,0.0
212.20000000000002,-60.566251141372845,0.0,-63.20746857168701,0.020180472854059175,-63.20746857168701,0.020180472854059175,-65.0,0.0,-65.0,0.0
212.3,-60.488419885665984,0.0,-63.20654079246945,0.019780872718251793,-63.20654079246945,0.019780872718251793,-65.0,0.0,-65.0,0.0
212.4,-60.41097778623765,0.0,-63.20581349590946,0.019389185195280198,-63.20581349590946,0.019389185195280198,-65.0,0.0,-65.0,0.0
212.5,-60.333922897306465,0.0,-63.20528180162746,0.01900525360491263,-63.20528180162746,0.01900525360491263,-65.0,0.0,-65.0,0.0
212.60000000000002,-60.25725328281993,0.0,-63.204940930434624,0.018628924369393788,-63.204940930434624,0.018628924369393788,-65.0,0.0,-65.0,0.0
212.70000000000002,-60.18096701640583,0.0,-63.204786202306444,0.018260046952011673,-63.204786202306444,0.018260046952011673,-65.0,0.0,-65.0,0.0
212.8,-60.1050621813238,0.0,-63.20481303439647,0.017898473796880903,-63.20481303439647,0.017898473796880903,-65.0,0.0,-65.0,0.0
212.9,-60.02953687041718,0.0,-63.20501693908953,0.017544060269918383,-63.20501693908953,0.017544060269918383,-65.0,0.0,-65.0,0.0
213.0,-59.95438918606509,0.0,-63.20539352209359,0.017196664600987753,-63.20539352209359,0.017196664600987753,-65.0,0.0,-65.0,0.0
213.10000000000002,-59.87961724013477,0.0,-63.20593848056952,0.016856147827189437,-63.20593848056952,0.016856147827189437,-65.0,0.0,-65.0,0.0
213.20000000000002,-59.8052191539341,0.0,-63.20664760129804,0.01652237373727363,-63.20664760129804,0.01652237373727363,-65.0,0.0,-65.0,0.0
213.3,-59.73119305816443,0.0,-63.20751675888297,0.01619520881715399,-63.20751675888297,0.01619520881715399,-65.0,0.0,-65.0,0.0
213.4,-59.6575370928736,0.0,-63.2085419139903,0.015874522196500207,-63.2085419139903,0.015874522196500207,-65.0,0.0,-65.0,0.0
213.5,-59.58424940740924,0.0,-63.20971911162216,0.015560185596388141,-63.20971911162216,0.015560185596388141,-65.0,0.0,-65.0,0.0
213.60000000000002,-59.511328160372194,0.0,-63.211044479425055,0.015252073277986538,-63.211044479425055,0.015252073277986538,-65.0,0.0,-65.0,0.0
213.70000000000002,-59.43877151957033,0.0,-63.2125142260318,0.014950061992259818,-63.2125142260318,0.014950061992259818,-65.0,0.0,-65.0,0.0
213.8,-59.36657766197248,0.0,-63.21412463943631,0.01465403093066682,-63.21412463943631,0.01465403093066682,-65.0,0.0,-65.0,0.0
213.9,-59.294744773662615,0.0,-63.215872085400704,0.014363861676835774,-63.215872085400704,0.014363861676835774,-65.0,0.0,-65.0,0.0
214.0,-59.2232710497943,0.0,-63.2177530058941,0.01407943815919617,-63.2177530058941,0.01407943815919617,-65.0,0.0,-65.0,0.0
214.10000000000002,-59.15215469454533,0.0,-63.21976391756236,0.01380064660454859,-63.21976391756236,0.01380064660454859,-65.0,0.0,-65.0,0.0
214.20000000000002,-59.0813939210726,0.0,-63.22190141022827,0.013527375492553905,-63.22190141022827,0.013527375492553905,-65.0,0.0,-65.0,0.0
214.3,-59.01098695146724,0.0,-63.224162145421566,0.013259515511123653,-63.224162145421566,0.013259515511123653,-65.0,0.0,-65.0,0.0
214.4,-58.9409320167099,0.0,-63.22654285493811,0.012996959512693747,-63.22654285493811,0.012996959512693747,-65.0,0.0,-65.0,0.0
214.5,-58.87122735662635,0.0,-63.22904033942774,0.012739602471364023,-63.22904033942774,0.012739602471364023,-65.0,0.0,-65.0,0.0
214.60000000000002,-58.801871219843214,0.0,-63.23165146701016,0.012487341440886476,-63.23165146701016,0.012487341440886476,-65.0,0.0,-65.0,0.0
214.70000000000002,-58.732861863744,0.0,-63.234373171918364,0.01224007551348539,-63.234373171918364,0.01224007551348539,-65.0,0.0,-65.0,0.0
214.8,-58.66419755442528,0.0,-63.237202453169026,0.011997705779492879,-63.237202453169026,0.011997705779492879,-65.0,0.0,-65.0,0.0
214.9,-58.59587656665315,0.0,-63.24013637325929,0.01176013528778371,-63.24013637325929,0.01176013528778371,-65.0,0.0,-65.0,0.0
215.0,-58.52789718381989,0.0,-63.2431720568895,0.011527269006993548,-63.2431720568895,0.011527269006993548,-65.0,0.0,-65.0,0.0
215.10000000000002,-58.460257697900786,0.0,-63.2463066897113,0.011299013787505153,-63.2463066897113,0.011299013787505153,-65.0,0.0,-65.0,0.0
215.20000000000002,-58.39295640941128,0.0,-63.24953751710065,0.011075278324187287,-63.24953751710065,0.011075278324187287,-65.0,0.0,-65.0,0.0
215.3,-58.325991627364225,0.0,-63.25286184295521,0.010855973119871442,-63.25286184295521,0.010855973119871442,-65.0,0.0,-65.0,0.0
215.4,-58.2593616692274,0.0,-63.25627702851566,0.010641010449551784,-63.25627702851566,0.010641010449551784,-65.0,0.0,-65.0,0.0
215.5,-58.193064860881265,0.0,-63.259780491210435,0.010430304325293979,-63.259780491210435,0.010430304325293979,-65.0,0.0,-65.0,0.0
215.60000000000002,-58.12709953657686,0.0,-63.263369703523466,0.01022377046183887,-63.263369703523466,0.01022377046183887,-65.0,0.0,-65.0,0.0
215.70000000000002,-58.06146403889397,0.0,-63.26704219188441,0.010021326242887253,-63.26704219188441,0.010021326242887253,-65.0,0.0,-65.0,0.0
215.8,-57.9961567186995,0.0,-63.27079553558096,0.009822890688052255,-63.27079553558096,0.009822890688052255,-65.0,0.0,-65.0,0.0
215.9,-57.931175935106005,0.0,-63.27462736569282,0.0096283844204661,-63.27462736569282,0.0096283844204661,-65.0,0.0,-65.0,0.0
216.0,-57.86652005543048,0.0,-63.278535364046846,0.009437729635028303,-63.278535364046846,0.009437729635028303,-65.0,0.0,-65.0,0.0
216.10000000000002,-57.80218745515332,0.0,-63.28251726219297,0.00925085006728259,-63.28251726219297,0.00925085006728259,-65.0,0.0,-65.0,0.0
216.20000000000002,-57.738176517877555,0.0,-63.28657084040055,0.009067670962910102,-63.28657084040055,0.009067670962910102,-65.0,0.0,-65.0,0.0
216.3,-57.674485635288164,0.0,-63.290693926674635,0.00888811904782667,-63.290693926674635,0.00888811904782667,-65.0,0.0,-65.0,0.0
216.4,-57.61111320711172,0.0,-63.294884395791826,0.008712122498872201,-63.294884395791826,0.008712122498872201,-65.0,0.0,-65.0,0.0
216.5,-57.54805764107616,0.0,-63.29914016835533,0.008539610915080466,-63.29914016835533,0.008539610915080466,-65.0,0.0,-65.0,0.0
216.60000000000002,-57.48531735287078,0.0,-63.30345920986879,0.008370515289517759,-63.30345920986879,0.008370515289517759,-65.0,0.0,-65.0,0.0
216.70000000000002,-57.42289076610643,0.0,-63.307839529828605,0.008204767981679217,-63.307839529828605,0.008204767981679217,-65.0,0.0,-65.0,0.0
216.8,-57.360776312275895,0.0,-63.312279180834246,0.008042302690431713,-63.312279180834246,0.008042302690431713,-65.0,0.0,-65.0,0.0
216.9,-57.298972430714514,0.0,-63.31677625771633,0.007883054427492514,-63.31677625771633,0.007883054427492514,-65.0,0.0,-65.0,0.0
217.0,-57.23747756856094,0.0,-63.321328896682026,0.007726959491433105,-63.321328896682026,0.007726959491433105,-65.0,0.0,-65.0,0.0
217.10000000000002,-57.176290180718134,0.0,-63.325935274477516,0.00757395544219777,-63.325935274477516,0.00757395544219777,-65.0,0.0,-65.0,0.0
217.20000000000002,-57.11540872981454,0.0,-63.33059360756707,0.007423981076126733,-63.33059360756707,0.007423981076126733,-65.0,0.0,-65.0,0.0
217.3,-57.054831686165464,0.0,-63.33530215132849,0.007276976401473881,-63.33530215132849,0.007276976401473881,-65.0,0.0,-65.0,0.0
217.4,-56.994557527734635,0.0,-63.340059199264644,0.007132882614409264,-63.340059199264644,0.007132882614409264,-65.0,0.0,-65.0,0.0
217.5,-56.934584740095964,0.0,-63.344863082230574,0.006991642075496781,-63.344863082230574,0.006991642075496781,-65.0,0.0,-65.0,0.0
217.60000000000002,-56.87491181639548,0.0,-63.3497121676761,0.006853198286637633,-63.3497121676761,0.006853198286637633,-65.0,0.0,-65.0,0.0
217.70000000000002,-56.8155372573135,0.0,-63.354604858903485,0.006717495868470336,-63.354604858903485,0.006717495868470336,-65.0,0.0,-65.0,0.0
217.8,-56.75645957102693,0.0,-63.35953959433986,0.006584480538218233,-63.35953959433986,0.006584480538218233,-65.0,0.0,-65.0,0.0
217.9,-56.6976772731718,0.0,-63.36451484682417,0.006454099087975662,-63.36451484682417,0.006454099087975662,-65.0,0.0,-65.0,0.0
218.0,-56.63918888680594,0.0,-63.36952912290834,0.006326299363424083,-63.36952912290834,0.006326299363424083,-65.0,0.0,-65.0,0.0
218.10000000000002,-56.58099294237191,0.0,-63.37458096217231,0.006201030242969656,-63.37458096217231,0.006201030242969656,-65.0,0.0,-65.0,0.0
218.20000000000002,-56.52308797766005,0.0,-63.379668936552804,0.006078241617293923,-63.379668936552804,0.006078241617293923,-65.0,0.0,-65.0,0.0
218.3,-56.465472537771745,0.0,-63.38479164968538,0.00595788436930941,-63.38479164968538,0.00595788436930941,-65.0,0.0,-65.0,0.0
218.4,-56.408145175082886,0.0,-63.3899477362597,0.005839910354512139,-63.3899477362597,0.005839910354512139,-65.0,0.0,-65.0,0.0
218.5,-56.35110444920747,0.0,-63.39513586138754,0.005724272381723181,-63.39513586138754,0.005724272381723181,-65.0,0.0,-65.0,0.0
218.60000000000002,-56.29434892696143,0.0,-63.4003547199835,0.0056109241942115615,-63.4003547199835,0.0056109241942115615,-65.0,0.0,-65.0,0.0
218.70000000000002,-56.23787718232663,0.0,-63.405603036157984,0.005499820451190947,-63.405603036157984,0.005499820451190947,-65.0,0.0,-65.0,0.0
218.8,-56.18168779641499,0.0,-63.410879562622355,0.005390916709682727,-63.410879562622355,0.005390916709682727,-65.0,0.0,-65.0,0.0
218.9,-56.12577935743292,0.0,-63.416183080105874,0.0052841694067382265,-63.416183080105874,0.0052841694067382265,-65.0,0.0,-65.0,0.0
219.0,-56.070150460645756,0.0,-63.42151239678434,0.005179535842012953,-63.42151239678434,0.005179535842012953,-65.0,0.0,-65.0,0.0
219.10000000000002,-56.01479970834253,0.0,-63.42686634772007,0.0050769741606858845,-63.42686634772007,0.0050769741606858845,-65.0,0.0,-65.0,0.0
219.20000000000002,-55.959725709800814,0.0,-63.432243794313116,0.004976443336716981,-63.432243794313116,0.004976443336716981,-65.0,0.0,-65.0,0.0
219.3,-55.90492708125181,0.0,-63.437643623763336,0.004877903156436227,-63.437643623763336,0.004877903156436227,-65.0,0.0,-65.0,0.0
219.4,-55.85040244584555,0.0,-63.44306474854329,0.004781314202457624,-63.44306474854329,0.004781314202457624,-65.0,0.0,-65.0,0.0
219.5,-55.796150433616326,0.0,-63.44850610588162,0.004686637837911709,-63.44850610588162,0.004686637837911709,-65.0,0.0,-65.0,0.0
219.60000000000002,-55.742169681448246,0.0,-63.453966657256714,0.004593836190990297,-63.453966657256714,0.004593836190990297,-65.0,0.0,-65.0,0.0
219.70000000000002,-55.688458833041004,0.0,-63.45944538790053,0.004502872139797247,-63.45944538790053,0.004502872139797247,-65.0,0.0,-65.0,0.0
219.8,-55.635016538875796,0.0,-63.46494130631228,0.004413709297499212,-63.46494130631228,0.004413709297499212,-65.0,0.0,-65.0,0.0
219.9,-55.581841456181415,0.0,-63.47045344378183,0.004326311997770419,-63.47045344378183,0.004326311997770419,-65.0,0.0,-65.0,0.0
220.0,-55.52893224890051,0.0,-63.47598085392266,0.004240645280525662,-63.47598085392266,0.004240645280525662,-65.0,0.0,-65.0,0.0
220.10000000000002,-55.47628758765601,0.0,-63.48152261221408,0.004156674877935807,-63.48152261221408,0.004156674877935807,-65.0,0.0,-65.0,0.0
220.20000000000002,-55.42390614971773,0.0,-63.487077815552645,0.004074367200720197,-63.487077815552645,0.004074367200720197,-65.0,0.0,-65.0,0.0
220.3,-55.37178661896914,0.0,-63.492645581812525,0.003993689324710495,-63.492645581812525,0.003993689324710495,-65.0,0.0,-65.0,0.0
220.4,-55.31992768587429,0.0,-63.49822504941462,0.003914608977680579,-63.49822504941462,0.003914608977680579,-65.0,0.0,-65.0,0.0
220.5,-55.26832804744492,0.0,-63.50381537690433,0.003837094526437217,-63.50381537690433,0.003837094526437217,-65.0,0.0,-65.0,0.0
220.60000000000002,-55.21698640720769,0.0,-63.509415742537726,0.0037611149641663725,-63.509415742537726,0.0037611149641663725,-65.0,0.0,-65.0,0.0
220.70000000000002,-55.16590147517165,0.0,-63.515025343876026,0.0036866398980300624,-63.515025343876026,0.0036866398980300624,-65.0,0.0,-65.0,0.0
220.8,-55.11507196779579,0.0,-63.52064339738814,0.0036136395370088186,-63.52064339738814,0.0036136395370088186,-65.0,0.0,-65.0,0.0
220.9,-55.06449660795681,0.0,-63.52626913806121,0.0035420846799848814,-63.52626913806121,0.0035420846799848814,-65.0,0.0,-65.0,0.0
221.0,-55.01417412491703,0.0,-63.53190181901887,0.0034719467040613635,-63.53190181901887,0.0034719467040613635,-65.0,0.0,-65.0,0.0
221.10000000000002,-54.96410325429244,0.0,-63.53754071114722,0.0034031975531127103,-63.53754071114722,0.0034031975531127103,-65.0,0.0,-65.0,0.0
221.20000000000002,-54.91428273802098,0.0,-63.5431851027282,0.0033358097265618744,-63.5431851027282,0.0033358097265618744,-65.0,0.0,-65.0,0.0
221.3,-54.86471132433088,0.0,-63.54883429908037,0.0032697562683797195,-63.54883429908037,0.0032697562683797195,-65.0,0.0,-65.0,0.0
221.4,-54.815387767709225,0.0,-63.554487622206814,0.0032050107563022477,-63.554487622206814,0.0032050107563022477,-65.0,0.0,-65.0,0.0
221.5,-54.76631082887068,0.0,-63.56014441045015,0.0031415472912613433,-63.56014441045015,0.0031415472912613433,-65.0,0.0,-65.0,0.0
221.60000000000002,-54.71747927472632,0.0,-63.56580401815439,0.0030793404870247993,-63.56580401815439,0.0030793404870247993,-65.0,0.0,-65.0,0.0
221.70000000000002,-54.66889187835269,0.0,-63.571465815333596,0.0030183654600414857,-63.571465815333596,0.0030183654600414857,-65.0,0.0,-65.0,0.0
221.8,-54.620547418960925,0.0,-63.57712918734718,0.0029585978194875983,-63.57712918734718,0.0029585978194875983,-65.0,0.0,-65.0,0.0
221.9,-54.57244468186612,0.0,-63.58279353458169,0.002900013657510003,-63.58279353458169,0.002900013657510003,-65.0,0.0,-65.0,0.0
222.0,-54.52458245845679,0.0,-63.58845827213895,0.002842589539662776,-63.58845827213895,0.002842589539662776,-65.0,0.0,-65.0,0.0
222.10000000000002,-54.47695954616451,0.0,-63.59412282953049,0.002786302495533113,-63.59412282953049,0.002786302495533113,-65.0,0.0,-65.0,0.0
222.20000000000002,-54.42957474843369,0.0,-63.599786650378064,0.0027311300095528585,-63.599786650378064,0.0027311300095528585,-65.0,0.0,-65.0,0.0
222.3,-54.38242687469152,0.0,-63.605449192120176,0.0026770500119919776,-63.605449192120176,0.0026770500119919776,-65.0,0.0,-65.0,0.0
222.4,-54.33551474031806,0.0,-63.61110992572451,0.0026240408701303695,-63.61110992572451,0.0026240408701303695,-65.0,0.0,-65.0,0.0
222.5,-54.28883716661647,0.0,-63.616768335406086,0.002572081379604492,-63.616768335406086,0.002572081379604492,-65.0,0.0,-65.0,0.0
222.60000000000002,-54.242392980783386,0.0,-63.622423918351096,0.0025211507559253317,-63.622423918351096,0.0025211507559253317,-65.0,0.0,-65.0,0.0
222.70000000000002,-54.19618101587947,0.0,-63.62807618444626,0.0024712286261643333,-63.62807618444626,0.0024712286261643333,-65.0,0.0,-65.0,0.0
222.8,-54.15020011080007,0.0,-63.63372465601363,0.002422295020803955,-63.63372465601363,0.002422295020803955,-65.0,0.0,-65.0,0.0
222.9,-54.10444911024607,0.0,-63.63936886755069,0.002374330365749596,-63.63936886755069,0.002374330365749596,-65.0,0.0,-65.0,0.0
223.0,-54.05892686469484,0.0,-63.64500836547568,0.002327315474499697,-63.64500836547568,0.002327315474499697,-65.0,0.0,-65.0,0.0
223.10000000000002,-54.013632230371364,0.0,-63.65064270787807,0.0022812315404708845,-63.65064270787807,0.0022812315404708845,-65.0,0.0,-65.0,0.0
223.20000000000002,-53.96856406921951,0.0,-63.65627146427394,0.0022360601294750867,-63.65627146427394,0.0022360601294750867,-65.0,0.0,-65.0,0.0
223.3,-53.92372124887341,0.0,-63.6618942153664,0.0021917831723456114,-63.6618942153664,0.0021917831723456114,-65.0,0.0,-65.0,0.0
223.4,-53.87910264262904,0.0,-63.66751055281072,0.0021483829577092395,-63.66751055281072,0.0021483829577092395,-65.0,0.0,-65.0,0.0
223.5,-53.8347071294159,0.0,-63.67312007898421,0.0021058421249014396,-63.67312007898421,0.0021058421249014396,-65.0,0.0,-65.0,0.0
223.60000000000002,-53.790533593768814,0.0,-63.67872240676078,0.0020641436570218693,-63.67872240676078,0.0020641436570218693,-65.0,0.0,-65.0,0.0
223.70000000000002,-53.74658092579997,0.0,-63.68431715928991,0.0020232708741273905,-63.68431715928991,0.0020232708741273905,-65.0,0.0,-65.0,0.0
223.8,-53.702848021170965,0.0,-63.68990396978018,0.001983207426559867,-63.68990396978018,0.001983207426559867,-65.0,0.0,-65.0,0.0
223.9,-53.65933378106511,0.0,-63.69548248128708,0.001943937288406086,-63.69548248128708,0.001943937288406086,-65.0,0.0,-65.0,0.0
224.0,-53.61603711215978,0.0,-63.7010523465051,0.0019054447510871769,-63.7010523465051,0.0019054447510871769,-65.0,0.0,-65.0,0.0
224.10000000000002,-53.572956926598984,0.0,-63.70661322756404,0.0018677144170749713,-63.70661322756404,0.0018677144170749713,-65.0,0.0,-65.0,0.0
224.20000000000002,-53.53009214196599,0.0,-63.71216479582935,0.0018307311937327865,-63.71216479582935,0.0018307311937327865,-65.0,0.0,-65.0,0.0
224.3,-53.48744168125616,0.0,-63.71770673170656,0.0017944802872781696,-63.71770673170656,0.0017944802872781696,-65.0,0.0,-65.0,0.0
224.4,-53.445004472849874,0.0,-63.7232387244496,0.0017589471968651868,-63.7232387244496,0.0017589471968651868,-65.0,0.0,-65.0,0.0
224.5,-53.402779450485625,0.0,-63.72876047197296,0.001724117708783892,-63.72876047197296,0.001724117708783892,-65.0,0.0,-65.0,0.0
224.60000000000002,-53.36076555323319,0.0,-63.73427168066771,0.0016899778907746535,-63.73427168066771,0.0016899778907746535,-65.0,0.0,-65.0,0.0
224.70000000000002,-53.31896172546703,0.0,-63.739772065221146,0.001656514086455064,-63.739772065221146,0.001656514086455064,-65.0,0.0,-65.0,0.0
224.8,-53.27736691683969,0.0,-63.74526134844011,0.0016237129098572054,-63.74526134844011,0.0016237129098572054,-65.0,0.0,-65.0,0.0
224.9,-53.23598008225549,0.0,-63.750739261077875,0.0015915612400730838,-63.750739261077875,0.0015915612400730838,-65.0,0.0,-65.0,0.0
225.0,-53.19480018184421,0.0,-63.756205541664485,0.0015600462160060909,-63.756205541664485,0.0015600462160060909,-65.0,0.0,-65.0,0.0
225.10000000000002,-53.153826180934985,0.0,-63.76165993634055,0.001529155231226394,-63.76165993634055,0.001529155231226394,-65.0,0.0,-65.0,0.0
225.20000000000002,-53.11305705003031,0.0,-63.76710219869438,0.001498875928928196,-63.76710219869438,0.001498875928928196,-65.0,0.0,-65.0,0.0
225.3,-53.07249176478015,0.0,-63.772532089602414,0.0014691961969868481,-63.772532089602414,0.0014691961969868481,-65.0,0.0,-65.0,0.0
225.4,-53.03212930595625,0.0,-63.777949377072844,0.0014401041631138388,-63.777949377072844,0.0014401041631138388,-65.0,0.0,-65.0,0.0
225.5,-52.99196865942647,0.0,-63.783353836092424,0.0014115881901077198,-63.783353836092424,0.0014115881901077198,-65.0,0.0,-65.0,0.0
225.60000000000002,-52.952008816129336,0.0,-63.78874524847636,0.0013836368711990707,-63.78874524847636,0.0013836368711990707,-65.0,0.0,-65.0,0.0
225.70000000000002,-52.91224877204869,0.0,-63.79412340272123,0.0013562390254876389,-63.79412340272123,0.0013562390254876389,-65.0,0.0,-65.0,0.0
225.8,-52.87268752818845,0.0,-63.799488093860894,0.0013293836934698303,-63.799488093860894,0.0013293836934698303,-65.0,0.0,-65.0,0.0
225.9,-52.83332409054751,0.0,-63.804839123325266,0.001303060132654762,-63.804839123325266,0.001303060132654762,-65.0,0.0,-65.0,0.0
226.0,-52.79415747009477,0.0,-63.810176298802006,0.0012772578132671222,-63.810176298802006,0.0012772578132671222,-65.0,0.0,-65.0,0.0
226.10000000000002,-52.755186682744295,0.0,-63.81549943410098,0.0012519664140351206,-63.81549943410098,0.0012519664140351206,-65.0,0.0,-65.0,0.0
226.20000000000002,-52.71641074933057,0.0,-63.82080834902144,0.001227175818061841,-63.82080834902144,0.001227175818061841,-65.0,0.0,-65.0,0.0
226.3,-52.67782869558392,0.0,-63.82610286922194,0.0012028761087783486,-63.82610286922194,0.0012028761087783486,-65.0,0.0,-65.0,0.0
226.4,-52.639439552106,0.0,-63.83138282609284,0.0011790575659769295,-63.83138282609284,0.0011790575659769295,-65.0,0.0,-65.0,0.0
226.5,-52.601242354345466,0.0,-63.83664805663142,0.0011557106619228784,-63.83664805663142,0.0011557106619228784,-65.0,0.0,-65.0,0.0
226.60000000000002,-52.563236142573736,0.0,-63.84189840331949,0.0011328260575432774,-63.84189840331949,0.0011328260575432774,-65.0,0.0,-65.0,0.0
226.70000000000002,-52.52541996186087,0.0,-63.84713371400355,0.0011103945986912424,-63.84713371400355,0.0011103945986912424,-65.0,0.0,-65.0,0.0
226.8,-52.48779286205156,0.0,-63.85235384177729,0.0010884073124841427,-63.85235384177729,0.0010884073124841427,-65.0,0.0,-65.0,0.0
226.9,-52.45035389774131,0.0,-63.85755864486654,0.0010668554037143276,-63.85755864486654,0.0010668554037143276,-65.0,0.0,-65.0,0.0
227.0,-52.4131021282526,0.0,-63.862747986516545,0.0010457302513309267,-63.862747986516545,0.0010457302513309267,-65.0,0.0,-65.0,0.0
227.10000000000002,-52.37603661761134,0.0,-63.86792173488147,0.001025023404991314,-63.86792173488147,0.001025023404991314,-65.0,0.0,-65.0,0.0
227.20000000000002,-52.33915643452328,0.0,-63.87307976291622,0.001004726581680859,-63.87307976291622,0.001004726581680859,-65.0,0.0,-65.0,0.0
227.3,-52.30246065235067,0.0,-63.878221948270436,0.0009848316623996092,-63.878221948270436,0.0009848316623996092,-65.0,0.0,-65.0,0.0
227.4,-52.265948349088916,0.0,-63.88334817318463,0.0009653306889145832,-63.88334817318463,0.0009653306889145832,-65.0,0.0,-65.0,0.0
227.5,-52.22961860734347,0.0,-63.88845832438842,0.0009462158605763705,-63.88845832438842,0.0009462158605763705,-65.0,0.0,-65.0,0.0
227.60000000000002,-52.19347051430675,0.0,-63.89355229300087,0.0009274795311987681,-63.89355229300087,0.0009274795311987681,-65.0,0.0,-65.0,0.0
227.70000000000002,-52.15750316173522,0.0,-63.89862997443287,0.0009091142060002038,-63.89862997443287,0.0009091142060002038,-65.0,0.0,-65.0,0.0
227.8,-52.12171564592654,0.0,-63.903691268291404,0.0008911125386057239,-63.903691268291404,0.0008911125386057239,-65.0,0.0,-65.0,0.0
227.9,-52.08610706769691,0.0,-63.90873607828589,0.0008734673281083453,-63.90873607828589,0.0008734673281083453,-65.0,0.0,-65.0,0.0
228.0,-52.05067653235842,0.0,-63.913764312136365,0.0008561715161885964,-63.913764312136365,0.0008561715161885964,-65.0,0.0,-65.0,0.0
228.10000000000002,-52.01542314969663,0.0,-63.91877588148354,0.0008392181842910953,-63.91877588148354,0.0008392181842910953,-65.0,0.0,-65.0,0.0
228.20000000000002,-51.980346033948145,0.0,-63.92377070180069,0.0008226005508570356,-63.92377070180069,0.0008226005508570356,-65.0,0.0,-65.0,0.0
228.3,-51.9454443037784,0.0,-63.92874869230738,0.0008063119686114724,-63.92874869230738,0.0008063119686114724,-65.0,0.0,-65.0,0.0
228.4,-51.91071708225951,0.0,-63.93370977588489,0.0007903459219043233,-63.93370977588489,0.0007903459219043233,-65.0,0.0,-65.0,0.0
228.5,-51.876163496848214,0.0,-63.938653878993414,0.0007746960241040221,-63.938653878993414,0.0007746960241040221,-65.0,0.0,-65.0,0.0
228.60000000000002,-51.84178267936397,0.0,-63.94358093159092,0.0007593560150427806,-63.94358093159092,0.0007593560150427806,-65.0,0.0,-65.0,0.0
228.70000000000002,-51.807573765967156,0.0,-63.948490867053714,0.000744319758512438,-63.948490867053714,0.000744319758512438,-65.0,0.0,-65.0,0.0
228.8,-51.77353589713732,0.0,-63.95338362209854,0.0007295812398098962,-63.95338362209854,0.0007295812398098962,-65.0,0.0,-65.0,0.0
228.9,-51.739668217651634,0.0,-63.95825913670638,0.000715134563331158,-63.95825913670638,0.000715134563331158,-65.0,0.0,-65.0,0.0
229.0,-51.70596987656337,0.0,-63.963117354047746,0.0007009739502130067,-63.963117354047746,0.0007009739502130067,-65.0,0.0,-65.0,0.0
229.10000000000002,-51.672440027180556,0.0,-63.9679582204095,0.0006870937360213847,-63.9679582204095,0.0006870937360213847,-65.0,0.0,-65.0,0.0
229.20000000000002,-51.63907782704465,0.0,-63.97278168512321,0.0006734883684855433,-63.97278168512321,0.0006734883684855433,-65.0,0.0,-65.0,0.0
229.3,-51.60588243790943,0.0,-63.97758770049496,0.0006601524052770606,-63.97758770049496,0.0006601524052770606,-65.0,0.0,-65.0,0.0
229.4,-51.57285302571988,0.0,-63.982376221736565,0.0006470805118328382,-63.982376221736565,0.0006470805118328382,-65.0,0.0,-65.0,0.0
229.5,-51.53998876059128,0.0,-63.98714720689827,0.0006342674592212041,-63.98714720689827,0.0006342674592212041,-65.0,0.0,-65.0,0.0
229.60000000000002,-51.507288816788325,0.0,-63.99190061680275,0.0006217081220502708,-63.99190061680275,0.0006217081220502708,-65.0,0.0,-65.0,0.0
229.70000000000002,-51.47475237270438,0.0,-63.99663641498053,0.0006093974764177098,-63.99663641498053,0.0006093974764177098,-65.0,0.0,-65.0,0.0
229.8,-51.442378610840855,0.0,-64.00135456760667,0.0005973305979011238,-64.00135456760667,0.0005973305979011238,-65.0,0.0,-65.0,0.0
229.9,-51.41016671778665,0.0,-64.00605504343883,0.0005855026595882124,-64.00605504343883,0.0005855026595882124,-65.0,0.0,-65.0,0.0
230.0,-51.37811588419772,0.0,-64.01073781375656,0.0005739089301459425,-64.01073781375656,0.0005739089301459425,-65.0,0.0,-65.0,0.0
230.10000000000002,-51.34622530477673,0.0,-64.01540285230182,0.0005625447719279521,-64.01540285230182,0.0005625447719279521,-65.0,0.0,-65.0,0.0
230.20000000000002,-51.31449417825284,0.0,-64.02005013522074,0.0005514056391194298,-64.02005013522074,0.0005514056391194298,-65.0,0.0,-65.0,0.0
230.3,-51.28292170736158,0.0,-64.02467964100668,0.0005404870759187286,-64.02467964100668,0.0005404870759187286,-65.0,0.0,-65.0,0.0
230.4,-51.251507098824774,0.0,-64.02929135044427,0.0005297847147549853,-64.02929135044427,0.0005297847147549853,-65.0,0.0,-65.0,0.0
230.5,-51.22024956333065,0.0,-64.03388524655477,0.0005192942745410343,-64.03388524655477,0.0005192942745410343,-65.0,0.0,-65.0,0.0
230.60000000000002,-51.189148315514,0.0,-64.03846131454252,0.0005090115589609158,-64.03846131454252,0.0005090115589609158,-65.0,0.0,-65.0,0.0
230.70000000000002,-51.15820257393643,0.0,-64.04301954174241,0.000498932454791293,-64.04301954174241,0.000498932454791293,-65.0,0.0,-65.0,0.0
230.8,-51.127411561066744,0.0,-64.04755991756856,0.000489052930256108,-64.04755991756856,0.000489052930256108,-65.0,0.0,-65.0,0.0
230.9,-51.09677450326141,0.0,-64.05208243346401,0.0004793690334138181,-64.05208243346401,0.0004793690334138181,-65.0,0.0,-65.0,0.0
231.0,-51.0662906307451,0.0,-64.0565870828514,0.00046987689057656615,-64.0565870828514,0.00046987689057656615,-65.0,0.0,-65.0,0.0
231.10000000000002,-51.03595917759137,0.0,-64.06107386108475,0.00046057270476065356,-64.06107386108475,0.00046057270476065356,-65.0,0.0,-65.0,0.0
231.20000000000002,-51.00577938170341,0.0,-64.06554276540224,0.0004514527541676965,-64.06554276540224,0.0004514527541676965,-65.0,0.0,-65.0,0.0
231.3,-50.975750484794894,0.0,-64.06999379487988,0.0004425133906958568,-64.06999379487988,0.0004425133906958568,-65.0,0.0,-65.0,0.0
231.4,-50.94587173237092,0.0,-64.07442695038624,0.0004337510384805527,-64.07442695038624,0.0004337510384805527,-65.0,0.0,-65.0,0.0
231.5,-50.916142373709064,0.0,-64.07884223453807,0.0004251621924640651,-64.07884223453807,0.0004251621924640651,-65.0,0.0,-65.0,0.0
231.60000000000002,-50.88656166184052,0.0,-64.08323965165688,0.000416743416993468,-64.08323965165688,0.000416743416993468,-65.0,0.0,-65.0,0.0
231.70000000000002,-50.857128853531314,0.0,-64.08761920772638,0.0004084913444463212,-64.08761920772638,0.0004084913444463212,-65.0,0.0,-65.0,0.0
231.8,-50.827843209263655,0.0,-64.0919809103508,0.0004004026738835768,-64.0919809103508,0.0004004026738835768,-65.0,0.0,-65.0,0.0
231.9,-50.79870399321734,0.0,-64.09632476871418,0.0003924741697291594,-64.09632476871418,0.0003924741697291594,-65.0,0.0,-65.0,0.0
232.0,-50.76971047325125,0.0,-64.10065079354037,0.0003847026604756923,-64.10065079354037,0.0003847026604756923,-65.0,0.0,-65.0,0.0
232.10000000000002,-50.740861920884996,0.0,-64.10495899705396,0.00037708503741585274,-64.10495899705396,0.00037708503741585274,-65.0,0.0,-65.0,0.0
232.20000000000002,-50.712157611280574,0.0,-64.10924939294199,0.00036961825339884704,-64.10924939294199,0.00036961825339884704,-65.0,0.0,-65.0,0.0
232.3,-50.68359682322417,0.0,-64.11352199631648,0.00036229932161150995,-64.11352199631648,0.00036229932161150995,-65.0,0.0,-65.0,0.0
232.4,-50.65517883910805,0.0,-64.1177768236777,0.0003551253143835395,-64.1177768236777,0.0003551253143835395,-65.0,0.0,-65.0,0.0
232.5,-50.626902944912516,0.0,-64.1220138928783,0.0003480933620163898,-64.1220138928783,0.0003480933620163898,-65.0,0.0,-65.0,0.0
232.60000000000002,-50.59876843018795,0.0,-64.1262332230881,0.00034120065163535337,-64.1262332230881,0.00034120065163535337,-65.0,0.0,-65.0,0.0
232.70000000000002,-50.57077458803701,0.0,-64.13043483475963,0.00033444442606437376,-64.13043483475963,0.00033444442606437376,-65.0,0.0,-65.0,0.0
232.8,-50.54292071509683,0.0,-64.13461874959447,0.0003278219827231384,-64.13461874959447,0.0003278219827231384,-65.0,0.0,-65.0,0.0
232.9,-50.515206111521344,0.0,-64.13878499051022,0.0003213306725460103,-64.13878499051022,0.0003213306725460103,-65.0,0.0,-65.0,0.0
233.0,-50.48763008096374,0.0,-64.1429335816082,0.0003149678989223667,-64.1429335816082,0.0003149678989223667,-65.0,0.0,-65.0,0.0
233.10000000000002,-50.46019193055892,0.0,-64.14706454814184,0.00030873111665792,-64.14706454814184,0.00030873111665792,-65.0,0.0,-65.0,0.0
233.20000000000002,-50.43289097090613,0.0,-64.15117791648565,0.0003026178309566063,-64.15117791648565,0.0003026178309566063,-65.0,0.0,-65.0,0.0
233.3,-50.4057265160516,0.0,-64.15527371410501,0.0002966255964226334,-64.15527371410501,0.0002966255964226334,-65.0,0.0,-65.0,0.0
233.4,-50.37869788347135,0.0,-64.15935196952644,0.00029075201608229025,-64.15935196952644,0.00029075201608229025,-65.0,0.0,-65.0,0.0
233.5,-50.35180439405399,0.0,-64.1634127123086,0.0002849947404251253,-64.1634127123086,0.0002849947404251253,-65.0,0.0,-65.0,0.0
233.60000000000002,-50.32504537208372,0.0,-64.16745597301383,0.0002793514664641109,-64.16745597301383,0.0002793514664641109,-65.0,0.0,-65.0,0.0
233.70000000000002,-50.298420145223304,0.0,-64.17148178318035,0.000273819936814418,-64.17148178318035,0.000273819936814418,-65.0,0.0,-65.0,0.0
233.8,-50.27192804449719,0.0,-64.17549017529505,0.0002683979387904321,-64.17549017529505,0.0002683979387904321,-65.0,0.0,-65.0,0.0
233.9,-50.2455684042747,0.0,-64.17948118276682,0.0002630833035206492,-64.17948118276682,0.0002630833035206492,-65.0,0.0,-65.0,0.0
234.0,-50.21934056225333,0.0,-64.18345483990045,0.00025787390508009875,-64.18345483990045,0.00025787390508009875,-65.0,0.0,-65.0,0.0
234.10000000000002,-50.19324385944206,0.0,-64.18741118187113,0.0002527676596399449,-64.18741118187113,0.0002527676596399449,-65.0,0.0,-65.0,0.0
234.20000000000002,-50.16727764014485,0.0,-64.19135024469945,0.00024776252463392745,-64.19135024469945,0.00024776252463392745,-65.0,0.0,-65.0,0.0
234.3,-50.14144125194413,0.0,-64.19527206522699,0.00024285649794130796,-64.19527206522699,0.00024285649794130796,-65.0,0.0,-65.0,0.0
234.4,-50.11573404568441,0.0,-64.19917668109231,0.0002380476170859948,-64.19917668109231,0.0002380476170859948,-65.0,0.0,-65.0,0.0
234.5,-50.09015537545599,0.0,-64.20306413070762,0.00023333395845152657,-64.20306413070762,0.00023333395845152657,-65.0,0.0,-65.0,0.0
234.60000000000002,-50.064704598578714,0.0,-64.20693445323582,0.0002287136365115999,-64.20693445323582,0.0002287136365115999,-65.0,0.0,-65.0,0.0
234.70000000000002,-50.03938107558582,0.0,-64.2107876885681,0.0002241848030758337,-64.2107876885681,0.0002241848030758337,-65.0,0.0,-65.0,0.0
234.8,-50.01418417020789,0.0,-64.21462387730199,0.00021974564655046836,-64.21462387730199,0.00021974564655046836,-65.0,0.0,-65.0,0.0
234.9,-65.0,0.0,-64.17844306071987,0.08021539439121371,-64.17844306071987,0.08021539439121371,-65.0,0.0,-65.0,0.0
235.0,-65.0,0.0,-64.14323733383574,0.07862702316104582,-64.14323733383574,0.07862702316104582,-65.0,0.0,-65.0,0.0
235.10000000000002,-65.0,0.0,-64.1089860952723,0.07707010378851663,-64.1089860952723,0.07707010378851663,-65.0,0.0,-65.0,0.0
235.20000000000002,-65.0,0.0,-64.07566915805337,0.07554401348511793,-64.07566915805337,0.07554401348511793,-65.0,0.0,-65.0,0.0
235.3,-65.0,0.0,-64.04326674136591,0.07404814179438021,-64.04326674136591,0.07404814179438021,-65.0,0.0,-65.0,0.0
235.4,-65.0,0.0,-64.01175946248524,0.07258189034768198,-64.01175946248524,0.07258189034768198,-65.0,0.0,-65.0,0.0
235.5,-65.0,0.0,-63.98112832886037,0.07114467262489425,-63.98112832886037,0.07114467262489425,-65.0,0.0,-65.0,0.0
235.60000000000002,-65.0,0.0,-63.95135473035619,0.06973591371976477,-63.95135473035619,0.06973591371976477,-65.0,0.0,-65.0,0.0
235.70000000000002,-65.0,0.0,-63.922420431649435,0.06835505010994779,-63.922420431649435,0.06835505010994779,-65.0,0.0,-65.0,0.0
235.8,-65.0,0.0,-63.894307564775396,0.06700152943158759,-63.894307564775396,0.06700152943158759,-65.0,0.0,-65.0,0.0
235.9,-65.0,0.0,-63.86699862182233,0.06567481025836568,-63.86699862182233,0.06567481025836568,-65.0,0.0,-65.0,0.0
236.0,-65.0,0.0,-63.84047644777076,0.06437436188492292,-63.84047644777076,0.06437436188492292,-65.0,0.0,-65.0,0.0
236.10000000000002,-65.0,0.0,-63.81472423347462,0.0630996641145704,-63.81472423347462,0.0630996641145704,-65.0,0.0,-65.0,0.0
236.20000000000002,-65.0,0.0,-63.78972550878164,0.061850207051203775,-63.78972550878164,0.061850207051203775,-65.0,0.0,-65.0,0.0
236.3,-65.0,0.0,-63.76546413579007,0.06062549089533806,-63.76546413579007,0.06062549089533806,-65.0,0.0,-65.0,0.0
236.4,-65.0,0.0,-63.74192430223903,0.05942502574418113,-63.74192430223903,0.05942502574418113,-65.0,0.0,-65.0,0.0
236.5,-65.0,0.0,-63.71909051503,0.058248331395666125,-63.71909051503,0.058248331395666125,-65.0,0.0,-65.0,0.0
236.60000000000002,-65.0,0.0,-63.696947593876665,0.057094937156364156,-63.696947593876665,0.057094937156364156,-65.0,0.0,-65.0,0.0
236.70000000000002,-65.0,0.0,-63.675480665080684,0.05596438165320071,-63.675480665080684,0.05596438165320071,-65.0,0.0,-65.0,0.0
236.8,-65.0,0.0,-63.65467515543083,0.05485621264890025,-63.65467515543083,0.05485621264890025,-65.0,0.0,-65.0,0.0
236.9,-64.9,0.0,-63.63451678622313,0.05376998686108527,-63.63451678622313,0.05376998686108527,-65.0,0.0,-65.0,0.0
237.0,-64.8005,0.0,-63.614991567399535,0.052705269784957445,-63.614991567399535,0.052705269784957445,-65.0,0.0,-65.0,0.0
237.10000000000002,-64.7014975,0.0,-63.59608579180279,0.0516616355194899,-63.59608579180279,0.0516616355194899,-65.0,0.0,-65.0,0.0
237.20000000000002,-64.6029900125,0.0,-63.57778602954525,0.05063866659706114,-63.57778602954525,0.05063866659706114,-65.0,0.0,-65.0,0.0
237.3,-64.5049750624375,0.0,-63.56007912248929,0.049635953816462436,-63.56007912248929,0.049635953816462436,-65.0,0.0,-65.0,0.0
237.4,-64.4074501871253,0.0,-63.54295217883724,0.04865309607921185,-63.54295217883724,0.04865309607921185,-65.0,0.0,-65.0,0.0
237.5,-64.31041293618968,0.0,-63.5263925678285,0.04768970022910955,-63.5263925678285,0.04768970022910955,-65.0,0.0,-65.0,0.0
237.60000000000002,-64.21386087150873,0.0,-63.51038791454187,0.046745380894970046,-63.51038791454187,0.046745380894970046,-65.0,0.0,-65.0,0.0
237.70000000000002,-64.11779156715119,0.0,-63.49492609480093,0.04581976033646858,-63.49492609480093,0.04581976033646858,-65.0,0.0,-65.0,0.0
237.8,-64.02220260931543,0.0,-63.47999523018041,0.04491246829303999,-63.47999523018041,0.04491246829303999,-65.0,0.0,-65.0,0.0
237.9,-63.92709159626885,0.0,-63.46558368311162,0.04402314183576951,-63.46558368311162,0.04402314183576951,-65.0,0.0,-65.0,0.0
238.0,-63.832456138287505,0.0,-63.45168005208495,0.04315142522221639,-63.45168005208495,0.04315142522221639,-65.0,0.0,-65.0,0.0
238.10000000000002,-63.73829385759607,0.0,-63.438273166947475,0.042296969754112165,-63.438273166947475,0.042296969754112165,-65.0,0.0,-65.0,0.0
238.20000000000002,-63.64460238830809,0.0,-63.4253520842938,0.0414594336378767,-63.4253520842938,0.0414594336378767,-65.0,0.0,-65.0,0.0
238.3,-63.55137937636655,0.0,-63.41290608294838,0.0406384818478962,-63.41290608294838,0.0406384818478962,-65.0,0.0,-65.0,0.0
238.4,-63.45862247948472,0.0,-63.40092465953739,0.03983378599250851,-63.40092465953739,0.03983378599250851,-65.0,0.0,-65.0,0.0
238.5,-63.366329367087296,0.0,-63.38939752414838,0.03904502418264205,-63.38939752414838,0.03904502418264205,-65.0,0.0,-65.0,0.0
238.60000000000002,-63.27449772025186,0.0,-63.37831459607611,0.038271880903055916,-63.37831459607611,0.038271880903055916,-65.0,0.0,-65.0,0.0
238.70000000000002,-63.1831252316506,0.0,-63.367665999652665,0.037514046886129554,-63.367665999652665,0.037514046886129554,-65.0,0.0,-65.0,0.0
238.8,-63.09220960549235,0.0,-63.357442060160324,0.036771218988151604,-63.357442060160324,0.036771218988151604,-65.0,0.0,-65.0,0.0
238.9,-63.001748557464886,0.0,-63.347633299825496,0.036043100068058366,-63.347633299825496,0.036043100068058366,-65.0,0.0,-65.0,0.0
239.0,-62.91173981467756,0.0,-63.33823043389208,0.03532939886857343,-63.33823043389208,0.03532939886857343,-65.0,0.0,-65.0,0.0
239.10000000000002,-62.822181115604174,0.0,-63.32922436677277,0.034629829899700856,-63.32922436677277,0.034629829899700856,-65.0,0.0,-65.0,0.0
239.20000000000002,-62.733070210026156,0.0,-63.32060618827664,0.033944113324525384,-63.32060618827664,0.033944113324525384,-65.0,0.0,-65.0,0.0
239.3,-62.644404858976024,0.0,-63.312367169911624,0.033271974847273934,-63.312367169911624,0.033271974847273934,-65.0,0.0,-65.0,0.0
239.4,-62.556182834681145,0.0,-63.30449876126027,0.03261314560359364,-63.30449876126027,0.03261314560359364,-65.0,0.0,-65.0,0.0
239.5,-62.46840192050774,0.0,-63.296992586427464,0.031967362053002525,-63.296992586427464,0.031967362053002525,-65.0,0.0,-65.0,0.0
239.60000000000002,-62.3810599109052,0.0,-63.28984044055859,0.031334365873469786,-63.28984044055859,0.031334365873469786,-65.0,0.0,-65.0,0.0
239.70000000000002,-62.29415461135068,0.0,-63.283034286426755,0.03071390385808355,-63.283034286426755,0.03071390385808355,-65.0,0.0,-65.0,0.0
239.8,-62.207683838293924,0.0,-63.276566251087736,0.030105727813764728,-63.276566251087736,0.030105727813764728,-65.0,0.0,-65.0,0.0
239.9,-62.12164541910246,0.0,-63.2704286226013,0.029509594461986467,-63.2704286226013,0.029509594461986467,-65.0,0.0,-65.0,0.0
240.0,-62.036037192006944,0.0,-63.26461384681757,0.028925265341459505,-63.26461384681757,0.028925265341459505,-65.0,0.0,-65.0,0.0
240.10000000000002,-61.95085700604691,0.0,-63.25911452422711,0.028352506712744478,-63.25911452422711,0.028352506712744478,-65.0,0.0,-65.0,0.0
240.20000000000002,-61.866102721016674,0.0,-63.2539234068736,0.02779108946475301,-63.2539234068736,0.02779108946475301,-65.0,0.0,-65.0,0.0
240.3,-61.78177220741159,0.0,-63.24903339532768,0.027240789023100242,-63.24903339532768,0.027240789023100242,-65.0,0.0,-65.0,0.0
240.4,-61.69786334637453,0.0,-63.244437535720905,0.02670138526027208,-63.244437535720905,0.02670138526027208,-65.0,0.0,-65.0,0.0
240.5,-61.61437402964266,0.0,-63.240129016838516,0.026172662407571243,-63.240129016838516,0.026172662407571243,-65.0,0.0,-65.0,0.0
240.60000000000002,-61.53130215949445,0.0,-63.23610116726992,0.02565440896880692,-63.23610116726992,0.02565440896880692,-65.0,0.0,-65.0,0.0
240.70000000000002,-61.44864564869698,0.0,-63.23234745261573,0.025146417635693467,-63.23234745261573,0.025146417635693467,-65.0,0.0,-65.0,0.0
240.8,-61.3664024204535,0.0,-63.22886147275019,0.02464848520492433,-63.22886147275019,0.02464848520492433,-65.0,0.0,-65.0,0.0
240.9,-61.28457040835123,0.0,-63.225636959137994,0.024160412496888013,-63.225636959137994,0.024160412496888013,-65.0,0.0,-65.0,0.0
241.0,-61.203147556309474,0.0,-63.222667772204304,0.023682004275993578,-63.222667772204304,0.023682004275993578,-65.0,0.0,-65.0,0.0
241.10000000000002,-61.122131818527926,0.0,-63.21994789875699,0.02321306917257381,-63.21994789875699,0.02321306917257381,-65.0,0.0,-65.0,0.0
241.20000000000002,-61.041521159435284,0.0,-63.21747144946004,0.022753419606334785,-63.21747144946004,0.022753419606334785,-65.0,0.0,-65.0,0.0
241.3,-60.96131355363811,0.0,-63.21523265635708,0.02230287171132127,-63.21523265635708,0.02230287171132127,-65.0,0.0,-65.0,0.0
241.4,-60.88150698586992,0.0,-63.21322587044411,0.021861245262367872,-63.21322587044411,0.021861245262367872,-65.0,0.0,-65.0,0.0
241.5,-60.80209945094057,0.0,-63.21144555929039,0.021428363603006578,-63.21144555929039,0.021428363603006578,-65.0,0.0,-65.0,0.0
241.60000000000002,-60.72308895368587,0.0,-63.20988630470654,0.02100405357480181,-63.20988630470654,0.02100405357480181,-65.0,0.0,-65.0,0.0
241.70000000000002,-60.644473508917436,0.0,-63.208542800458964,0.02058814544808474,-63.208542800458964,0.02058814544808474,-65.0,0.0,-65.0,0.0
241.8,-60.566251141372845,0.0,-63.20740985002964,0.020180472854059175,-63.20740985002964,0.020180472854059175,-65.0,0.0,-65.0,0.0
241.9,-60.488419885665984,0.0,-63.20648236442037,0.019780872718251793,-63.20648236442037,0.019780872718251793,-65.0,0.0,-65.0,0.0
242.0,-60.41097778623765,0.0,-63.20575536000062,0.019389185195280198,-63.20575536000062,0.019389185195280198,-65.0,0.0,-65.0,0.0
242.10000000000002,-60.333922897306465,0.0,-63.205223956398164,0.01900525360491263,-63.205223956398164,0.01900525360491263,-65.0,0.0,-65.0,0.0
242.20000000000002,-60.25725328281993,0.0,-63.204883374431475,0.018628924369393788,-63.204883374431475,0.018628924369393788,-65.0,0.0,-65.0,0.0
242.3,-60.18096701640583,0.0,-63.20472893408331,0.018260046952011673,-63.20472893408331,0.018260046952011673,-65.0,0.0,-65.0,0.0
242.4,-60.1050621813238,0.0,-63.204756052514455,0.017898473796880903,-63.204756052514455,0.017898473796880903,-65.0,0.0,-65.0,0.0
242.5,-60.02953687041718,0.0,-63.204960242116925,0.017544060269918383,-63.204960242116925,0.017544060269918383,-65.0,0.0,-65.0,0.0
242.60000000000002,-59.95438918606509,0.0,-63.205337108605846,0.017196664600987753,-63.205337108605846,0.017196664600987753,-65.0,0.0,-65.0,0.0
242.70000000000002,-59.87961724013477,0.0,-63.20588234914922,0.016856147827189437,-63.20588234914922,0.016856147827189437,-65.0,0.0,-65.0,0.0
242.8,-59.8052191539341,0.0,-63.20659175053484,0.01652237373727363,-63.20659175053484,0.01652237373727363,-65.0,0.0,-65.0,0.0
242.9,-59.73119305816443,0.0,-63.20746118737359,0.01619520881715399,-63.20746118737359,0.01619520881715399,-65.0,0.0,-65.0,0.0
243.0,-59.6575370928736,0.0,-63.20848662033847,0.015874522196500207,-63.20848662033847,0.015874522196500207,-65.0,0.0,-65.0,0.0
243.10000000000002,-59.58424940740924,0.0,-63.20966409443858,0.015560185596388141,-63.20966409443858,0.015560185596388141,-65.0,0.0,-65.0,0.0
243.20000000000002,-59.511328160372194,0.0,-63.210989737327395,0.015252073277986538,-63.210989737327395,0.015252073277986538,-65.0,0.0,-65.0,0.0
243.3,-59.43877151957033,0.0,-63.21245975764463,0.014950061992259818,-63.21245975764463,0.014950061992259818,-65.0,0.0,-65.0,0.0
243.4,-59.36657766197248,0.0,-63.21407044339107,0.01465403093066682,-63.21407044339107,0.01465403093066682,-65.0,0.0,-65.0,0.0
243.5,-59.294744773662615,0.0,-63.2158181603357,0.014363861676835774,-63.2158181603357,0.014363861676835774,-65.0,0.0,-65.0,0.0
243.60000000000002,-59.2232710497943,0.0,-63.217699350454424,0.01407943815919617,-63.217699350454424,0.01407943815919617,-65.0,0.0,-65.0,0.0
243.70000000000002,-59.15215469454533,0.0,-63.21971053039988,0.01380064660454859,-63.21971053039988,0.01380064660454859,-65.0,0.0,-65.0,0.0
243.8,-59.0813939210726,0.0,-63.2218482900016,0.013527375492553905,-63.2218482900016,0.013527375492553905,-65.0,0.0,-65.0,0.0
243.9,-59.01098695146724,0.0,-63.22410929079604,0.013259515511123653,-63.22410929079604,0.013259515511123653,-65.0,0.0,-65.0,0.0
244.0,-58.9409320167099,0.0,-63.226490264585706,0.012996959512693747,-63.226490264585706,0.012996959512693747,-65.0,0.0,-65.0,0.0
244.10000000000002,-58.87122735662635,0.0,-63.228988012027095,0.012739602471364023,-63.228988012027095,0.012739602471364023,-65.0,0.0,-65.0,0.0
244.20000000000002,-58.801871219843214,0.0,-63.23159940124652,0.012487341440886476,-63.23159940124652,0.012487341440886476,-65.0,0.0,-65.0,0.0
244.3,-58.732861863744,0.0,-63.23432136648354,0.01224007551348539,-63.23432136648354,0.01224007551348539,-65.0,0.0,-65.0,0.0
244.4,-58.66419755442528,0.0,-63.23715090676138,0.011997705779492879,-63.23715090676138,0.011997705779492879,-65.0,0.0,-65.0,0.0
244.5,-58.59587656665315,0.0,-63.24008508458368,0.01176013528778371,-63.24008508458368,0.01176013528778371,-65.0,0.0,-65.0,0.0
244.60000000000002,-58.52789718381989,0.0,-63.24312102465727,0.011527269006993548,-63.24312102465727,0.011527269006993548,-65.0,0.0,-65.0,0.0
244.70000000000002,-58.460257697900786,0.0,-63.24625591264023,0.011299013787505153,-63.24625591264023,0.011299013787505153,-65.0,0.0,-65.0,0.0
244.8,-58.39295640941128,0.0,-63.249486993914935,0.011075278324187287,-63.249486993914935,0.011075278324187287,-65.0,0.0,-65.0,0.0
244.9,-58.325991627364225,0.0,-63.252811572385426,0.010855973119871442,-63.252811572385426,0.010855973119871442,-65.0,0.0,-65.0,0.0
245.0,-58.2593616692274,0.0,-63.25622700929872,0.010641010449551784,-63.25622700929872,0.010641010449551784,-65.0,0.0,-65.0,0.0
245.10000000000002,-58.193064860881265,0.0,-63.25973072208958,0.010430304325293979,-63.25973072208958,0.010430304325293979,-65.0,0.0,-65.0,0.0
245.20000000000002,-58.12709953657686,0.0,-63.26332018324821,0.01022377046183887,-63.26332018324821,0.01022377046183887,-65.0,0.0,-65.0,0.0
245.3,-58.06146403889397,0.0,-63.26699291921053,0.010021326242887253,-63.26699291921053,0.010021326242887253,-65.0,0.0,-65.0,0.0
245.4,-57.9961567186995,0.0,-63.27074650927045,0.009822890688052255,-63.27074650927045,0.009822890688052255,-65.0,0.0,-65.0,0.0
245.5,-57.931175935106005,0.0,-63.27457858451387,0.0096283844204661,-63.27457858451387,0.0096283844204661,-65.0,0.0,-65.0,0.0
245.60000000000002,-57.86652005543048,0.0,-63.278486826773786,0.009437729635028303,-63.278486826773786,0.009437729635028303,-65.0,0.0,-65.0,0.0
245.70000000000002,-57.80218745515332,0.0,-63.28246896760628,0.00925085006728259,-63.28246896760628,0.00925085006728259,-65.0,0.0,-65.0,0.0
245.8,-57.738176517877555,0.0,-63.28652278728679,0.009067670962910102,-63.28652278728679,0.009067670962910102,-65.0,0.0,-65.0,0.0
245.9,-57.674485635288164,0.0,-63.29064611382645,0.00888811904782667,-63.29064611382645,0.00888811904782667,-65.0,0.0,-65.0,0.0
246.0,-57.61111320711172,0.0,-63.29483682200788,0.008712122498872201,-63.29483682200788,0.008712122498872201,-65.0,0.0,-65.0,0.0
246.10000000000002,-57.54805764107616,0.0,-63.2990928324403,0.008539610915080466,-63.2990928324403,0.008539610915080466,-65.0,0.0,-65.0,0.0
246.20000000000002,-57.48531735287078,0.0,-63.30341211063334,0.008370515289517759,-63.30341211063334,0.008370515289517759,-65.0,0.0,-65.0,0.0
246.3,-57.42289076610643,0.0,-63.307792666089334,0.008204767981679217,-63.307792666089334,0.008204767981679217,-65.0,0.0,-65.0,0.0
246.4,-57.360776312275895,0.0,-63.31223255141367,0.008042302690431713,-63.31223255141367,0.008042302690431713,-65.0,0.0,-65.0,0.0
246.5,-57.298972430714514,0.0,-63.31672986144286,0.007883054427492514,-63.31672986144286,0.007883054427492514,-65.0,0.0,-65.0,0.0
246.60000000000002,-57.23747756856094,0.0,-63.321282732389925,0.007726959491433105,-63.321282732389925,0.007726959491433105,-65.0,0.0,-65.0,0.0
246.70000000000002,-57.176290180718134,0.0,-63.32588934100688,0.00757395544219777,-63.32588934100688,0.00757395544219777,-65.0,0.0,-65.0,0.0
246.8,-57.11540872981454,0.0,-63.33054790376378,0.007423981076126733,-63.33054790376378,0.007423981076126733,-65.0,0.0,-65.0,0.0
246.9,-57.054831686165464,0.0,-63.335256676044224,0.007276976401473881,-63.335256676044224,0.007276976401473881,-65.0,0.0,-65.0,0.0
247.0,-56.994557527734635,0.0,-63.3400139513568,0.007132882614409264,-63.3400139513568,0.007132882614409264,-65.0,0.0,-65.0,0.0
247.10000000000002,-56.934584740095964,0.0,-63.34481806056227,0.006991642075496781,-63.34481806056227,0.006991642075496781,-65.0,0.0,-65.0,0.0
247.20000000000002,-56.87491181639548,0.0,-63.34966737111614,0.006853198286637633,-63.34966737111614,0.006853198286637633,-65.0,0.0,-65.0,0.0
247.3,-56.8155372573135,0.0,-63.354560286326326,0.006717495868470336,-63.354560286326326,0.006717495868470336,-65.0,0.0,-65.0,0.0
247.4,-56.75645957102693,0.0,-63.359495244625585,0.006584480538218233,-63.359495244625585,0.006584480538218233,-65.0,0.0,-65.0,0.0
247.5,-56.6976772731718,0.0,-63.36447071885847,0.006454099087975662,-63.36447071885847,0.006454099087975662,-65.0,0.0,-65.0,0.0
247.60000000000002,-56.63918888680594,0.0,-63.369485215582465,0.006326299363424083,-63.369485215582465,0.006326299363424083,-65.0,0.0,-65.0,0.0
247.70000000000002,-56.58099294237191,0.0,-63.374537274383066,0.006201030242969656,-63.374537274383066,0.006201030242969656,-65.0,0.0,-65.0,0.0
247.8,-56.52308797766005,0.0,-63.3796254672025,0.006078241617293923,-63.3796254672025,0.006078241617293923,-65.0,0.0,-65.0,0.0
247.9,-56.465472537771745,0.0,-63.38474839768183,0.00595788436930941,-63.38474839768183,0.00595788436930941,-65.0,0.0,-65.0,0.0
248.0,-56.408145175082886,0.0,-63.38990470051617,0.005839910354512139,-63.38990470051617,0.005839910354512139,-65.0,0.0,-65.0,0.0
248.10000000000002,-56.35110444920747,0.0,-63.39509304082273,0.005724272381723181,-63.39509304082273,0.005724272381723181,-65.0,0.0,-65.0,0.0
248.20000000000002,-56.29434892696143,0.0,-63.40031211352151,0.0056109241942115615,-63.40031211352151,0.0056109241942115615,-65.0,0.0,-65.0,0.0
248.3,-56.23787718232663,0.0,-63.405560642728304,0.005499820451190947,-63.405560642728304,0.005499820451190947,-65.0,0.0,-65.0,0.0
248.4,-56.18168779641499,0.0,-63.41083738115982,0.005390916709682727,-63.41083738115982,0.005390916709682727,-65.0,0.0,-65.0,0.0
248.5,-56.12577935743292,0.0,-63.41614110955066,0.0052841694067382265,-63.41614110955066,0.0052841694067382265,-65.0,0.0,-65.0,0.0
248.60000000000002,-56.070150460645756,0.0,-63.4214706360819,0.005179535842012953,-63.4214706360819,0.005179535842012953,-65.0,0.0,-65.0,0.0
248.70000000000002,-56.01479970834253,0.0,-63.42682479582115,0.0050769741606858845,-63.42682479582115,0.0050769741606858845,-65.0,0.0,-65.0,0.0
248.8,-55.959725709800814,0.0,-63.43220245017368,0.004976443336716981,-63.43220245017368,0.004976443336716981,-65.0,0.0,-65.0,0.0
248.9,-55.90492708125181,0.0,-63.437602486344595,0.004877903156436227,-63.437602486344595,0.004877903156436227,-65.0,0.0,-65.0,0.0
249.0,-55.85040244584555,0.0,-63.443023816811646,0.004781314202457624,-63.443023816811646,0.004781314202457624,-65.0,0.0,-65.0,0.0
249.10000000000002,-55.796150433616326,0.0,-63.448465378808635,0.004686637837911709,-63.448465378808635,0.004686637837911709,-65.0,0.0,-65.0,0.0
249.20000000000002,-55.742169681448246,0.0,-63.453926133819095,0.004593836190990297,-63.453926133819095,0.004593836190990297,-65.0,0.0,-65.0,0.0
249.3,-55.688458833041004,0.0,-63.4594050670801,0.004502872139797247,-63.4594050670801,0.004502872139797247,-65.0,0.0,-65.0,0.0
249.4,-55.635016538875796,0.0,-63.46490118709595,0.004413709297499212,-63.46490118709595,0.004413709297499212,-65.0,0.0,-65.0,0.0
249.5,-55.581841456181415,0.0,-63.47041352516158,0.004326311997770419,-63.47041352516158,0.004326311997770419,-65.0,0.0,-65.0,0.0
249.60000000000002,-55.52893224890051,0.0,-63.475941134895514,0.004240645280525662,-63.475941134895514,0.004240645280525662,-65.0,0.0,-65.0,0.0
249.70000000000002,-55.47628758765601,0.0,-63.48148309178207,0.004156674877935807,-63.48148309178207,0.004156674877935807,-65.0,0.0,-65.0,0.0
249.8,-55.42390614971773,0.0,-63.487038492722796,0.004074367200720197,-63.487038492722796,0.004074367200720197,-65.0,0.0,-65.0,0.0
249.9,-55.37178661896914,0.0,-63.49260645559683,0.003993689324710495,-63.49260645559683,0.003993689324710495,-65.0,0.0,-65.0,0.0
250.0,-55.31992768587429,0.0,-63.498186118830006,0.003914608977680579,-63.498186118830006,0.003914608977680579,-65.0,0.0,-65.0,0.0
250.10000000000002,-55.26832804744492,0.0,-63.50377664097264,0.003837094526437217,-63.50377664097264,0.003837094526437217,-65.0,0.0,-65.0,0.0
250.20000000000002,-55.21698640720769,0.0,-63.50937720028569,0.0037611149641663725,-63.50937720028569,0.0037611149641663725,-65.0,0.0,-65.0,0.0
250.3,-55.16590147517165,0.0,-63.514986994335246,0.0036866398980300624,-63.514986994335246,0.0036866398980300624,-65.0,0.0,-65.0,0.0
250.4,-55.11507196779579,0.0,-63.52060523959506,0.0036136395370088186,-63.52060523959506,0.0036136395370088186,-65.0,0.0,-65.0,0.0
250.5,-55.06449660795681,0.0,-63.5262311710571,0.0035420846799848814,-63.5262311710571,0.0035420846799848814,-65.0,0.0,-65.0,0.0
250.60000000000002,-55.01417412491703,0.0,-63.53186404184978,0.0034719467040613635,-63.53186404184978,0.0034719467040613635,-65.0,0.0,-65.0,0.0
250.70000000000002,-54.96410325429244,0.0,-63.537503122863974,0.0034031975531127103,-63.537503122863974,0.0034031975531127103,-65.0,0.0,-65.0,0.0
250.8,-54.91428273802098,0.0,-63.54314770238637,0.0033358097265618744,-63.54314770238637,0.0033358097265618744,-65.0,0.0,-65.0,0.0
250.9,-54.86471132433088,0.0,-63.54879708574025,0.0032697562683797195,-63.54879708574025,0.0032697562683797195,-65.0,0.0,-65.0,0.0
251.0,-54.815387767709225,0.0,-63.55445059493339,0.0032050107563022477,-63.55445059493339,0.0032050107563022477,-65.0,0.0,-65.0,0.0
251.10000000000002,-54.76631082887068,0.0,-63.56010756831309,0.0031415472912613433,-63.56010756831309,0.0031415472912613433,-65.0,0.0,-65.0,0.0
251.20000000000002,-54.71747927472632,0.0,-63.565767360228016,0.0030793404870247993,-63.565767360228016,0.0030793404870247993,-65.0,0.0,-65.0,0.0
251.3,-54.66889187835269,0.0,-63.57142934069685,0.0030183654600414857,-63.57142934069685,0.0030183654600414857,-65.0,0.0,-65.0,0.0
251.4,-54.620547418960925,0.0,-63.577092895083624,0.0029585978194875983,-63.577092895083624,0.0029585978194875983,-65.0,0.0,-65.0,0.0
251.5,-54.57244468186612,0.0,-63.58275742377945,0.002900013657510003,-63.58275742377945,0.002900013657510003,-65.0,0.0,-65.0,0.0
251.60000000000002,-54.52458245845679,0.0,-63.58842234189072,0.002842589539662776,-63.58842234189072,0.002842589539662776,-65.0,0.0,-65.0,0.0
251.70000000000002,-54.47695954616451,0.0,-63.5940870789335,0.002786302495533113,-63.5940870789335,0.002786302495533113,-65.0,0.0,-65.0,0.0
251.8,-54.42957474843369,0.0,-63.599751078534055,0.0027311300095528585,-63.599751078534055,0.0027311300095528585,-65.0,0.0,-65.0,0.0
251.9,-54.38242687469152,0.0,-63.60541379813539,0.0026770500119919776,-63.60541379813539,0.0026770500119919776,-65.0,0.0,-65.0,0.0
252.0,-54.33551474031806,0.0,-63.611074708709644,0.0026240408701303695,-63.611074708709644,0.0026240408701303695,-65.0,0.0,-65.0,0.0
252.10000000000002,-54.28883716661647,0.0,-63.61673329447629,0.002572081379604492,-63.61673329447629,0.002572081379604492,-65.0,0.0,-65.0,0.0
252.20000000000002,-54.242392980783386,0.0,-63.62238905262595,0.0025211507559253317,-63.62238905262595,0.0025211507559253317,-65.0,0.0,-65.0,0.0
252.3,-54.19618101587947,0.0,-63.628041493049736,0.0024712286261643333,-63.628041493049736,0.0024712286261643333,-65.0,0.0,-65.0,0.0
252.4,-54.15020011080007,0.0,-63.63369013807409,0.002422295020803955,-63.63369013807409,0.002422295020803955,-65.0,0.0,-65.0,0.0
252.5,-54.10444911024607,0.0,-63.63933452220084,0.002374330365749596,-63.63933452220084,0.002374330365749596,-65.0,0.0,-65.0,0.0
252.60000000000002,-54.05892686469484,0.0,-63.64497419185258,0.002327315474499697,-63.64497419185258,0.002327315474499697,-65.0,0.0,-65.0,0.0
252.70000000000002,-54.013632230371364,0.0,-63.650608705123084,0.0022812315404708845,-63.650608705123084,0.0022812315404708845,-65.0,0.0,-65.0,0.0
252.8,-53.96856406921951,0.0,-63.65623763153273,0.0022360601294750867,-63.65623763153273,0.0022360601294750867,-65.0,0.0,-65.0,0.0
252.9,-53.92372124887341,0.0,-63.6618605517889,0.0021917831723456114,-63.6618605517889,0.0021917831723456114,-65.0,0.0,-65.0,0.0
253.0,-53.87910264262904,0.0,-63.667477057551096,0.0021483829577092395,-63.667477057551096,0.0021483829577092395,-65.0,0.0,-65.0,0.0
253.10000000000002,-53.8347071294159,0.0,-63.67308675120089,0.0021058421249014396,-63.67308675120089,0.0021058421249014396,-65.0,0.0,-65.0,0.0
253.20000000000002,-53.790533593768814,0.0,-63.678689245616376,0.0020641436570218693,-63.678689245616376,0.0020641436570218693,-65.0,0.0,-65.0,0.0
253.3,-53.74658092579997,0.0,-63.68428416395123,0.0020232708741273905,-63.68428416395123,0.0020232708741273905,-65.0,0.0,-65.0,0.0
253.4,-53.702848021170965,0.0,-63.689871139418194,0.001983207426559867,-63.689871139418194,0.001983207426559867,-65.0,0.0,-65.0,0.0
253.5,-53.65933378106511,0.0,-63.6954498150769,0.001943937288406086,-63.6954498150769,0.001943937288406086,-65.0,0.0,-65.0,0.0
253.60000000000002,-53.61603711215978,0.0,-63.70101984362597,0.0019054447510871769,-63.70101984362597,0.0019054447510871769,-65.0,0.0,-65.0,0.0
253.70000000000002,-53.572956926598984,0.0,-63.7065808871993,0.0018677144170749713,-63.7065808871993,0.0018677144170749713,-65.0,0.0,-65.0,0.0
253.8,-53.53009214196599,0.0,-63.71213261716644,0.0018307311937327865,-63.71213261716644,0.0018307311937327865,-65.0,0.0,-65.0,0.0
253.9,-53.48744168125616,0.0,-63.717674713936965,0.0017944802872781696,-63.717674713936965,0.0017944802872781696,-65.0,0.0,-65.0,0.0
254.0,-53.445004472849874,0.0,-63.72320686676885,0.0017589471968651868,-63.72320686676885,0.0017589471968651868,-65.0,0.0,-65.0,0.0
254.10000000000002,-53.402779450485625,0.0,-63.72872877358061,0.001724117708783892,-63.72872877358061,0.001724117708783892,-65.0,0.0,-65.0,0.0
254.20000000000002,-53.36076555323319,0.0,-63.73424014076732,0.0016899778907746535,-63.73424014076732,0.0016899778907746535,-65.0,0.0,-65.0,0.0
254.3,-53.31896172546703,0.0,-63.73974068302026,0.001656514086455064,-63.73974068302026,0.001656514086455064,-65.0,0.0,-65.0,0.0
254.4,-53.27736691683969,0.0,-63.74523012315023,0.0016237129098572054,-63.74523012315023,0.0016237129098572054,-65.0,0.0,-65.0,0.0
254.5,-53.23598008225549,0.0,-63.75070819191444,0.0015915612400730838,-63.75070819191444,0.0015915612400730838,-65.0,0.0,-65.0,0.0
254.60000000000002,-53.19480018184421,0.0,-63.75617462784687,0.0015600462160060909,-63.75617462784687,0.0015600462160060909,-65.0,0.0,-65.0,0.0
254.70000000000002,-53.153826180934985,0.0,-63.76162917709202,0.001529155231226394,-63.76162917709202,0.001529155231226394,-65.0,0.0,-65.0,0.0
254.8,-53.11305705003031,0.0,-63.76707159324209,0.001498875928928196,-63.76707159324209,0.001498875928928196,-65.0,0.0,-65.0,0.0
254.9,-53.07249176478015,0.0,-63.77250163717739,0.0014691961969868481,-63.77250163717739,0.0014691961969868481,-65.0,0.0,-65.0,0.0
255.0,-53.03212930595625,0.0,-63.777919076909946,0.0014401041631138388,-63.777919076909946,0.0014401041631138388,-65.0,0.0,-65.0,0.0
255.10000000000002,-52.99196865942647,0.0,-63.78332368743034,0.0014115881901077198,-63.78332368743034,0.0014115881901077198,-65.0,0.0,-65.0,0.0
255.20000000000002,-52.952008816129336,0.0,-63.78871525055759,0.0013836368711990707,-63.78871525055759,0.0013836368711990707,-65.0,0.0,-65.0,0.0
255.3,-52.91224877204869,0.0,-63.794093554792056,0.0013562390254876389,-63.794093554792056,0.0013562390254876389,-65.0,0.0,-65.0,0.0
255.4,-52.87268752818845,0.0,-63.799458395171364,0.0013293836934698303,-63.799458395171364,0.0013293836934698303,-65.0,0.0,-65.0,0.0
255.5,-52.83332409054751,0.0,-63.80480957312918,0.001303060132654762,-63.80480957312918,0.001303060132654762,-65.0,0.0,-65.0,0.0
255.60000000000002,-52.79415747009477,0.0,-63.8101468963569,0.0012772578132671222,-63.8101468963569,0.0012772578132671222,-65.0,0.0,-65.0,0.0
255.70000000000002,-52.755186682744295,0.0,-63.81547017866809,0.0012519664140351206,-63.81547017866809,0.0012519664140351206,-65.0,0.0,-65.0,0.0
255.8,-52.71641074933057,0.0,-63.82077923986572,0.001227175818061841,-63.82077923986572,0.001227175818061841,-65.0,0.0,-65.0,0.0
255.9,-52.67782869558392,0.0,-63.826073905612006,0.0012028761087783486,-63.826073905612006,0.0012028761087783486,-65.0,0.0,-65.0,0.0
256.0,-52.639439552106,0.0,-63.83135400730096,0.0011790575659769295,-63.83135400730096,0.0011790575659769295,-65.0,0.0,-65.0,0.0
256.1,-52.601242354345466,0.0,-63.836619381933495,0.0011557106619228784,-63.836619381933495,0.0011557106619228784,-65.0,0.0,-65.0,0.0
256.2,-52.563236142573736,0.0,-63.84186987199506,0.0011328260575432774,-63.84186987199506,0.0011328260575432774,-65.0,0.0,-65.0,0.0
256.3,-52.52541996186087,0.0,-63.84710532533574,0.0011103945986912424,-63.84710532533574,0.0011103945986912424,-65.0,0.0,-65.0,0.0
256.40000000000003,-52.48779286205156,0.0,-63.85232559505282,0.0010884073124841427,-63.85232559505282,0.0010884073124841427,-65.0,0.0,-65.0,0.0
256.5,-52.45035389774131,0.0,-63.857530539375695,0.0010668554037143276,-63.857530539375695,0.0010668554037143276,-65.0,0.0,-65.0,0.0
256.6,-52.4131021282526,0.0,-63.86272002155315,0.0010457302513309267,-63.86272002155315,0.0010457302513309267,-65.0,0.0,-65.0,0.0
256.7,-52.37603661761134,0.0,-63.86789390974289,0.001025023404991314,-63.86789390974289,0.001025023404991314,-65.0,0.0,-65.0,0.0
256.8,-52.33915643452328,0.0,-63.873052076903335,0.001004726581680859,-63.873052076903335,0.001004726581680859,-65.0,0.0,-65.0,0.0
256.90000000000003,-52.30246065235067,0.0,-63.87819440068762,0.0009848316623996092,-63.87819440068762,0.0009848316623996092,-65.0,0.0,-65.0,0.0
257.0,-52.265948349088916,0.0,-63.883320763339725,0.0009653306889145832,-63.883320763339725,0.0009653306889145832,-65.0,0.0,-65.0,0.0
257.1,-52.22961860734347,0.0,-63.88843105159274,0.0009462158605763705,-63.88843105159274,0.0009462158605763705,-65.0,0.0,-65.0,0.0
257.2,-52.19347051430675,0.0,-63.893525156569176,0.0009274795311987681,-63.893525156569176,0.0009274795311987681,-65.0,0.0,-65.0,0.0
257.3,-52.15750316173522,0.0,-63.89860297368333,0.0009091142060002038,-63.89860297368333,0.0009091142060002038,-65.0,0.0,-65.0,0.0
257.40000000000003,-52.12171564592654,0.0,-63.903664402545616,0.0008911125386057239,-63.903664402545616,0.0008911125386057239,-65.0,0.0,-65.0,0.0
257.5,-52.08610706769691,0.0,-63.90870934686883,0.0008734673281083453,-63.90870934686883,0.0008734673281083453,-65.0,0.0,-65.0,0.0
257.6,-52.05067653235842,0.0,-63.913737714376396,0.0008561715161885964,-63.913737714376396,0.0008561715161885964,-65.0,0.0,-65.0,0.0
257.7,-52.01542314969663,0.0,-63.918749416712366,0.0008392181842910953,-63.918749416712366,0.0008392181842910953,-65.0,0.0,-65.0,0.0
257.8,-51.980346033948145,0.0,-63.92374436935338,0.0008226005508570356,-63.92374436935338,0.0008226005508570356,-65.0,0.0,-65.0,0.0
257.90000000000003,-51.9454443037784,0.0,-63.92872249152231,0.0008063119686114724,-63.92872249152231,0.0008063119686114724,-65.0,0.0,-65.0,0.0
258.0,-51.91071708225951,0.0,-63.93368370610374,0.0007903459219043233,-63.93368370610374,0.0007903459219043233,-65.0,0.0,-65.0,0.0
258.1,-51.876163496848214,0.0,-63.93862793956117,0.0007746960241040221,-63.93862793956117,0.0007746960241040221,-65.0,0.0,-65.0,0.0
258.2,-51.84178267936397,0.0,-63.943555121855844,0.0007593560150427806,-63.943555121855844,0.0007593560150427806,-65.0,0.0,-65.0,0.0
258.3,-51.807573765967156,0.0,-63.94846518636731,0.000744319758512438,-63.94846518636731,0.000744319758512438,-65.0,0.0,-65.0,0.0
258.40000000000003,-51.77353589713732,0.0,-63.953358069815565,0.0007295812398098962,-63.953358069815565,0.0007295812398098962,-65.0,0.0,-65.0,0.0
258.5,-51.739668217651634,0.0,-63.95823371218482,0.000715134563331158,-63.95823371218482,0.000715134563331158,-65.0,0.0,-65.0,0.0
258.6,-51.70596987656337,0.0,-63.96309205664879,0.0007009739502130067,-63.96309205664879,0.0007009739502130067,-65.0,0.0,-65.0,0.0
258.7,-51.672440027180556,0.0,-63.96793304949754,0.0006870937360213847,-63.96793304949754,0.0006870937360213847,-65.0,0.0,-65.0,0.0
258.8,-51.63907782704465,0.0,-63.97275664006581,0.0006734883684855433,-63.97275664006581,0.0006734883684855433,-65.0,0.0,-65.0,0.0
258.90000000000003,-51.60588243790943,0.0,-63.97756278066284,0.0006601524052770606,-63.97756278066284,0.0006601524052770606,-65.0,0.0,-65.0,0.0
259.0,-51.57285302571988,0.0,-63.98235142650361,0.0006470805118328382,-63.98235142650361,0.0006470805118328382,-65.0,0.0,-65.0,0.0
259.1,-51.53998876059128,0.0,-63.98712253564148,0.0006342674592212041,-63.98712253564148,0.0006342674592212041,-65.0,0.0,-65.0,0.0
259.2,-51.507288816788325,0.0,-63.99187606890225,0.0006217081220502708,-63.99187606890225,0.0006217081220502708,-65.0,0.0,-65.0,0.0
259.3,-51.47475237270438,0.0,-63.99661198981953,0.0006093974764177098,-63.99661198981953,0.0006093974764177098,-65.0,0.0,-65.0,0.0
259.40000000000003,-51.442378610840855,0.0,-64.00133026457148,0.0005973305979011238,-64.00133026457148,0.0005973305979011238,-65.0,0.0,-65.0,0.0
259.5,-51.41016671778665,0.0,-64.00603086191883,0.0005855026595882124,-64.00603086191883,0.0005855026595882124,-65.0,0.0,-65.0,0.0
259.6,-51.37811588419772,0.0,-64.01071375314416,0.0005739089301459425,-64.01071375314416,0.0005739089301459425,-65.0,0.0,-65.0,0.0
259.7,-51.34622530477673,0.0,-64.01537891199247,0.0005625447719279521,-64.01537891199247,0.0005625447719279521,-65.0,0.0,-65.0,0.0
259.8,-51.31449417825284,0.0,-64.02002631461295,0.0005514056391194298,-64.02002631461295,0.0005514056391194298,-65.0,0.0,-65.0,0.0
259.90000000000003,-51.28292170736158,0.0,-64.02465593950193,0.0005404870759187286,-64.02465593950193,0.0005404870759187286,-65.0,0.0,-65.0,0.0
260.0,-51.251507098824774,0.0,-64.02926776744704,0.0005297847147549853,-64.02926776744704,0.0005297847147549853,-65.0,0.0,-65.0,0.0
260.1,-51.22024956333065,0.0,-64.03386178147254,0.0005192942745410343,-64.03386178147254,0.0005192942745410343,-65.0,0.0,-65.0,0.0
260.2,-51.189148315514,0.0,-64.0384379667857,0.0005090115589609158,-64.0384379667857,0.0005090115589609158,-65.0,0.0,-65.0,0.0
260.3,-51.15820257393643,0.0,-64.04299631072436,0.000498932454791293,-64.04299631072436,0.000498932454791293,-65.0,0.0,-65.0,0.0
260.40000000000003,-51.127411561066744,0.0,-64.04753680270561,0.000489052930256108,-64.04753680270561,0.000489052930256108,-65.0,0.0,-65.0,0.0
260.5,-51.09677450326141,0.0,-64.05205943417538,0.0004793690334138181,-64.05205943417538,0.0004793690334138181,-65.0,0.0,-65.0,0.0
260.6,-51.0662906307451,0.0,-64.05656419855922,0.00046987689057656615,-64.05656419855922,0.00046987689057656615,-65.0,0.0,-65.0,0.0
260.7,-51.03595917759137,0.0,-64.06105109121404,0.00046057270476065356,-64.06105109121404,0.00046057270476065356,-65.0,0.0,-65.0,0.0
260.8,-51.00577938170341,0.0,-64.06552010938088,0.0004514527541676965,-64.06552010938088,0.0004514527541676965,-65.0,0.0,-65.0,0.0
260.90000000000003,-50.975750484794894,0.0,-64.06997125213863,0.0004425133906958568,-64.06997125213863,0.0004425133906958568,-65.0,0.0,-65.0,0.0
261.0,-50.94587173237092,0.0,-64.0744045203587,0.0004337510384805527,-64.0744045203587,0.0004337510384805527,-65.0,0.0,-65.0,0.0
261.1,-50.916142373709064,0.0,-64.07881991666068,0.0004251621924640651,-64.07881991666068,0.0004251621924640651,-65.0,0.0,-65.0,0.0
261.2,-50.88656166184052,0.0,-64.08321744536887,0.000416743416993468,-64.08321744536887,0.000416743416993468,-65.0,0.0,-65.0,0.0
261.3,-50.857128853531314,0.0,-64.08759711246981,0.0004084913444463212,-64.08759711246981,0.0004084913444463212,-65.0,0.0,-65.0,0.0
261.40000000000003,-50.827843209263655,0.0,-64.09195892557052,0.0004004026738835768,-64.09195892557052,0.0004004026738835768,-65.0,0.0,-65.0,0.0
261.5,-50.79870399321734,0.0,-64.09630289385781,0.0003924741697291594,-64.09630289385781,0.0003924741697291594,-65.0,0.0,-65.0,0.0
261.6,-50.76971047325125,0.0,-64.10062902805828,0.0003847026604756923,-64.10062902805828,0.0003847026604756923,-65.0,0.0,-65.0,0.0
261.7,-50.740861920884996,0.0,-64.10493734039927,0.00037708503741585274,-64.10493734039927,0.00037708503741585274,-65.0,0.0,-65.0,0.0
261.8,-50.712157611280574,0.0,-64.10922784457058,0.00036961825339884704,-64.10922784457058,0.00036961825339884704,-65.0,0.0,-65.0,0.0
261.90000000000003,-50.68359682322417,0.0,-64.11350055568693,0.00036229932161150995,-64.11350055568693,0.00036229932161150995,-65.0,0.0,-65.0,0.0
262.0,-50.65517883910805,0.0,-64.1177554902513,0.0003551253143835395,-64.1177554902513,0.0003551253143835395,-65.0,0.0,-65.0,0.0
262.1,-50.626902944912516,0.0,-64.12199266611903,0.0003480933620163898,-64.12199266611903,0.0003480933620163898,-65.0,0.0,-65.0,0.0
262.2,-50.59876843018795,0.0,-64.12621210246262,0.00034120065163535337,-64.12621210246262,0.00034120065163535337,-65.0,0.0,-65.0,0.0
262.3,-50.57077458803701,0.0,-64.13041381973727,0.00033444442606437376,-64.13041381973727,0.00033444442606437376,-65.0,0.0,-65.0,0.0
262.40000000000003,-50.54292071509683,0.0,-64.13459783964723,0.0003278219827231384,-64.13459783964723,0.0003278219827231384,-65.0,0.0,-65.0,0.0
262.5,-50.515206111521344,0.0,-64.13876418511272,0.0003213306725460103,-64.13876418511272,0.0003213306725460103,-65.0,0.0,-65.0,0.0
262.6,-50.48763008096374,0.0,-64.1429128802377,0.0003149678989223667,-64.1429128802377,0.0003149678989223667,-65.0,0.0,-65.0,0.0
262.7,-50.46019193055892,0.0,-64.14704395027819,0.00030873111665792,-64.14704395027819,0.00030873111665792,-65.0,0.0,-65.0,0.0
262.8,-50.43289097090613,0.0,-64.15115742161132,0.0003026178309566063,-64.15115742161132,0.0003026178309566063,-65.0,0.0,-65.0,0.0
262.90000000000003,-50.4057265160516,0.0,-64.15525332170505,0.0002966255964226334,-64.15525332170505,0.0002966255964226334,-65.0,0.0,-65.0,0.0
263.0,-50.37869788347135,0.0,-64.15933167908848,0.00029075201608229025,-64.15933167908848,0.00029075201608229025,-65.0,0.0,-65.0,0.0
263.1,-50.35180439405399,0.0,-64.16339252332283,0.0002849947404251253,-64.16339252332283,0.0002849947404251253,-65.0,0.0,-65.0,0.0
263.2,-50.32504537208372,0.0,-64.16743588497297,0.0002793514664641109,-64.16743588497297,0.0002793514664641109,-65.0,0.0,-65.0,0.0
263.3,-50.298420145223304,0.0,-64.1714617955797,0.000273819936814418,-64.1714617955797,0.000273819936814418,-65.0,0.0,-65.0,0.0
263.40000000000003,-50.27192804449719,0.0,-64.17547028763241,0.0002683979387904321,-64.17547028763241,0.0002683979387904321,-65.0,0.0,-65.0,0.0
263.5,-50.2455684042747,0.0,-64.17946139454249,0.0002630833035206492,-64.17946139454249,0.0002630833035206492,-65.0,0.0,-65.0,0.0
263.6,-50.21934056225333,0.0,-64.18343515061723,0.00025787390508009875,-64.18343515061723,0.00025787390508009875,-65.0,0.0,-65.0,0.0
263.7,-50.19324385944206,0.0,-64.18739159103433,0.0002527676596399449,-64.18739159103433,0.0002527676596399449,-65.0,0.0,-65.0,0.0
263.8,-50.16727764014485,0.0,-64.19133075181684,0.00024776252463392745,-64.19133075181684,0.00024776252463392745,-65.0,0.0,-65.0,0.0
263.90000000000003,-50.14144125194413,0.0,-64.19525266980878,0.00024285649794130796,-64.19525266980878,0.00024285649794130796,-65.0,0.0,-65.0,0.0
264.0,-50.11573404568441,0.0,-64.1991573826512,0.0002380476170859948,-64.1991573826512,0.0002380476170859948,-65.0,0.0,-65.0,0.0
264.1,-50.09015537545599,0.0,-64.20304492875871,0.00023333395845152657,-64.20304492875871,0.00023333395845152657,-65.0,0.0,-65.0,0.0
264.2,-50.064704598578714,0.0,-64.20691534729667,0.0002287136365115999,-64.20691534729667,0.0002287136365115999,-65.0,0.0,-65.0,0.0
264.3,-50.03938107558582,0.0,-64.21076867815864,0.0002241848030758337,-64.21076867815864,0.0002241848030758337,-65.0,0.0,-65.0,0.0
264.40000000000003,-50.01418417020789,0.0,-64.21460496194457,0.00021974564655046836,-64.21460496194457,0.00021974564655046836,-65.0,0.0,-65.0,0.0
264.5,-65.0,0.0,-64.17842423993925,0.08021539439121371,-64.17842423993925,0.08021539439121371,-65.0,0.0,-65.0,0.0
264.6,-65.0,0.0,-64.14321860715903,0.07862702316104582,-64.14321860715903,0.07862702316104582,-65.0,0.0,-65.0,0.0
264.7,-65.0,0.0,-64.10896746222897,0.07707010378851663,-64.10896746222897,0.07707010378851663,-65.0,0.0,-65.0,0.0
264.8,-65.0,0.0,-64.07565061817527,0.07554401348511793,-64.07565061817527,0.07554401348511793,-65.0,0.0,-65.0,0.0
264.90000000000003,-65.0,0.0,-64.04324829418721,0.07404814179438021,-64.04324829418721,0.07404814179438021,-65.0,0.0,-65.0,0.0
265.0,-65.0,0.0,-64.01174110754243,0.07258189034768198,-64.01174110754243,0.07258189034768198,-65.0,0.0,-65.0,0.0
265.1,-65.0,0.0,-63.98111006569228,0.07114467262489425,-63.98111006569228,0.07114467262489425,-65.0,0.0,-65.0,0.0
265.2,-65.0,0.0,-63.95133655850393,0.06973591371976477,-63.95133655850393,0.06973591371976477,-65.0,0.0,-65.0,0.0
265.3,-65.0,0.0,-63.92240235065644,0.06835505010994779,-63.92240235065644,0.06835505010994779,-65.0,0.0,-65.0,0.0
265.40000000000003,-65.0,0.0,-63.89428957418736,0.06700152943158759,-63.89428957418736,0.06700152943158759,-65.0,0.0,-65.0,0.0
265.5,-65.0,0.0,-63.86698072118724,0.06567481025836568,-63.86698072118724,0.06567481025836568,-65.0,0.0,-65.0,0.0
265.6,-65.0,0.0,-63.84045863663884,0.06437436188492292,-63.84045863663884,0.06437436188492292,-65.0,0.0,-65.0,0.0
265.7,-65.0,0.0,-63.81470651139836,0.0630996641145704,-63.81470651139836,0.0630996641145704,-65.0,0.0,-65.0,0.0
265.8,-65.0,0.0,-63.78970787531577,0.061850207051203775,-63.78970787531577,0.061850207051203775,-65.0,0.0,-65.0,0.0
265.90000000000003,-65.0,0.0,-63.76544659049152,0.06062549089533806,-63.76544659049152,0.06062549089533806,-65.0,0.0,-65.0,0.0
266.0,-65.0,0.0,-63.74190684466697,0.05942502574418113,-63.74190684466697,0.05942502574418113,-65.0,0.0,-65.0,0.0
266.1,-65.0,0.0,-63.719073144745806,0.058248331395666125,-63.719073144745806,0.058248331395666125,-65.0,0.0,-65.0,0.0
266.2,-65.0,0.0,-63.696930310443896,0.057094937156364156,-63.696930310443896,0.057094937156364156,-65.0,0.0,-65.0,0.0
266.3,-65.0,0.0,-63.675463468065075,0.05596438165320071,-63.675463468065075,0.05596438165320071,-65.0,0.0,-65.0,0.0
266.40000000000003,-65.0,0.0,-63.6546580444003,0.05485621264890025,-63.6546580444003,0.05485621264890025,-65.0,0.0,-65.0,0.0
266.5,-64.9,0.0,-63.63449976074776,0.05376998686108527,-63.63449976074776,0.05376998686108527,-65.0,0.0,-65.0,0.0
266.6,-64.8005,0.0,-63.61497462705154,0.052705269784957445,-63.61497462705154,0.052705269784957445,-65.0,0.0,-65.0,0.0
266.7,-64.7014975,0.0,-63.596068936156534,0.0516616355194899,-63.596068936156534,0.0516616355194899,-65.0,0.0,-65.0,0.0
266.8,-64.6029900125,0.0,-63.57776925817722,0.05063866659706114,-63.57776925817722,0.05063866659706114,-65.0,0.0,-65.0,0.0
266.90000000000003,-64.5049750624375,0.0,-63.5600624349781,0.049635953816462436,-63.5600624349781,0.049635953816462436,-65.0,0.0,-65.0,0.0
267.0,-64.4074501871253,0.0,-63.542935574763604,0.04865309607921185,-63.542935574763604,0.04865309607921185,-65.0,0.0,-65.0,0.0
267.1,-64.31041293618968,0.0,-63.52637604677523,0.04768970022910955,-63.52637604677523,0.04768970022910955,-65.0,0.0,-65.0,0.0
267.2,-64.21386087150873,0.0,-63.51037147609387,0.046745380894970046,-63.51037147609387,0.046745380894970046,-65.0,0.0,-65.0,0.0
267.3,-64.11779156715119,0.0,-63.49490973854517,0.04581976033646858,-63.49490973854517,0.04581976033646858,-65.0,0.0,-65.0,0.0
267.40000000000003,-64.02220260931543,0.0,-63.479978955705924,0.04491246829303999,-63.479978955705924,0.04491246829303999,-65.0,0.0,-65.0,0.0
267.5,-63.92709159626885,0.0,-63.46556749000951,0.04402314183576951,-63.46556749000951,0.04402314183576951,-65.0,0.0,-65.0,0.0
267.6,-63.832456138287505,0.0,-63.451663939948354,0.04315142522221639,-63.451663939948354,0.04315142522221639,-65.0,0.0,-65.0,0.0
267.7,-63.73829385759607,0.0,-63.43825713537156,0.042296969754112165,-63.43825713537156,0.042296969754112165,-65.0,0.0,-65.0,0.0
267.8,-63.64460238830809,0.0,-63.42533613287576,0.0414594336378767,-63.42533613287576,0.0414594336378767,-65.0,0.0,-65.0,0.0
267.90000000000003,-63.55137937636655,0.0,-63.41289021128744,0.0406384818478962,-63.41289021128744,0.0406384818478962,-65.0,0.0,-65.0,0.0
268.0,-63.45862247948472,0.0,-63.40090886723475,0.03983378599250851,-63.40090886723475,0.03983378599250851,-65.0,0.0,-65.0,0.0
268.1,-63.366329367087296,0.0,-63.38938181080725,0.03904502418264205,-63.38938181080725,0.03904502418264205,-65.0,0.0,-65.0,0.0
268.2,-63.27449772025186,0.0,-63.37829896130169,0.038271880903055916,-63.37829896130169,0.038271880903055916,-65.0,0.0,-65.0,0.0
268.3,-63.1831252316506,0.0,-63.36765044305211,0.037514046886129554,-63.36765044305211,0.037514046886129554,-65.0,0.0,-65.0,0.0
268.40000000000003,-63.09220960549235,0.0,-63.35742658134278,0.036771218988151604,-63.35742658134278,0.036771218988151604,-65.0,0.0,-65.0,0.0
268.5,-63.001748557464886,0.0,-63.347617898402035,0.036043100068058366,-63.347617898402035,0.036043100068058366,-65.0,0.0,-65.0,0.0
268.6,-62.91173981467756,0.0,-63.33821510947574,0.03532939886857343,-63.33821510947574,0.03532939886857343,-65.0,0.0,-65.0,0.0
268.7,-62.822181115604174,0.0,-63.32920911897851,0.034629829899700856,-63.32920911897851,0.034629829899700856,-65.0,0.0,-65.0,0.0
268.8,-62.733070210026156,0.0,-63.32059101672136,0.033944113324525384,-63.32059101672136,0.033944113324525384,-65.0,0.0,-65.0,0.0
268.90000000000003,-62.644404858976024,0.0,-63.31235207421412,0.033271974847273934,-63.31235207421412,0.033271974847273934,-65.0,0.0,-65.0,0.0
269.0,-62.556182834681145,0.0,-63.30448374104125,0.03261314560359364,-63.30448374104125,0.03261314560359364,-65.0,0.0,-65.0,0.0
269.1,-62.46840192050774,0.0,-63.296977641309546,0.031967362053002525,-63.296977641309546,0.031967362053002525,-65.0,0.0,-65.0,0.0
269.2,-62.3810599109052,0.0,-63.289825570166265,0.031334365873469786,-63.289825570166265,0.031334365873469786,-65.0,0.0,-65.0,0.0
269.3,-62.29415461135068,0.0,-63.283019490386394,0.03071390385808355,-63.283019490386394,0.03071390385808355,-65.0,0.0,-65.0,0.0
269.40000000000003,-62.207683838293924,0.0,-63.27655152902758,0.030105727813764728,-63.27655152902758,0.030105727813764728,-65.0,0.0,-65.0,0.0
269.5,-62.12164541910246,0.0,-63.270413974151445,0.029509594461986467,-63.270413974151445,0.029509594461986467,-65.0,0.0,-65.0,0.0
269.6,-62.036037192006944,0.0,-63.26459927160996,0.028925265341459505,-63.26459927160996,0.028925265341459505,-65.0,0.0,-65.0,0.0
269.7,-61.95085700604691,0.0,-63.259100021895534,0.028352506712744478,-63.259100021895534,0.028352506712744478,-65.0,0.0,-65.0,0.0
269.8,-61.866102721016674,0.0,-63.25390897705368,0.02779108946475301,-63.25390897705368,0.02779108946475301,-65.0,0.0,-65.0,0.0
269.90000000000003,-61.78177220741159,0.0,-63.249019037656865,0.027240789023100242,-63.249019037656865,0.027240789023100242,-65.0,0.0,-65.0,0.0
270.0,-61.69786334637453,0.0,-63.24442324983845,0.02670138526027208,-63.24442324983845,0.02670138526027208,-65.0,0.0,-65.0,0.0
270.1,-61.61437402964266,0.0,-63.24011480238547,0.026172662407571243,-63.24011480238547,0.026172662407571243,-65.0,0.0,-65.0,0.0
270.2,-61.53130215949445,0.0,-63.23608702388914,0.02565440896880692,-63.23608702388914,0.02565440896880692,-65.0,0.0,-65.0,0.0
270.3,-61.44864564869698,0.0,-63.23233337995185,0.025146417635693467,-63.23233337995185,0.025146417635693467,-65.0,0.0,-65.0,0.0
270.40000000000003,-61.3664024204535,0.0,-63.22884747044962,0.02464848520492433,-63.22884747044962,0.02464848520492433,-65.0,0.0,-65.0,0.0
270.5,-61.28457040835123,0.0,-63.22562302684893,0.024160412496888013,-63.22562302684893,0.024160412496888013,-65.0,0.0,-65.0,0.0
270.6,-61.203147556309474,0.0,-63.222653909576685,0.023682004275993578,-63.222653909576685,0.023682004275993578,-65.0,0.0,-65.0,0.0
270.7,-61.122131818527926,0.0,-63.21993410544251,0.02321306917257381,-63.21993410544251,0.02321306917257381,-65.0,0.0,-65.0,0.0
270.8,-61.041521159435284,0.0,-63.21745772511213,0.022753419606334785,-63.21745772511213,0.022753419606334785,-65.0,0.0,-65.0,0.0
270.90000000000003,-60.96131355363811,0.0,-63.21521900063091,0.02230287171132127,-63.21521900063091,0.02230287171132127,-65.0,0.0,-65.0,0.0
271.0,-60.88150698586992,0.0,-63.21321228299657,0.021861245262367872,-63.21321228299657,0.021861245262367872,-65.0,0.0,-65.0,0.0
271.1,-60.80209945094057,0.0,-63.211432039780085,0.021428363603006578,-63.211432039780085,0.021428363603006578,-65.0,0.0,-65.0,0.0
271.2,-60.72308895368587,0.0,-63.20987285279379,0.02100405357480181,-63.20987285279379,0.02100405357480181,-65.0,0.0,-65.0,0.0
271.3,-60.644473508917436,0.0,-63.20852941580578,0.02058814544808474,-63.20852941580578,0.02058814544808474,-65.0,0.0,-65.0,0.0
271.40000000000003,-60.566251141372845,0.0,-63.20739653229972,0.020180472854059175,-63.20739653229972,0.020180472854059175,-65.0,0.0,-65.0,0.0
271.5,-60.488419885665984,0.0,-63.20646911327909,0.019780872718251793,-63.20646911327909,0.019780872718251793,-65.0,0.0,-65.0,0.0
271.6,-60.41097778623765,0.0,-63.205742175115056,0.019389185195280198,-63.205742175115056,0.019389185195280198,-65.0,0.0,-65.0,0.0
271.7,-60.333922897306465,0.0,-63.20521083743702,0.01900525360491263,-63.20521083743702,0.01900525360491263,-65.0,0.0,-65.0,0.0
271.8,-60.25725328281993,0.0,-63.20487032106514,0.018628924369393788,-63.20487032106514,0.018628924369393788,-65.0,0.0,-65.0,0.0
271.90000000000003,-60.18096701640583,0.0,-63.20471594598381,0.018260046952011673,-63.20471594598381,0.018260046952011673,-65.0,0.0,-65.0,0.0
272.0,-60.1050621813238,0.0,-63.20474312935545,0.017898473796880903,-63.20474312935545,0.017898473796880903,-65.0,0.0,-65.0,0.0
272.1,-60.02953687041718,0.0,-63.20494738357371,0.017544060269918383,-63.20494738357371,0.017544060269918383,-65.0,0.0,-65.0,0.0
272.2,-59.95438918606509,0.0,-63.205324314355344,0.017196664600987753,-63.205324314355344,0.017196664600987753,-65.0,0.0,-65.0,0.0
272.3,-59.87961724013477,0.0,-63.205869618869976,0.016856147827189437,-63.205869618869976,0.016856147827189437,-65.0,0.0,-65.0,0.0
272.40000000000003,-59.8052191539341,0.0,-63.20657908390699,0.01652237373727363,-63.20657908390699,0.01652237373727363,-65.0,0.0,-65.0,0.0
272.5,-59.73119305816443,0.0,-63.207448584078875,0.01619520881715399,-63.207448584078875,0.01619520881715399,-65.0,0.0,-65.0,0.0
272.6,-59.6575370928736,0.0,-63.20847408006023,0.015874522196500207,-63.20847408006023,0.015874522196500207,-65.0,0.0,-65.0,0.0
272.7,-59.58424940740924,0.0,-63.209651616861734,0.015560185596388141,-63.209651616861734,0.015560185596388141,-65.0,0.0,-65.0,0.0
272.8,-59.511328160372194,0.0,-63.21097732213843,0.015252073277986538,-63.21097732213843,0.015252073277986538,-65.0,0.0,-65.0,0.0
272.90000000000003,-59.43877151957033,0.0,-63.21244740453161,0.014950061992259818,-63.21244740453161,0.014950061992259818,-65.0,0.0,-65.0,0.0
273.0,-59.36657766197248,0.0,-63.21405815204362,0.01465403093066682,-63.21405815204362,0.01465403093066682,-65.0,0.0,-65.0,0.0
273.1,-59.294744773662615,0.0,-63.215805930444986,0.014363861676835774,-63.215805930444986,0.014363861676835774,-65.0,0.0,-65.0,0.0
273.2,-59.2232710497943,0.0,-63.21768718171317,0.01407943815919617,-63.21768718171317,0.01407943815919617,-65.0,0.0,-65.0,0.0
273.3,-59.15215469454533,0.0,-63.219698422502326,0.01380064660454859,-63.219698422502326,0.01380064660454859,-65.0,0.0,-65.0,0.0
273.40000000000003,-59.0813939210726,0.0,-63.22183624264354,0.013527375492553905,-63.22183624264354,0.013527375492553905,-65.0,0.0,-65.0,0.0
273.5,-59.01098695146724,0.0,-63.22409730367476,0.013259515511123653,-63.22409730367476,0.013259515511123653,-65.0,0.0,-65.0,0.0
273.6,-58.9409320167099,0.0,-63.22647833740004,0.012996959512693747,-63.22647833740004,0.012996959512693747,-65.0,0.0,-65.0,0.0
273.7,-58.87122735662635,0.0,-63.22897614447736,0.012739602471364023,-63.22897614447736,0.012739602471364023,-65.0,0.0,-65.0,0.0
273.8,-58.801871219843214,0.0,-63.231587593034526,0.012487341440886476,-63.231587593034526,0.012487341440886476,-65.0,0.0,-65.0,0.0
273.90000000000003,-58.732861863744,0.0,-63.23430961731261,0.01224007551348539,-63.23430961731261,0.01224007551348539,-65.0,0.0,-65.0,0.0
274.0,-58.66419755442528,0.0,-63.2371392163363,0.011997705779492879,-63.2371392163363,0.011997705779492879,-65.0,0.0,-65.0,0.0
274.1,-58.59587656665315,0.0,-63.24007345261073,0.01176013528778371,-63.24007345261073,0.01176013528778371,-65.0,0.0,-65.0,0.0
274.2,-58.52789718381989,0.0,-63.24310945084418,0.011527269006993548,-63.24310945084418,0.011527269006993548,-65.0,0.0,-65.0,0.0
274.3,-58.460257697900786,0.0,-63.246244396696206,0.011299013787505153,-63.246244396696206,0.011299013787505153,-65.0,0.0,-65.0,0.0
274.40000000000003,-58.39295640941128,0.0,-63.24947553555063,0.011075278324187287,-63.24947553555063,0.011075278324187287,-65.0,0.0,-65.0,0.0
274.5,-58.325991627364225,0.0,-63.25280017131294,0.010855973119871442,-63.25280017131294,0.010855973119871442,-65.0,0.0,-65.0,0.0
274.6,-58.2593616692274,0.0,-63.2562156652316,0.010641010449551784,-63.2562156652316,0.010641010449551784,-65.0,0.0,-65.0,0.0
274.7,-58.193064860881265,0.0,-63.2597194347428,0.010430304325293979,-63.2597194347428,0.010430304325293979,-65.0,0.0,-65.0,0.0
274.8,-58.12709953657686,0.0,-63.263308952338164,0.01022377046183887,-63.263308952338164,0.01022377046183887,-65.0,0.0,-65.0,0.0
274.90000000000003,-58.06146403889397,0.0,-63.26698174445503,0.010021326242887253,-63.26698174445503,0.010021326242887253,-65.0,0.0,-65.0,0.0
275.0,-57.9961567186995,0.0,-63.27073539038873,0.009822890688052255,-63.27073539038873,0.009822890688052255,-65.0,0.0,-65.0,0.0
275.1,-57.931175935106005,0.0,-63.27456752122655,0.0096283844204661,-63.27456752122655,0.0096283844204661,-65.0,0.0,-65.0,0.0
275.2,-57.86652005543048,0.0,-63.2784758188029,0.009437729635028303,-63.2784758188029,0.009437729635028303,-65.0,0.0,-65.0,0.0
275.3,-57.80218745515332,0.0,-63.28245801467525,0.00925085006728259,-63.28245801467525,0.00925085006728259,-65.0,0.0,-65.0,0.0
275.40000000000003,-57.738176517877555,0.0,-63.28651188912042,0.009067670962910102,-63.28651188912042,0.009067670962910102,-65.0,0.0,-65.0,0.0
275.5,-57.674485635288164,0.0,-63.2906352701509,0.00888811904782667,-63.2906352701509,0.00888811904782667,-65.0,0.0,-65.0,0.0
275.6,-57.61111320711172,0.0,-63.29482603255071,0.008712122498872201,-63.29482603255071,0.008712122498872201,-65.0,0.0,-65.0,0.0
275.7,-57.54805764107616,0.0,-63.29908209693041,0.008539610915080466,-63.29908209693041,0.008539610915080466,-65.0,0.0,-65.0,0.0
275.8,-57.48531735287078,0.0,-63.303401428801,0.008370515289517759,-63.303401428801,0.008370515289517759,-65.0,0.0,-65.0,0.0
275.90000000000003,-57.42289076610643,0.0,-63.30778203766616,0.008204767981679217,-63.30778203766616,0.008204767981679217,-65.0,0.0,-65.0,0.0
276.0,-57.360776312275895,0.0,-63.31222197613261,0.008042302690431713,-63.31222197613261,0.008042302690431713,-65.0,0.0,-65.0,0.0
276.1,-57.298972430714514,0.0,-63.3167193390382,0.007883054427492514,-63.3167193390382,0.007883054427492514,-65.0,0.0,-65.0,0.0
276.2,-57.23747756856094,0.0,-63.32127226259729,0.007726959491433105,-63.32127226259729,0.007726959491433105,-65.0,0.0,-65.0,0.0
276.3,-57.176290180718134,0.0,-63.3258789235632,0.00757395544219777,-63.3258789235632,0.00757395544219777,-65.0,0.0,-65.0,0.0
276.40000000000003,-57.11540872981454,0.0,-63.33053753840732,0.007423981076126733,-63.33053753840732,0.007423981076126733,-65.0,0.0,-65.0,0.0
276.5,-57.054831686165464,0.0,-63.335246362514546,0.007276976401473881,-63.335246362514546,0.007276976401473881,-65.0,0.0,-65.0,0.0
276.6,-56.994557527734635,0.0,-63.34000368939477,0.007132882614409264,-63.34000368939477,0.007132882614409264,-65.0,0.0,-65.0,0.0
276.7,-56.934584740095964,0.0,-63.34480784991005,0.006991642075496781,-63.34480784991005,0.006991642075496781,-65.0,0.0,-65.0,0.0
276.8,-56.87491181639548,0.0,-63.349657211517176,0.006853198286637633,-63.349657211517176,0.006853198286637633,-65.0,0.0,-65.0,0.0
276.90000000000003,-56.8155372573135,0.0,-63.354550177525354,0.006717495868470336,-63.354550177525354,0.006717495868470336,-65.0,0.0,-65.0,0.0
277.0,-56.75645957102693,0.0,-63.359485186368616,0.006584480538218233,-63.359485186368616,0.006584480538218233,-65.0,0.0,-65.0,0.0
277.1,-56.6976772731718,0.0,-63.364460710892786,0.006454099087975662,-63.364460710892786,0.006454099087975662,-65.0,0.0,-65.0,0.0
277.2,-56.63918888680594,0.0,-63.36947525765661,0.006326299363424083,-63.36947525765661,0.006326299363424083,-65.0,0.0,-65.0,0.0
277.3,-56.58099294237191,0.0,-63.374527366246845,0.006201030242969656,-63.374527366246845,0.006201030242969656,-65.0,0.0,-65.0,0.0
277.40000000000003,-56.52308797766005,0.0,-63.37961560860696,0.006078241617293923,-63.37961560860696,0.006078241617293923,-65.0,0.0,-65.0,0.0
277.5,-56.465472537771745,0.0,-63.38473858837927,0.00595788436930941,-63.38473858837927,0.00595788436930941,-65.0,0.0,-65.0,0.0
277.6,-56.408145175082886,0.0,-63.38989494026012,0.005839910354512139,-63.38989494026012,0.005839910354512139,-65.0,0.0,-65.0,0.0
277.7,-56.35110444920747,0.0,-63.39508332936796,0.005724272381723181,-63.39508332936796,0.005724272381723181,-65.0,0.0,-65.0,0.0
277.8,-56.29434892696143,0.0,-63.40030245062401,0.0056109241942115615,-63.40030245062401,0.0056109241942115615,-65.0,0.0,-65.0,0.0
277.90000000000003,-56.23787718232663,0.0,-63.4055510281453,0.005499820451190947,-63.4055510281453,0.005499820451190947,-65.0,0.0,-65.0,0.0
278.0,-56.18168779641499,0.0,-63.41082781464973,0.005390916709682727,-63.41082781464973,0.005390916709682727,-65.0,0.0,-65.0,0.0
278.1,-56.12577935743292,0.0,-63.416131590873114,0.0052841694067382265,-63.416131590873114,0.0052841694067382265,-65.0,0.0,-65.0,0.0
278.2,-56.070150460645756,0.0,-63.421461164997744,0.005179535842012953,-63.421461164997744,0.005179535842012953,-65.0,0.0,-65.0,0.0
278.3,-56.01479970834253,0.0,-63.42681537209241,0.0050769741606858845,-63.42681537209241,0.0050769741606858845,-65.0,0.0,-65.0,0.0
278.40000000000003,-55.959725709800814,0.0,-63.432193073563596,0.004976443336716981,-63.432193073563596,0.004976443336716981,-65.0,0.0,-65.0,0.0
278.5,-55.90492708125181,0.0,-63.43759315661756,0.004877903156436227,-63.43759315661756,0.004877903156436227,-65.0,0.0,-65.0,0.0
278.6,-55.85040244584555,0.0,-63.44301453373324,0.004781314202457624,-63.44301453373324,0.004781314202457624,-65.0,0.0,-65.0,0.0
278.7,-55.796150433616326,0.0,-63.448456142145616,0.004686637837911709,-63.448456142145616,0.004686637837911709,-65.0,0.0,-65.0,0.0
278.8,-55.742169681448246,0.0,-63.453916943339394,0.004593836190990297,-63.453916943339394,0.004593836190990297,-65.0,0.0,-65.0,0.0
278.90000000000003,-55.688458833041004,0.0,-63.4593959225528,0.004502872139797247,-63.4593959225528,0.004502872139797247,-65.0,0.0,-65.0,0.0
279.0,-55.635016538875796,0.0,-63.464892088291286,0.004413709297499212,-63.464892088291286,0.004413709297499212,-65.0,0.0,-65.0,0.0
279.1,-55.581841456181415,0.0,-63.47040447185095,0.004326311997770419,-63.47040447185095,0.004326311997770419,-65.0,0.0,-65.0,0.0
279.2,-55.52893224890051,0.0,-63.47593212685143,0.004240645280525662,-63.47593212685143,0.004240645280525662,-65.0,0.0,-65.0,0.0
279.3,-55.47628758765601,0.0,-63.48147412877821,0.004156674877935807,-63.48147412877821,0.004156674877935807,-65.0,0.0,-65.0,0.0
279.40000000000003,-55.42390614971773,0.0,-63.487029574533956,0.004074367200720197,-63.487029574533956,0.004074367200720197,-65.0,0.0,-65.0,0.0
279.5,-55.37178661896914,0.0,-63.49259758199893,0.003993689324710495,-63.49259758199893,0.003993689324710495,-65.0,0.0,-65.0,0.0
279.6,-55.31992768587429,0.0,-63.49817728960009,0.003914608977680579,-63.49817728960009,0.003914608977680579,-65.0,0.0,-65.0,0.0
279.7,-55.26832804744492,0.0,-63.503767855888874,0.003837094526437217,-63.503767855888874,0.003837094526437217,-65.0,0.0,-65.0,0.0
279.8,-55.21698640720769,0.0,-63.509368459127344,0.0037611149641663725,-63.509368459127344,0.0037611149641663725,-65.0,0.0,-65.0,0.0
279.90000000000003,-55.16590147517165,0.0,-63.514978296882695,0.0036866398980300624,-63.514978296882695,0.0036866398980300624,-65.0,0.0,-65.0,0.0
280.0,-55.11507196779579,0.0,-63.520596585629775,0.0036136395370088186,-63.520596585629775,0.0036136395370088186,-65.0,0.0,-65.0,0.0
280.1,-55.06449660795681,0.0,-63.52622256036163,0.0035420846799848814,-63.52622256036163,0.0035420846799848814,-65.0,0.0,-65.0,0.0
280.2,-55.01417412491703,0.0,-63.531855474207795,0.0034719467040613635,-63.531855474207795,0.0034719467040613635,-65.0,0.0,-65.0,0.0
280.3,-54.96410325429244,0.0,-63.5374945980602,0.0034031975531127103,-63.5374945980602,0.0034031975531127103,-65.0,0.0,-65.0,0.0
280.40000000000003,-54.91428273802098,0.0,-63.54313922020662,0.0033358097265618744,-63.54313922020662,0.0033358097265618744,-65.0,0.0,-65.0,0.0
280.5,-54.86471132433088,0.0,-63.5487886459714,0.0032697562683797195,-63.5487886459714,0.0032697562683797195,-65.0,0.0,-65.0,0.0
280.6,-54.815387767709225,0.0,-63.55444219736339,0.0032050107563022477,-63.55444219736339,0.0032050107563022477,-65.0,0.0,-65.0,0.0
280.7,-54.76631082887068,0.0,-63.56009921273095,0.0031415472912613433,-63.56009921273095,0.0031415472912613433,-65.0,0.0,-65.0,0.0
280.8,-54.71747927472632,0.0,-63.56575904642378,0.0030793404870247993,-63.56575904642378,0.0030793404870247993,-65.0,0.0,-65.0,0.0
280.90000000000003,-54.66889187835269,0.0,-63.57142106846164,0.0030183654600414857,-63.57142106846164,0.0030183654600414857,-65.0,0.0,-65.0,0.0
281.0,-54.620547418960925,0.0,-63.577084664209586,0.0029585978194875983,-63.577084664209586,0.0029585978194875983,-65.0,0.0,-65.0,0.0
281.1,-54.57244468186612,0.0,-63.58274923405978,0.002900013657510003,-63.58274923405978,0.002900013657510003,-65.0,0.0,-65.0,0.0
281.2,-54.52458245845679,0.0,-63.588414193119654,0.002842589539662776,-63.588414193119654,0.002842589539662776,-65.0,0.0,-65.0,0.0
281.3,-54.47695954616451,0.0,-63.59407897090629,0.002786302495533113,-63.59407897090629,0.002786302495533113,-65.0,0.0,-65.0,0.0
281.40000000000003,-54.42957474843369,0.0,-63.59974301104698,0.0027311300095528585,-63.59974301104698,0.0027311300095528585,-65.0,0.0,-65.0,0.0
281.5,-54.38242687469152,0.0,-63.605405770985755,0.0026770500119919776,-63.605405770985755,0.0026770500119919776,-65.0,0.0,-65.0,0.0
281.6,-54.33551474031806,0.0,-63.611066721695764,0.0026240408701303695,-63.611066721695764,0.0026240408701303695,-65.0,0.0,-65.0,0.0
281.7,-54.28883716661647,0.0,-63.616725347397484,0.002572081379604492,-63.616725347397484,0.002572081379604492,-65.0,0.0,-65.0,0.0
281.8,-54.242392980783386,0.0,-63.62238114528253,0.0025211507559253317,-63.62238114528253,0.0025211507559253317,-65.0,0.0,-65.0,0.0
281.90000000000003,-54.19618101587947,0.0,-63.628033625243035,0.0024712286261643333,-63.628033625243035,0.0024712286261643333,-65.0,0.0,-65.0,0.0
282.0,-54.15020011080007,0.0,-63.63368230960642,0.002422295020803955,-63.63368230960642,0.002422295020803955,-65.0,0.0,-65.0,0.0
282.1,-54.10444911024607,0.0,-63.63932673287552,0.002374330365749596,-63.63932673287552,0.002374330365749596,-65.0,0.0,-65.0,0.0
282.2,-54.05892686469484,0.0,-63.64496644147389,0.002327315474499697,-63.64496644147389,0.002327315474499697,-65.0,0.0,-65.0,0.0
282.3,-54.013632230371364,0.0,-63.65060099349628,0.0022812315404708845,-63.65060099349628,0.0022812315404708845,-65.0,0.0,-65.0,0.0
282.40000000000003,-53.96856406921951,0.0,-63.65622995846407,0.0022360601294750867,-63.65622995846407,0.0022360601294750867,-65.0,0.0,-65.0,0.0
282.5,-53.92372124887341,0.0,-63.661852917085575,0.0021917831723456114,-63.661852917085575,0.0021917831723456114,-65.0,0.0,-65.0,0.0
282.6,-53.87910264262904,0.0,-63.66746946102129,0.0021483829577092395,-63.66746946102129,0.0021483829577092395,-65.0,0.0,-65.0,0.0
282.7,-53.8347071294159,0.0,-63.67307919265373,0.0021058421249014396,-63.67307919265373,0.0021058421249014396,-65.0,0.0,-65.0,0.0
282.8,-53.790533593768814,0.0,-63.67868172486195,0.0020641436570218693,-63.67868172486195,0.0020641436570218693,-65.0,0.0,-65.0,0.0
282.90000000000003,-53.74658092579997,0.0,-63.68427668080058,0.0020232708741273905,-63.68427668080058,0.0020232708741273905,-65.0,0.0,-65.0,0.0
283.0,-53.702848021170965,0.0,-63.68986369368329,0.001983207426559867,-63.68986369368329,0.001983207426559867,-65.0,0.0,-65.0,0.0
283.1,-53.65933378106511,0.0,-63.69544240657067,0.001943937288406086,-63.69544240657067,0.001943937288406086,-65.0,0.0,-65.0,0.0
283.2,-53.61603711215978,0.0,-63.701012472162276,0.0019054447510871769,-63.701012472162276,0.0019054447510871769,-65.0,0.0,-65.0,0.0
283.3,-53.572956926598984,0.0,-63.70657355259293,0.0018677144170749713,-63.70657355259293,0.0018677144170749713,-65.0,0.0,-65.0,0.0
283.40000000000003,-53.53009214196599,0.0,-63.712125319233095,0.0018307311937327865,-63.712125319233095,0.0018307311937327865,-65.0,0.0,-65.0,0.0
283.5,-53.48744168125616,0.0,-63.71766745249329,0.0017944802872781696,-63.71766745249329,0.0017944802872781696,-65.0,0.0,-65.0,0.0
283.6,-53.445004472849874,0.0,-63.72319964163239,0.0017589471968651868,-63.72319964163239,0.0017589471968651868,-65.0,0.0,-65.0,0.0
283.7,-53.402779450485625,0.0,-63.72872158456984,0.001724117708783892,-63.72872158456984,0.001724117708783892,-65.0,0.0,-65.0,0.0
283.8,-53.36076555323319,0.0,-63.7342329877016,0.0016899778907746535,-63.7342329877016,0.0016899778907746535,-65.0,0.0,-65.0,0.0
283.90000000000003,-53.31896172546703,0.0,-63.73973356571987,0.001656514086455064,-63.73973356571987,0.001656514086455064,-65.0,0.0,-65.0,0.0
284.0,-53.27736691683969,0.0,-63.74522304143634,0.0016237129098572054,-63.74522304143634,0.0016237129098572054,-65.0,0.0,-65.0,0.0
284.1,-53.23598008225549,0.0,-63.75070114560912,0.0015915612400730838,-63.75070114560912,0.0015915612400730838,-65.0,0.0,-65.0,0.0
284.2,-53.19480018184421,0.0,-63.75616761677307,0.0015600462160060909,-63.75616761677307,0.0015600462160060909,-65.0,0.0,-65.0,0.0
284.3,-53.153826180934985,0.0,-63.76162220107359,0.001529155231226394,-63.76162220107359,0.001529155231226394,-65.0,0.0,-65.0,0.0
284.40000000000003,-53.11305705003031,0.0,-63.76706465210376,0.001498875928928196,-63.76706465210376,0.001498875928928196,-65.0,0.0,-65.0,0.0
284.5,-53.07249176478015,0.0,-63.772494730744754,0.0014691961969868481,-63.772494730744754,0.0014691961969868481,-65.0,0.0,-65.0,0.0
284.6,-53.03212930595625,0.0,-63.77791220500947,0.0014401041631138388,-63.77791220500947,0.0014401041631138388,-65.0,0.0,-65.0,0.0
284.7,-52.99196865942647,0.0,-63.78331684988937,0.0014115881901077198,-63.78331684988937,0.0014115881901077198,-65.0,0.0,-65.0,0.0
284.8,-52.952008816129336,0.0,-63.78870844720432,0.0013836368711990707,-63.78870844720432,0.0013836368711990707,-65.0,0.0,-65.0,0.0
284.90000000000003,-52.91224877204869,0.0,-63.794086785455555,0.0013562390254876389,-63.794086785455555,0.0013562390254876389,-65.0,0.0,-65.0,0.0
285.0,-52.87268752818845,0.0,-63.799451659681544,0.0013293836934698303,-63.799451659681544,0.0013293836934698303,-65.0,0.0,-65.0,0.0
285.1,-52.83332409054751,0.0,-63.80480287131681,0.001303060132654762,-63.80480287131681,0.001303060132654762,-65.0,0.0,-65.0,0.0
285.2,-52.79415747009477,0.0,-63.81014022805359,0.0012772578132671222,-63.81014022805359,0.0012772578132671222,-65.0,0.0,-65.0,0.0
285.3,-52.755186682744295,0.0,-63.81546354370631,0.0012519664140351206,-63.81546354370631,0.0012519664140351206,-65.0,0.0,-65.0,0.0
285.40000000000003,-52.71641074933057,0.0,-63.82077263807874,0.001227175818061841,-63.82077263807874,0.001227175818061841,-65.0,0.0,-65.0,0.0
285.5,-52.67782869558392,0.0,-63.82606733683396,0.0012028761087783486,-63.82606733683396,0.0012028761087783486,-65.0,0.0,-65.0,0.0
285.6,-52.639439552106,0.0,-63.8313474713668,0.0011790575659769295,-63.8313474713668,0.0011790575659769295,-65.0,0.0,-65.0,0.0
285.7,-52.601242354345466,0.0,-63.836612878679,0.0011557106619228784,-63.836612878679,0.0011557106619228784,-65.0,0.0,-65.0,0.0
285.8,-52.563236142573736,0.0,-63.84186340125683,0.0011328260575432774,-63.84186340125683,0.0011328260575432774,-65.0,0.0,-65.0,0.0
285.90000000000003,-52.52541996186087,0.0,-63.8470988869512,0.0011103945986912424,-63.8470988869512,0.0011103945986912424,-65.0,0.0,-65.0,0.0
286.0,-52.48779286205156,0.0,-63.8523191888602,0.0010884073124841427,-63.8523191888602,0.0010884073124841427,-65.0,0.0,-65.0,0.0
286.1,-52.45035389774131,0.0,-63.857524165214045,0.0010668554037143276,-63.857524165214045,0.0010668554037143276,-65.0,0.0,-65.0,0.0
286.2,-52.4131021282526,0.0,-63.862713679262306,0.0010457302513309267,-63.862713679262306,0.0010457302513309267,-65.0,0.0,-65.0,0.0
286.3,-52.37603661761134,0.0,-63.8678875991635,0.001025023404991314,-63.8678875991635,0.001025023404991314,-65.0,0.0,-65.0,0.0
286.40000000000003,-52.33915643452328,0.0,-63.87304579787684,0.001004726581680859,-63.87304579787684,0.001004726581680859,-65.0,0.0,-65.0,0.0
286.5,-52.30246065235067,0.0,-63.87818815305626,0.0009848316623996092,-63.87818815305626,0.0009848316623996092,-65.0,0.0,-65.0,0.0
286.6,-52.265948349088916,0.0,-63.883314546946515,0.0009653306889145832,-63.883314546946515,0.0009653306889145832,-65.0,0.0,-65.0,0.0
286.7,-52.22961860734347,0.0,-63.8884248662815,0.0009462158605763705,-63.8884248662815,0.0009462158605763705,-65.0,0.0,-65.0,0.0
286.8,-52.19347051430675,0.0,-63.89351900218449,0.0009274795311987681,-63.89351900218449,0.0009274795311987681,-65.0,0.0,-65.0,0.0
286.90000000000003,-52.15750316173522,0.0,-63.89859685007057,0.0009091142060002038,-63.89859685007057,0.0009091142060002038,-65.0,0.0,-65.0,0.0
287.0,-52.12171564592654,0.0,-63.90365830955091,0.0008911125386057239,-63.90365830955091,0.0008911125386057239,-65.0,0.0,-65.0,0.0
287.1,-52.08610706769691,0.0,-63.908703284339104,0.0008734673281083453,-63.908703284339104,0.0008734673281083453,-65.0,0.0,-65.0,0.0
287.2,-52.05067653235842,0.0,-63.913731682159316,0.0008561715161885964,-63.913731682159316,0.0008561715161885964,-65.0,0.0,-65.0,0.0
287.3,-52.01542314969663,0.0,-63.918743414656376,0.0008392181842910953,-63.918743414656376,0.0008392181842910953,-65.0,0.0,-65.0,0.0
287.40000000000003,-51.980346033948145,0.0,-63.923738397307666,0.0008226005508570356,-63.923738397307666,0.0008226005508570356,-65.0,0.0,-65.0,0.0
287.5,-51.9454443037784,0.0,-63.92871654933682,0.0008063119686114724,-63.92871654933682,0.0008063119686114724,-65.0,0.0,-65.0,0.0
287.6,-51.91071708225951,0.0,-63.93367779362918,0.0007903459219043233,-63.93367779362918,0.0007903459219043233,-65.0,0.0,-65.0,0.0
287.7,-51.876163496848214,0.0,-63.93862205664898,0.0007746960241040221,-63.93862205664898,0.0007746960241040221,-65.0,0.0,-65.0,0.0
287.8,-51.84178267936397,0.0,-63.94354926835822,0.0007593560150427806,-63.94354926835822,0.0007593560150427806,-65.0,0.0,-65.0,0.0
287.90000000000003,-51.807573765967156,0.0,-63.94845936213717,0.000744319758512438,-63.94845936213717,0.000744319758512438,-65.0,0.0,-65.0,0.0
288.0,-51.77353589713732,0.0,-63.95335227470658,0.0007295812398098962,-63.95335227470658,0.0007295812398098962,-65.0,0.0,-65.0,0.0
288.1,-51.739668217651634,0.0,-63.95822794605138,0.000715134563331158,-63.95822794605138,0.000715134563331158,-65.0,0.0,-65.0,0.0
288.2,-51.70596987656337,0.0,-63.96308631934602,0.0007009739502130067,-63.96308631934602,0.0007009739502130067,-65.0,0.0,-65.0,0.0
288.3,-51.672440027180556,0.0,-63.967927340881275,0.0006870937360213847,-63.967927340881275,0.0006870937360213847,-65.0,0.0,-65.0,0.0
288.40000000000003,-51.63907782704465,0.0,-63.972750959992624,0.0006734883684855433,-63.972750959992624,0.0006734883684855433,-65.0,0.0,-65.0,0.0
288.5,-51.60588243790943,0.0,-63.97755712899002,0.0006601524052770606,-63.97755712899002,0.0006601524052770606,-65.0,0.0,-65.0,0.0
288.6,-51.57285302571988,0.0,-63.98234580308915,0.0006470805118328382,-63.98234580308915,0.0006470805118328382,-65.0,0.0,-65.0,0.0
288.7,-51.53998876059128,0.0,-63.987116940344094,0.0006342674592212041,-63.987116940344094,0.0006342674592212041,-65.0,0.0,-65.0,0.0
288.8,-51.507288816788325,0.0,-63.991870501581346,0.0006217081220502708,-63.991870501581346,0.0006217081220502708,-65.0,0.0,-65.0,0.0
288.90000000000003,-51.47475237270438,0.0,-63.99660645033523,0.0006093974764177098,-63.99660645033523,0.0006093974764177098,-65.0,0.0,-65.0,0.0
289.0,-51.442378610840855,0.0,-64.0013247527846,0.0005973305979011238,-64.0013247527846,0.0005973305979011238,-65.0,0.0,-65.0,0.0
289.1,-51.41016671778665,0.0,-64.00602537769088,0.0005855026595882124,-64.00602537769088,0.0005855026595882124,-65.0,0.0,-65.0,0.0
289.2,-51.37811588419772,0.0,-64.01070829633734,0.0005739089301459425,-64.01070829633734,0.0005739089301459425,-65.0,0.0,-65.0,0.0
289.3,-51.34622530477673,0.0,-64.01537348246968,0.0005625447719279521,-64.01537348246968,0.0005625447719279521,-65.0,0.0,-65.0,0.0
289.40000000000003,-51.31449417825284,0.0,-64.02002091223778,0.0005514056391194298,-64.02002091223778,0.0005514056391194298,-65.0,0.0,-65.0,0.0
289.5,-51.28292170736158,0.0,-64.02465056413864,0.0005404870759187286,-64.02465056413864,0.0005404870759187286,-65.0,0.0,-65.0,0.0
289.6,-51.251507098824774,0.0,-64.02926241896057,0.0005297847147549853,-64.02926241896057,0.0005297847147549853,-65.0,0.0,-65.0,0.0
289.7,-51.22024956333065,0.0,-64.0338564597285,0.0005192942745410343,-64.0338564597285,0.0005192942745410343,-65.0,0.0,-65.0,0.0
289.8,-51.189148315514,0.0,-64.03843267165037,0.0005090115589609158,-64.03843267165037,0.0005090115589609158,-65.0,0.0,-65.0,0.0
289.90000000000003,-51.15820257393643,0.0,-64.04299104206473,0.000498932454791293,-64.04299104206473,0.000498932454791293,-65.0,0.0,-65.0,0.0
290.0,-51.127411561066744,0.0,-64.04753156038927,0.000489052930256108,-64.04753156038927,0.000489052930256108,-65.0,0.0,-65.0,0.0
290.1,-51.09677450326141,0.0,-64.05205421807062,0.0004793690334138181,-64.05205421807062,0.0004793690334138181,-65.0,0.0,-65.0,0.0
290.2,-51.0662906307451,0.0,-64.05655900853498,0.00046987689057656615,-64.05655900853498,0.00046987689057656615,-65.0,0.0,-65.0,0.0
290.3,-51.03595917759137,0.0,-64.06104592713992,0.00046057270476065356,-64.06104592713992,0.00046057270476065356,-65.0,0.0,-65.0,0.0
290.40000000000003,-51.00577938170341,0.0,-64.06551497112713,0.0004514527541676965,-64.06551497112713,0.0004514527541676965,-65.0,0.0,-65.0,0.0
290.5,-50.975750484794894,0.0,-64.06996613957615,0.0004425133906958568,-64.06996613957615,0.0004425133906958568,-65.0,0.0,-65.0,0.0
290.6,-50.94587173237092,0.0,-64.07439943335903,0.0004337510384805527,-64.07439943335903,0.0004337510384805527,-65.0,0.0,-65.0,0.0
290.7,-50.916142373709064,0.0,-64.07881485509601,0.0004251621924640651,-64.07881485509601,0.0004251621924640651,-65.0,0.0,-65.0,0.0
290.8,-50.88656166184052,0.0,-64.08321240911204,0.000416743416993468,-64.08321240911204,0.000416743416993468,-65.0,0.0,-65.0,0.0
290.90000000000003,-50.857128853531314,0.0,-64.08759210139425,0.0004084913444463212,-64.08759210139425,0.0004084913444463212,-65.0,0.0,-65.0,0.0
291.0,-50.827843209263655,0.0,-64.09195393955034,0.0004004026738835768,-64.09195393955034,0.0004004026738835768,-65.0,0.0,-65.0,0.0
291.1,-50.79870399321734,0.0,-64.09629793276773,0.0003924741697291594,-64.09629793276773,0.0003924741697291594,-65.0,0.0,-65.0,0.0
291.2,-50.76971047325125,0.0,-64.10062409177365,0.0003847026604756923,-64.10062409177365,0.0003847026604756923,-65.0,0.0,-65.0,0.0
291.3,-50.740861920884996,0.0,-64.10493242879608,0.00037708503741585274,-64.10493242879608,0.00037708503741585274,-65.0,0.0,-65.0,0.0
291.40000000000003,-50.712157611280574,0.0,-64.10922295752539,0.00036961825339884704,-64.10922295752539,0.00036961825339884704,-65.0,0.0,-65.0,0.0
291.5,-50.68359682322417,0.0,-64.11349569307696,0.00036229932161150995,-64.11349569307696,0.00036229932161150995,-65.0,0.0,-65.0,0.0
291.6,-50.65517883910805,0.0,-64.11775065195438,0.0003551253143835395,-64.11775065195438,0.0003551253143835395,-65.0,0.0,-65.0,0.0
291.7,-50.626902944912516,0.0,-64.1219878520136,0.0003480933620163898,-64.1219878520136,0.0003480933620163898,-65.0,0.0,-65.0,0.0
291.8,-50.59876843018795,0.0,-64.12620731242772,0.00034120065163535337,-64.12620731242772,0.00034120065163535337,-65.0,0.0,-65.0,0.0
291.90000000000003,-50.57077458803701,0.0,-64.13040905365256,0.00033444442606437376,-64.13040905365256,0.00033444442606437376,-65.0,0.0,-65.0,0.0
292.0,-50.54292071509683,0.0,-64.13459309739294,0.0003278219827231384,-64.13459309739294,0.0003278219827231384,-65.0,0.0,-65.0,0.0
292.1,-50.515206111521344,0.0,-64.1387594665697,0.0003213306725460103,-64.1387594665697,0.0003213306725460103,-65.0,0.0,-65.0,0.0
292.2,-50.48763008096374,0.0,-64.14290818528738,0.0003149678989223667,-64.14290818528738,0.0003149678989223667,-65.0,0.0,-65.0,0.0
292.3,-50.46019193055892,0.0,-64.14703927880262,0.00030873111665792,-64.14703927880262,0.00030873111665792,-65.0,0.0,-65.0,0.0
292.40000000000003,-50.43289097090613,0.0,-64.15115277349314,0.0003026178309566063,-64.15115277349314,0.0003026178309566063,-65.0,0.0,-65.0,0.0
292.5,-50.4057265160516,0.0,-64.15524869682746,0.0002966255964226334,-64.15524869682746,0.0002966255964226334,-65.0,0.0,-65.0,0.0
292.6,-50.37869788347135,0.0,-64.15932707733528,0.00029075201608229025,-64.15932707733528,0.00029075201608229025,-65.0,0.0,-65.0,0.0
292.7,-50.35180439405399,0.0,-64.16338794457839,0.0002849947404251253,-64.16338794457839,0.0002849947404251253,-65.0,0.0,-65.0,0.0
292.8,-50.32504537208372,0.0,-64.16743132912227,0.0002793514664641109,-64.16743132912227,0.0002793514664641109,-65.0,0.0,-65.0,0.0
292.90000000000003,-50.298420145223304,0.0,-64.17145726250824,0.000273819936814418,-64.17145726250824,0.000273819936814418,-65.0,0.0,-65.0,0.0
293.0,-50.27192804449719,0.0,-64.17546577722631,0.0002683979387904321,-64.17546577722631,0.0002683979387904321,-65.0,0.0,-65.0,0.0
293.1,-50.2455684042747,0.0,-64.17945690668842,0.0002630833035206492,-64.17945690668842,0.0002630833035206492,-65.0,0.0,-65.0,0.0
293.2,-50.21934056225333,0.0,-64.18343068520244,0.00025787390508009875,-64.18343068520244,0.00025787390508009875,-65.0,0.0,-65.0,0.0
293.3,-50.19324385944206,0.0,-64.18738714794661,0.0002527676596399449,-64.18738714794661,0.0002527676596399449,-65.0,0.0,-65.0,0.0
293.40000000000003,-50.16727764014485,0.0,-64.19132633094456,0.00024776252463392745,-64.19132633094456,0.00024776252463392745,-65.0,0.0,-65.0,0.0
293.5,-50.14144125194413,0.0,-64.19524827104087,0.00024285649794130796,-64.19524827104087,0.00024285649794130796,-65.0,0.0,-65.0,0.0
293.6,-50.11573404568441,0.0,-64.19915300587712,0.0002380476170859948,-64.19915300587712,0.0002380476170859948,-65.0,0.0,-65.0,0.0
293.7,-50.09015537545599,0.0,-64.2030405738685,0.00023333395845152657,-64.2030405738685,0.00023333395845152657,-65.0,0.0,-65.0,0.0
293.8,-50.064704598578714,0.0,-64.2069110141809,0.0002287136365115999,-64.2069110141809,0.0002287136365115999,-65.0,0.0,-65.0,0.0
293.90000000000003,-50.03938107558582,0.0,-64.21076436670846,0.0002241848030758337,-64.21076436670846,0.0002241848030758337,-65.0,0.0,-65.0,0.0
294.0,-50.01418417020789,0.0,-64.21460067205165,0.00021974564655046836,-64.21460067205165,0.00021974564655046836,-65.0,0.0,-65.0,0.0
294.1,-65.0,0.0,-64.17841997149579,0.08021539439121371,-64.17841997149579,0.08021539439121371,-65.0,0.0,-65.0,0.0
294.2,-65.0,0.0,-64.14321436005778,0.07862702316104582,-64.14321436005778,0.07862702316104582,-65.0,0.0,-65.0,0.0
294.3,-65.0,0.0,-64.10896323636324,0.07707010378851663,-64.10896323636324,0.07707010378851663,-65.0,0.0,-65.0,0.0
294.40000000000003,-65.0,0.0,-64.07564641343886,0.07554401348511793,-64.07564641343886,0.07554401348511793,-65.0,0.0,-65.0,0.0
294.5,-65.0,0.0,-64.04324411047448,0.07404814179438021,-64.04324411047448,0.07404814179438021,-65.0,0.0,-65.0,0.0
294.6,-65.0,0.0,-64.01173694474826,0.07258189034768198,-64.01173694474826,0.07258189034768198,-65.0,0.0,-65.0,0.0
294.7,-65.0,0.0,-63.98110592371208,0.07114467262489425,-63.98110592371208,0.07114467262489425,-65.0,0.0,-65.0,0.0
294.8,-65.0,0.0,-63.95133243723364,0.06973591371976477,-63.95133243723364,0.06973591371976477,-65.0,0.0,-65.0,0.0
294.90000000000003,-65.0,0.0,-63.9223982499925,0.06835505010994779,-63.9223982499925,0.06835505010994779,-65.0,0.0,-65.0,0.0
295.0,-65.0,0.0,-63.89428549402674,0.06700152943158759,-63.89428549402674,0.06700152943158759,-65.0,0.0,-65.0,0.0
295.1,-65.0,0.0,-63.86697666142742,0.06567481025836568,-63.86697666142742,0.06567481025836568,-65.0,0.0,-65.0,0.0
295.2,-65.0,0.0,-63.840454597177825,0.06437436188492292,-63.840454597177825,0.06437436188492292,-65.0,0.0,-65.0,0.0
295.3,-65.0,0.0,-63.81470249213465,0.0630996641145704,-63.81470249213465,0.0630996641145704,-65.0,0.0,-65.0,0.0
295.40000000000003,-65.0,0.0,-63.78970387614837,0.061850207051203775,-63.78970387614837,0.061850207051203775,-65.0,0.0,-65.0,0.0
295.5,-65.0,0.0,-63.76544261131996,0.06062549089533806,-63.76544261131996,0.06062549089533806,-65.0,0.0,-65.0,0.0
295.6,-65.0,0.0,-63.74190288539127,0.05942502574418113,-63.74190288539127,0.05942502574418113,-65.0,0.0,-65.0,0.0
295.7,-65.0,0.0,-63.71906920526648,0.058248331395666125,-63.71906920526648,0.058248331395666125,-65.0,0.0,-65.0,0.0
295.8,-65.0,0.0,-63.696926390661964,0.057094937156364156,-63.696926390661964,0.057094937156364156,-65.0,0.0,-65.0,0.0
295.90000000000003,-65.0,0.0,-63.67545956788206,0.05596438165320071,-63.67545956788206,0.05596438165320071,-65.0,0.0,-65.0,0.0
296.0,-65.0,0.0,-63.6546541637182,0.05485621264890025,-63.6546541637182,0.05485621264890025,-65.0,0.0,-65.0,0.0
296.1,-64.9,0.0,-63.634495899469066,0.05376998686108527,-63.634495899469066,0.05376998686108527,-65.0,0.0,-65.0,0.0
296.2,-64.8005,0.0,-63.614970785079244,0.052705269784957445,-63.614970785079244,0.052705269784957445,-65.0,0.0,-65.0,0.0
296.3,-64.7014975,0.0,-63.596065113394104,0.0516616355194899,-63.596065113394104,0.0516616355194899,-65.0,0.0,-65.0,0.0
296.40000000000003,-64.6029900125,0.0,-63.5777654545286,0.05063866659706114,-63.5777654545286,0.05063866659706114,-65.0,0.0,-65.0,0.0
296.5,-64.5049750624375,0.0,-63.56005865034773,0.049635953816462436,-63.56005865034773,0.049635953816462436,-65.0,0.0,-65.0,0.0
296.6,-64.4074501871253,0.0,-63.542931809056384,0.04865309607921185,-63.542931809056384,0.04865309607921185,-65.0,0.0,-65.0,0.0
296.7,-64.31041293618968,0.0,-63.52637229989655,0.04768970022910955,-63.52637229989655,0.04768970022910955,-65.0,0.0,-65.0,0.0
296.8,-64.21386087150873,0.0,-63.51036774794958,0.046745380894970046,-63.51036774794958,0.046745380894970046,-65.0,0.0,-65.0,0.0
296.90000000000003,-64.11779156715119,0.0,-63.4949060290416,0.04581976033646858,-63.4949060290416,0.04581976033646858,-65.0,0.0,-65.0,0.0
297.0,-64.02220260931543,0.0,-63.479975264749875,0.04491246829303999,-63.479975264749875,0.04491246829303999,-65.0,0.0,-65.0,0.0
297.1,-63.92709159626885,0.0,-63.46556381750824,0.04402314183576951,-63.46556381750824,0.04402314183576951,-65.0,0.0,-65.0,0.0
297.2,-63.832456138287505,0.0,-63.45166028580959,0.04315142522221639,-63.45166028580959,0.04315142522221639,-65.0,0.0,-65.0,0.0
297.3,-63.73829385759607,0.0,-63.43825349950348,0.042296969754112165,-63.43825349950348,0.042296969754112165,-65.0,0.0,-65.0,0.0
297.40000000000003,-63.64460238830809,0.0,-63.42533251518702,0.0414594336378767,-63.42533251518702,0.0414594336378767,-65.0,0.0,-65.0,0.0
297.5,-63.55137937636655,0.0,-63.41288661168714,0.0406384818478962,-63.41288661168714,0.0406384818478962,-65.0,0.0,-65.0,0.0
297.6,-63.45862247948472,0.0,-63.400905285632454,0.03983378599250851,-63.400905285632454,0.03983378599250851,-65.0,0.0,-65.0,0.0
297.7,-63.366329367087296,0.0,-63.38937824711297,0.03904502418264205,-63.38937824711297,0.03904502418264205,-65.0,0.0,-65.0,0.0
297.8,-63.27449772025186,0.0,-63.37829541542588,0.038271880903055916,-63.37829541542588,0.038271880903055916,-65.0,0.0,-65.0,0.0
297.90000000000003,-63.1831252316506,0.0,-63.367646914905684,0.037514046886129554,-63.367646914905684,0.037514046886129554,-65.0,0.0,-65.0,0.0
298.0,-63.09220960549235,0.0,-63.35742307083708,0.036771218988151604,-63.35742307083708,0.036771218988151604,-65.0,0.0,-65.0,0.0
298.1,-63.001748557464886,0.0,-63.347614405448866,0.036043100068058366,-63.347614405448866,0.036043100068058366,-65.0,0.0,-65.0,0.0
298.2,-62.91173981467756,0.0,-63.338211633987335,0.03532939886857343,-63.338211633987335,0.03532939886857343,-65.0,0.0,-65.0,0.0
298.3,-62.822181115604174,0.0,-63.32920566086755,0.034629829899700856,-63.32920566086755,0.034629829899700856,-65.0,0.0,-65.0,0.0
298.40000000000003,-62.733070210026156,0.0,-63.32058757590095,0.033944113324525384,-63.32058757590095,0.033944113324525384,-65.0,0.0,-65.0,0.0
298.5,-62.644404858976024,0.0,-63.31234865059781,0.033271974847273934,-63.31234865059781,0.033271974847273934,-65.0,0.0,-65.0,0.0
298.6,-62.556182834681145,0.0,-63.30448033454303,0.03261314560359364,-63.30448033454303,0.03261314560359364,-65.0,0.0,-65.0,0.0
298.7,-62.46840192050774,0.0,-63.296974251843814,0.031967362053002525,-63.296974251843814,0.031967362053002525,-65.0,0.0,-65.0,0.0
298.8,-62.3810599109052,0.0,-63.28982219764786,0.031334365873469786,-63.28982219764786,0.031334365873469786,-65.0,0.0,-65.0,0.0
298.90000000000003,-62.29415461135068,0.0,-63.28301613473058,0.03071390385808355,-63.28301613473058,0.03071390385808355,-65.0,0.0,-65.0,0.0
299.0,-62.207683838293924,0.0,-63.276548190150045,0.030105727813764728,-63.276548190150045,0.030105727813764728,-65.0,0.0,-65.0,0.0
299.1,-62.12164541910246,0.0,-63.2704106519683,0.029509594461986467,-63.2704106519683,0.029509594461986467,-65.0,0.0,-65.0,0.0
299.2,-62.036037192006944,0.0,-63.264595966037724,0.028925265341459505,-63.264595966037724,0.028925265341459505,-65.0,0.0,-65.0,0.0
299.3,-61.95085700604691,0.0,-63.25909673285116,0.028352506712744478,-63.25909673285116,0.028352506712744478,-65.0,0.0,-65.0,0.0
299.40000000000003,-61.866102721016674,0.0,-63.25390570445453,0.02779108946475301,-63.25390570445453,0.02779108946475301,-65.0,0.0,-65.0,0.0
299.5,-61.78177220741159,0.0,-63.24901578142071,0.027240789023100242,-63.24901578142071,0.027240789023100242,-65.0,0.0,-65.0,0.0
299.6,-61.69786334637453,0.0,-63.24442000988347,0.02670138526027208,-63.24442000988347,0.02670138526027208,-65.0,0.0,-65.0,0.0
299.7,-61.61437402964266,0.0,-63.24011157863027,0.026172662407571243,-63.24011157863027,0.026172662407571243,-65.0,0.0,-65.0,0.0
299.8,-61.53130215949445,0.0,-63.236083816252716,0.02565440896880692,-63.236083816252716,0.02565440896880692,-65.0,0.0,-65.0,0.0
299.90000000000003,-61.44864564869698,0.0,-63.23233018835361,0.025146417635693467,-63.23233018835361,0.025146417635693467,-65.0,0.0,-65.0,0.0
300.0,-61.3664024204535,0.0,-63.22884429480938,0.02464848520492433,-63.22884429480938,0.02464848520492433,-65.0,0.0,-65.0,0.0
300.1,-61.28457040835123,0.0,-63.225619867086884,0.024160412496888013,-63.225619867086884,0.024160412496888013,-65.0,0.0,-65.0,0.0
300.2,-61.203147556309474,0.0,-63.22265076561345,0.023682004275993578,-63.22265076561345,0.023682004275993578,-65.0,0.0,-65.0,0.0
300.3,-61.122131818527926,0.0,-63.2199309771991,0.02321306917257381,-63.2199309771991,0.02321306917257381,-65.0,0.0,-65.0,0.0
300.40000000000003,-61.041521159435284,0.0,-63.21745461250993,0.022753419606334785,-63.21745461250993,0.022753419606334785,-65.0,0.0,-65.0,0.0
300.5,-60.96131355363811,0.0,-63.21521590359172,0.02230287171132127,-63.21521590359172,0.02230287171132127,-65.0,0.0,-65.0,0.0
300.6,-60.88150698586992,0.0,-63.213209201442574,0.021861245262367872,-63.213209201442574,0.021861245262367872,-65.0,0.0,-65.0,0.0
300.7,-60.80209945094057,0.0,-63.21142897363386,0.021428363603006578,-63.21142897363386,0.021428363603006578,-65.0,0.0,-65.0,0.0
300.8,-60.72308895368587,0.0,-63.209869801978286,0.02100405357480181,-63.209869801978286,0.02100405357480181,-65.0,0.0,-65.0,0.0
300.90000000000003,-60.644473508917436,0.0,-63.20852638024435,0.02058814544808474,-63.20852638024435,0.02058814544808474,-65.0,0.0,-65.0,0.0
301.0,-60.566251141372845,0.0,-63.2073935119161,0.020180472854059175,-63.2073935119161,0.020180472854059175,-65.0,0.0,-65.0,0.0
301.1,-60.488419885665984,0.0,-63.20646610799739,0.019780872718251793,-63.20646610799739,0.019780872718251793,-65.0,0.0,-65.0,0.0
301.2,-60.41097778623765,0.0,-63.205739184859766,0.019389185195280198,-63.205739184859766,0.019389185195280198,-65.0,0.0,-65.0,0.0
301.3,-60.333922897306465,0.0,-63.20520786213301,0.01900525360491263,-63.20520786213301,0.01900525360491263,-65.0,0.0,-65.0,0.0
301.40000000000003,-60.25725328281993,0.0,-63.20486736063765,0.018628924369393788,-63.20486736063765,0.018628924369393788,-65.0,0.0,-65.0,0.0
301.5,-60.18096701640583,0.0,-63.20471300035845,0.018260046952011673,-63.20471300035845,0.018260046952011673,-65.0,0.0,-65.0,0.0
301.6,-60.1050621813238,0.0,-63.20474019845822,0.017898473796880903,-63.20474019845822,0.017898473796880903,-65.0,0.0,-65.0,0.0
301.7,-60.02953687041718,0.0,-63.20494446733097,0.017544060269918383,-63.20494446733097,0.017544060269918383,-65.0,0.0,-65.0,0.0
301.8,-59.95438918606509,0.0,-63.20532141269382,0.017196664600987753,-63.20532141269382,0.017196664600987753,-65.0,0.0,-65.0,0.0
301.90000000000003,-59.87961724013477,0.0,-63.20586673171675,0.016856147827189437,-63.20586673171675,0.016856147827189437,-65.0,0.0,-65.0,0.0
302.0,-59.8052191539341,0.0,-63.206576211189535,0.01652237373727363,-63.206576211189535,0.01652237373727363,-65.0,0.0,-65.0,0.0
302.1,-59.73119305816443,0.0,-63.20744572572501,0.01619520881715399,-63.20744572572501,0.01619520881715399,-65.0,0.0,-65.0,0.0
302.2,-59.6575370928736,0.0,-63.20847123599813,0.015874522196500207,-63.20847123599813,0.015874522196500207,-65.0,0.0,-65.0,0.0
302.3,-59.58424940740924,0.0,-63.20964878701995,0.015560185596388141,-63.20964878701995,0.015560185596388141,-65.0,0.0,-65.0,0.0
302.40000000000003,-59.511328160372194,0.0,-63.21097450644586,0.015252073277986538,-63.21097450644586,0.015252073277986538,-65.0,0.0,-65.0,0.0
302.5,-59.43877151957033,0.0,-63.2124446029175,0.014950061992259818,-63.2124446029175,0.014950061992259818,-65.0,0.0,-65.0,0.0
302.6,-59.36657766197248,0.0,-63.21405536443758,0.01465403093066682,-63.21405536443758,0.01465403093066682,-65.0,0.0,-65.0,0.0
302.7,-59.294744773662615,0.0,-63.21580315677697,0.014363861676835774,-63.21580315677697,0.014363861676835774,-65.0,0.0,-65.0,0.0
302.8,-59.2232710497943,0.0,-63.21768442191349,0.01407943815919617,-63.21768442191349,0.01407943815919617,-65.0,0.0,-65.0,0.0
302.90000000000003,-59.15215469454533,0.0,-63.21969567650165,0.01380064660454859,-63.21969567650165,0.01380064660454859,-65.0,0.0,-65.0,0.0
303.0,-59.0813939210726,0.0,-63.22183351037287,0.013527375492553905,-63.22183351037287,0.013527375492553905,-65.0,0.0,-65.0,0.0
303.1,-59.01098695146724,0.0,-63.224094585065444,0.013259515511123653,-63.224094585065444,0.013259515511123653,-65.0,0.0,-65.0,0.0
303.2,-58.9409320167099,0.0,-63.22647563238377,0.012996959512693747,-63.22647563238377,0.012996959512693747,-65.0,0.0,-65.0,0.0
303.3,-58.87122735662635,0.0,-63.22897345298617,0.012739602471364023,-63.22897345298617,0.012739602471364023,-65.0,0.0,-65.0,0.0
303.40000000000003,-58.801871219843214,0.0,-63.231584915000795,0.012487341440886476,-63.231584915000795,0.012487341440886476,-65.0,0.0,-65.0,0.0
303.5,-58.732861863744,0.0,-63.23430695266905,0.01224007551348539,-63.23430695266905,0.01224007551348539,-65.0,0.0,-65.0,0.0
303.6,-58.66419755442528,0.0,-63.23713656501596,0.011997705779492879,-63.23713656501596,0.011997705779492879,-65.0,0.0,-65.0,0.0
303.7,-58.59587656665315,0.0,-63.24007081454699,0.01176013528778371,-63.24007081454699,0.01176013528778371,-65.0,0.0,-65.0,0.0
303.8,-58.52789718381989,0.0,-63.243106825970756,0.011527269006993548,-63.243106825970756,0.011527269006993548,-65.0,0.0,-65.0,0.0
303.90000000000003,-58.460257697900786,0.0,-63.24624178494715,0.011299013787505153,-63.24624178494715,0.011299013787505153,-65.0,0.0,-65.0,0.0
304.0,-58.39295640941128,0.0,-63.24947293686032,0.011075278324187287,-63.24947293686032,0.011075278324187287,-65.0,0.0,-65.0,0.0
304.1,-58.325991627364225,0.0,-63.25279758561609,0.010855973119871442,-63.25279758561609,0.010855973119871442,-65.0,0.0,-65.0,0.0
304.2,-58.2593616692274,0.0,-63.25621309246323,0.010641010449551784,-63.25621309246323,0.010641010449551784,-65.0,0.0,-65.0,0.0
304.3,-58.193064860881265,0.0,-63.25971687483826,0.010430304325293979,-63.25971687483826,0.010430304325293979,-65.0,0.0,-65.0,0.0
304.40000000000003,-58.12709953657686,0.0,-63.26330640523315,0.01022377046183887,-63.26330640523315,0.01022377046183887,-65.0,0.0,-65.0,0.0
304.5,-58.06146403889397,0.0,-63.266979210085545,0.010021326242887253,-63.266979210085545,0.010021326242887253,-65.0,0.0,-65.0,0.0
304.6,-57.9961567186995,0.0,-63.27073286869109,0.009822890688052255,-63.27073286869109,0.009822890688052255,-65.0,0.0,-65.0,0.0
304.7,-57.931175935106005,0.0,-63.2745650121374,0.0096283844204661,-63.2745650121374,0.0096283844204661,-65.0,0.0,-65.0,0.0
304.8,-57.86652005543048,0.0,-63.2784733222592,0.009437729635028303,-63.2784733222592,0.009437729635028303,-65.0,0.0,-65.0,0.0
304.90000000000003,-57.80218745515332,0.0,-63.282455530614264,0.00925085006728259,-63.282455530614264,0.00925085006728259,-65.0,0.0,-65.0,0.0
305.0,-57.738176517877555,0.0,-63.286509417479735,0.009067670962910102,-63.286509417479735,0.009067670962910102,-65.0,0.0,-65.0,0.0
305.1,-57.674485635288164,0.0,-63.29063281086842,0.00888811904782667,-63.29063281086842,0.00888811904782667,-65.0,0.0,-65.0,0.0
305.2,-57.61111320711172,0.0,-63.29482358556464,0.008712122498872201,-63.29482358556464,0.008712122498872201,-65.0,0.0,-65.0,0.0
305.3,-57.54805764107616,0.0,-63.29907966217928,0.008539610915080466,-63.29907966217928,0.008539610915080466,-65.0,0.0,-65.0,0.0
305.40000000000003,-57.48531735287078,0.0,-63.30339900622363,0.008370515289517759,-63.30339900622363,0.008370515289517759,-65.0,0.0,-65.0,0.0
305.5,-57.42289076610643,0.0,-63.30777962720167,0.008204767981679217,-63.30777962720167,0.008204767981679217,-65.0,0.0,-65.0,0.0
305.6,-57.360776312275895,0.0,-63.31221957772044,0.008042302690431713,-63.31221957772044,0.008042302690431713,-65.0,0.0,-65.0,0.0
305.7,-57.298972430714514,0.0,-63.316716952618094,0.007883054427492514,-63.316716952618094,0.007883054427492514,-65.0,0.0,-65.0,0.0
305.8,-57.23747756856094,0.0,-63.321269888109285,0.007726959491433105,-63.321269888109285,0.007726959491433105,-65.0,0.0,-65.0,0.0
305.90000000000003,-57.176290180718134,0.0,-63.32587656094764,0.00757395544219777,-63.32587656094764,0.00757395544219777,-65.0,0.0,-65.0,0.0
306.0,-57.11540872981454,0.0,-63.33053518760484,0.007423981076126733,-63.33053518760484,0.007423981076126733,-65.0,0.0,-65.0,0.0
306.1,-57.054831686165464,0.0,-63.335244023466075,0.007276976401473881,-63.335244023466075,0.007276976401473881,-65.0,0.0,-65.0,0.0
306.2,-56.994557527734635,0.0,-63.34000136204154,0.007132882614409264,-63.34000136204154,0.007132882614409264,-65.0,0.0,-65.0,0.0
306.3,-56.934584740095964,0.0,-63.34480553419358,0.006991642075496781,-63.34480553419358,0.006991642075496781,-65.0,0.0,-65.0,0.0
306.40000000000003,-56.87491181639548,0.0,-63.349654907379296,0.006853198286637633,-63.349654907379296,0.006853198286637633,-65.0,0.0,-65.0,0.0
306.5,-56.8155372573135,0.0,-63.354547884908165,0.006717495868470336,-63.354547884908165,0.006717495868470336,-65.0,0.0,-65.0,0.0
306.6,-56.75645957102693,0.0,-63.35948290521451,0.006584480538218233,-63.35948290521451,0.006584480538218233,-65.0,0.0,-65.0,0.0
306.7,-56.6976772731718,0.0,-63.36445844114445,0.006454099087975662,-63.36445844114445,0.006454099087975662,-65.0,0.0,-65.0,0.0
306.8,-56.63918888680594,0.0,-63.36947299925701,0.006326299363424083,-63.36947299925701,0.006326299363424083,-65.0,0.0,-65.0,0.0
306.90000000000003,-56.58099294237191,0.0,-63.37452511913924,0.006201030242969656,-63.37452511913924,0.006201030242969656,-65.0,0.0,-65.0,0.0
307.0,-56.52308797766005,0.0,-63.3796133727349,0.006078241617293923,-63.3796133727349,0.006078241617293923,-65.0,0.0,-65.0,0.0
307.1,-56.465472537771745,0.0,-63.38473636368657,0.00595788436930941,-63.38473636368657,0.00595788436930941,-65.0,0.0,-65.0,0.0
307.20000000000005,-56.408145175082886,0.0,-63.38989272669088,0.005839910354512139,-63.38989272669088,0.005839910354512139,-65.0,0.0,-65.0,0.0
307.3,-56.35110444920747,0.0,-63.395081126866565,0.005724272381723181,-63.395081126866565,0.005724272381723181,-65.0,0.0,-65.0,0.0
307.40000000000003,-56.29434892696143,0.0,-63.40030025913513,0.0056109241942115615,-63.40030025913513,0.0056109241942115615,-65.0,0.0,-65.0,0.0
307.5,-56.23787718232663,0.0,-63.40554884761386,0.005499820451190947,-63.40554884761386,0.005499820451190947,-65.0,0.0,-65.0,0.0
307.6,-56.18168779641499,0.0,-63.41082564502095,0.005390916709682727,-63.41082564502095,0.005390916709682727,-65.0,0.0,-65.0,0.0
307.70000000000005,-56.12577935743292,0.0,-63.416129432092475,0.0052841694067382265,-63.416129432092475,0.0052841694067382265,-65.0,0.0,-65.0,0.0
307.8,-56.070150460645756,0.0,-63.42145901701101,0.005179535842012953,-63.42145901701101,0.005179535842012953,-65.0,0.0,-65.0,0.0
307.90000000000003,-56.01479970834253,0.0,-63.42681323484561,0.0050769741606858845,-63.42681323484561,0.0050769741606858845,-65.0,0.0,-65.0,0.0
308.0,-55.959725709800814,0.0,-63.43219094700302,0.004976443336716981,-63.43219094700302,0.004976443336716981,-65.0,0.0,-65.0,0.0
308.1,-55.90492708125181,0.0,-63.43759104068979,0.004877903156436227,-63.43759104068979,0.004877903156436227,-65.0,0.0,-65.0,0.0
308.20000000000005,-55.85040244584555,0.0,-63.44301242838511,0.004781314202457624,-63.44301242838511,0.004781314202457624,-65.0,0.0,-65.0,0.0
308.3,-55.796150433616326,0.0,-63.448454047324226,0.004686637837911709,-63.448454047324226,0.004686637837911709,-65.0,0.0,-65.0,0.0
308.40000000000003,-55.742169681448246,0.0,-63.45391485899211,0.004593836190990297,-63.45391485899211,0.004593836190990297,-65.0,0.0,-65.0,0.0
308.5,-55.688458833041004,0.0,-63.45939384862725,0.004502872139797247,-63.45939384862725,0.004502872139797247,-65.0,0.0,-65.0,0.0
308.6,-55.635016538875796,0.0,-63.46489002473537,0.004413709297499212,-63.46489002473537,0.004413709297499212,-65.0,0.0,-65.0,0.0
308.70000000000005,-55.581841456181415,0.0,-63.47040241861281,0.004326311997770419,-63.47040241861281,0.004326311997770419,-65.0,0.0,-65.0,0.0
308.8,-55.52893224890051,0.0,-63.47593008387948,0.004240645280525662,-63.47593008387948,0.004240645280525662,-65.0,0.0,-65.0,0.0
308.90000000000003,-55.47628758765601,0.0,-63.481472096021115,0.004156674877935807,-63.481472096021115,0.004156674877935807,-65.0,0.0,-65.0,0.0
309.0,-55.42390614971773,0.0,-63.48702755194065,0.004074367200720197,-63.48702755194065,0.004074367200720197,-65.0,0.0,-65.0,0.0
309.1,-55.37178661896914,0.0,-63.49259556951859,0.003993689324710495,-63.49259556951859,0.003993689324710495,-65.0,0.0,-65.0,0.0
309.20000000000005,-55.31992768587429,0.0,-63.49817528718216,0.003914608977680579,-63.49817528718216,0.003914608977680579,-65.0,0.0,-65.0,0.0
309.3,-55.26832804744492,0.0,-63.503765863483025,0.003837094526437217,-63.503765863483025,0.003837094526437217,-65.0,0.0,-65.0,0.0
309.40000000000003,-55.21698640720769,0.0,-63.509366476683525,0.0037611149641663725,-63.509366476683525,0.0037611149641663725,-65.0,0.0,-65.0,0.0
309.5,-55.16590147517165,0.0,-63.51497632435109,0.0036866398980300624,-63.51497632435109,0.0036866398980300624,-65.0,0.0,-65.0,0.0
309.6,-55.11507196779579,0.0,-63.52059462296083,0.0036136395370088186,-63.52059462296083,0.0036136395370088186,-65.0,0.0,-65.0,0.0
309.70000000000005,-55.06449660795681,0.0,-63.52622060750603,0.0035420846799848814,-63.52622060750603,0.0035420846799848814,-65.0,0.0,-65.0,0.0
309.8,-55.01417412491703,0.0,-63.531853531116475,0.0034719467040613635,-63.531853531116475,0.0034719467040613635,-65.0,0.0,-65.0,0.0
309.90000000000003,-54.96410325429244,0.0,-63.537492664684336,0.0034031975531127103,-63.537492664684336,0.0034031975531127103,-65.0,0.0,-65.0,0.0
310.0,-54.91428273802098,0.0,-63.54313729649763,0.0033358097265618744,-63.54313729649763,0.0033358097265618744,-65.0,0.0,-65.0,0.0
310.1,-54.86471132433088,0.0,-63.54878673188095,0.0032697562683797195,-63.54878673188095,0.0032697562683797195,-65.0,0.0,-65.0,0.0
310.20000000000005,-54.815387767709225,0.0,-63.554440292843395,0.0032050107563022477,-63.554440292843395,0.0032050107563022477,-65.0,0.0,-65.0,0.0
310.3,-54.76631082887068,0.0,-63.56009731773355,0.0031415472912613433,-63.56009731773355,0.0031415472912613433,-65.0,0.0,-65.0,0.0
310.40000000000003,-54.71747927472632,0.0,-63.56575716090137,0.0030793404870247993,-63.56575716090137,0.0030793404870247993,-65.0,0.0,-65.0,0.0
310.5,-54.66889187835269,0.0,-63.57141919236684,0.0030183654600414857,-63.57141919236684,0.0030183654600414857,-65.0,0.0,-65.0,0.0
310.6,-54.620547418960925,0.0,-63.57708279749526,0.0029585978194875983,-63.57708279749526,0.0029585978194875983,-65.0,0.0,-65.0,0.0
310.70000000000005,-54.57244468186612,0.0,-63.58274737667902,0.002900013657510003,-63.58274737667902,0.002900013657510003,-65.0,0.0,-65.0,0.0
310.8,-54.52458245845679,0.0,-63.588412345025795,0.002842589539662776,-63.588412345025795,0.002842589539662776,-65.0,0.0,-65.0,0.0
310.90000000000003,-54.47695954616451,0.0,-63.5940771320529,0.002786302495533113,-63.5940771320529,0.002786302495533113,-65.0,0.0,-65.0,0.0
311.0,-54.42957474843369,0.0,-63.59974118138786,0.0027311300095528585,-63.59974118138786,0.0027311300095528585,-65.0,0.0,-65.0,0.0
311.1,-54.38242687469152,0.0,-63.60540395047493,0.0026770500119919776,-63.60540395047493,0.0026770500119919776,-65.0,0.0,-65.0,0.0
311.20000000000005,-54.33551474031806,0.0,-63.61106491028749,0.0026240408701303695,-63.61106491028749,0.0026240408701303695,-65.0,0.0,-65.0,0.0
311.3,-54.28883716661647,0.0,-63.61672354504625,0.002572081379604492,-63.61672354504625,0.002572081379604492,-65.0,0.0,-65.0,0.0
311.40000000000003,-54.242392980783386,0.0,-63.62237935194305,0.0025211507559253317,-63.62237935194305,0.0025211507559253317,-65.0,0.0,-65.0,0.0
311.5,-54.19618101587947,0.0,-63.62803184087026,0.0024712286261643333,-63.62803184087026,0.0024712286261643333,-65.0,0.0,-65.0,0.0
311.6,-54.15020011080007,0.0,-63.6336805341555,0.002422295020803955,-63.6336805341555,0.002422295020803955,-65.0,0.0,-65.0,0.0
311.70000000000005,-54.10444911024607,0.0,-63.63932496630185,0.002374330365749596,-63.63932496630185,0.002374330365749596,-65.0,0.0,-65.0,0.0
311.8,-54.05892686469484,0.0,-63.64496468373309,0.002327315474499697,-63.64496468373309,0.002327315474499697,-65.0,0.0,-65.0,0.0
311.90000000000003,-54.013632230371364,0.0,-63.65059924454419,0.0022812315404708845,-63.65059924454419,0.0022812315404708845,-65.0,0.0,-65.0,0.0
312.0,-53.96856406921951,0.0,-63.65622821825673,0.0022360601294750867,-63.65622821825673,0.0022360601294750867,-65.0,0.0,-65.0,0.0
312.1,-53.92372124887341,0.0,-63.66185118557927,0.0021917831723456114,-63.66185118557927,0.0021917831723456114,-65.0,0.0,-65.0,0.0
312.20000000000005,-53.87910264262904,0.0,-63.66746773817252,0.0021483829577092395,-63.66746773817252,0.0021483829577092395,-65.0,0.0,-65.0,0.0
312.3,-53.8347071294159,0.0,-63.6730774784192,0.0021058421249014396,-63.6730774784192,0.0021058421249014396,-65.0,0.0,-65.0,0.0
312.40000000000003,-53.790533593768814,0.0,-63.678680019198595,0.0020641436570218693,-63.678680019198595,0.0020641436570218693,-65.0,0.0,-65.0,0.0
312.5,-53.74658092579997,0.0,-63.68427498366554,0.0020232708741273905,-63.68427498366554,0.0020232708741273905,-65.0,0.0,-65.0,0.0
312.6,-53.702848021170965,0.0,-63.68986200503393,0.001983207426559867,-63.68986200503393,0.001983207426559867,-65.0,0.0,-65.0,0.0
312.70000000000005,-53.65933378106511,0.0,-63.69544072636456,0.001943937288406086,-63.69544072636456,0.001943937288406086,-65.0,0.0,-65.0,0.0
312.8,-53.61603711215978,0.0,-63.701010800357196,0.0019054447510871769,-63.701010800357196,0.0019054447510871769,-65.0,0.0,-65.0,0.0
312.90000000000003,-53.572956926598984,0.0,-63.70657188914687,0.0018677144170749713,-63.70657188914687,0.0018677144170749713,-65.0,0.0,-65.0,0.0
313.0,-53.53009214196599,0.0,-63.71212366410427,0.0018307311937327865,-63.71212366410427,0.0018307311937327865,-65.0,0.0,-65.0,0.0
313.1,-53.48744168125616,0.0,-63.71766580564011,0.0017944802872781696,-63.71766580564011,0.0017944802872781696,-65.0,0.0,-65.0,0.0
313.20000000000005,-53.445004472849874,0.0,-63.72319800301348,0.0017589471968651868,-63.72319800301348,0.0017589471968651868,-65.0,0.0,-65.0,0.0
313.3,-53.402779450485625,0.0,-63.72871995414402,0.001724117708783892,-63.72871995414402,0.001724117708783892,-65.0,0.0,-65.0,0.0
313.40000000000003,-53.36076555323319,0.0,-63.73423136542791,0.0016899778907746535,-63.73423136542791,0.0016899778907746535,-65.0,0.0,-65.0,0.0
313.5,-53.31896172546703,0.0,-63.739731951557545,0.001656514086455064,-63.739731951557545,0.001656514086455064,-65.0,0.0,-65.0,0.0
313.6,-53.27736691683969,0.0,-63.74522143534483,0.0016237129098572054,-63.74522143534483,0.0016237129098572054,-65.0,0.0,-65.0,0.0
313.70000000000005,-53.23598008225549,0.0,-63.750699547548074,0.0015915612400730838,-63.750699547548074,0.0015915612400730838,-65.0,0.0,-65.0,0.0
313.8,-53.19480018184421,0.0,-63.75616602670233,0.0015600462160060909,-63.75616602670233,0.0015600462160060909,-65.0,0.0,-65.0,0.0
313.90000000000003,-53.153826180934985,0.0,-63.76162061895321,0.001529155231226394,-63.76162061895321,0.001529155231226394,-65.0,0.0,-65.0,0.0
314.0,-53.11305705003031,0.0,-63.76706307789398,0.001498875928928196,-63.76706307789398,0.001498875928928196,-65.0,0.0,-65.0,0.0
314.1,-53.07249176478015,0.0,-63.772493164406015,0.0014691961969868481,-63.772493164406015,0.0014691961969868481,-65.0,0.0,-65.0,0.0
314.20000000000005,-53.03212930595625,0.0,-63.77791064650243,0.0014401041631138388,-63.77791064650243,0.0014401041631138388,-65.0,0.0,-65.0,0.0
314.3,-52.99196865942647,0.0,-63.78331529917486,0.0014115881901077198,-63.78331529917486,0.0014115881901077198,-65.0,0.0,-65.0,0.0
314.40000000000003,-52.952008816129336,0.0,-63.788706904243384,0.0013836368711990707,-63.788706904243384,0.0013836368711990707,-65.0,0.0,-65.0,0.0
314.5,-52.91224877204869,0.0,-63.79408525020942,0.0013562390254876389,-63.79408525020942,0.0013562390254876389,-65.0,0.0,-65.0,0.0
314.6,-52.87268752818845,0.0,-63.79945013211164,0.0013293836934698303,-63.79945013211164,0.0013293836934698303,-65.0,0.0,-65.0,0.0
314.70000000000005,-52.83332409054751,0.0,-63.804801351384754,0.001303060132654762,-63.804801351384754,0.001303060132654762,-65.0,0.0,-65.0,0.0
314.8,-52.79415747009477,0.0,-63.810138715721195,0.0012772578132671222,-63.810138715721195,0.0012772578132671222,-65.0,0.0,-65.0,0.0
314.90000000000003,-52.755186682744295,0.0,-63.81546203893557,0.0012519664140351206,-63.81546203893557,0.0012519664140351206,-65.0,0.0,-65.0,0.0
315.0,-52.71641074933057,0.0,-63.820771140831866,0.001227175818061841,-63.820771140831866,0.001227175818061841,-65.0,0.0,-65.0,0.0
315.1,-52.67782869558392,0.0,-63.826065847073316,0.0012028761087783486,-63.826065847073316,0.0012028761087783486,-65.0,0.0,-65.0,0.0
315.20000000000005,-52.639439552106,0.0,-63.83134598905496,0.0011790575659769295,-63.83134598905496,0.0011790575659769295,-65.0,0.0,-65.0,0.0
315.3,-52.601242354345466,0.0,-63.836611403778726,0.0011557106619228784,-63.836611403778726,0.0011557106619228784,-65.0,0.0,-65.0,0.0
315.40000000000003,-52.563236142573736,0.0,-63.84186193373106,0.0011328260575432774,-63.84186193373106,0.0011328260575432774,-65.0,0.0,-65.0,0.0
315.5,-52.52541996186087,0.0,-63.84709742676306,0.0011103945986912424,-63.84709742676306,0.0011103945986912424,-65.0,0.0,-65.0,0.0
315.6,-52.48779286205156,0.0,-63.852317735973,0.0010884073124841427,-63.852317735973,0.0010884073124841427,-65.0,0.0,-65.0,0.0
315.70000000000005,-52.45035389774131,0.0,-63.85752271959128,0.0010668554037143276,-63.85752271959128,0.0010668554037143276,-65.0,0.0,-65.0,0.0
315.8,-52.4131021282526,0.0,-63.86271224086766,0.0010457302513309267,-63.86271224086766,0.0010457302513309267,-65.0,0.0,-65.0,0.0
315.90000000000003,-52.37603661761134,0.0,-63.867886167960826,0.001025023404991314,-63.867886167960826,0.001025023404991314,-65.0,0.0,-65.0,0.0
316.0,-52.33915643452328,0.0,-63.87304437383018,0.001004726581680859,-63.87304437383018,0.001004726581680859,-65.0,0.0,-65.0,0.0
316.1,-52.30246065235067,0.0,-63.878186736129834,0.0009848316623996092,-63.878186736129834,0.0009848316623996092,-65.0,0.0,-65.0,0.0
316.20000000000005,-52.265948349088916,0.0,-63.88331313710473,0.0009653306889145832,-63.88331313710473,0.0009653306889145832,-65.0,0.0,-65.0,0.0
316.3,-52.22961860734347,0.0,-63.88842346348892,0.0009462158605763705,-63.88842346348892,0.0009462158605763705,-65.0,0.0,-65.0,0.0
316.40000000000003,-52.19347051430675,0.0,-63.89351760640587,0.0009274795311987681,-63.89351760640587,0.0009274795311987681,-65.0,0.0,-65.0,0.0
316.5,-52.15750316173522,0.0,-63.898595461270844,0.0009091142060002038,-63.898595461270844,0.0009091142060002038,-65.0,0.0,-65.0,0.0
316.6,-52.12171564592654,0.0,-63.90365692769519,0.0008911125386057239,-63.90365692769519,0.0008911125386057239,-65.0,0.0,-65.0,0.0
316.70000000000005,-52.08610706769691,0.0,-63.90870190939266,0.0008734673281083453,-63.90870190939266,0.0008734673281083453,-65.0,0.0,-65.0,0.0
316.8,-52.05067653235842,0.0,-63.9137303140876,0.0008561715161885964,-63.9137303140876,0.0008561715161885964,-65.0,0.0,-65.0,0.0
316.90000000000003,-52.01542314969663,0.0,-63.91874205342502,0.0008392181842910953,-63.91874205342502,0.0008392181842910953,-65.0,0.0,-65.0,0.0
317.0,-51.980346033948145,0.0,-63.923737042882465,0.0008226005508570356,-63.923737042882465,0.0008226005508570356,-65.0,0.0,-65.0,0.0
317.1,-51.9454443037784,0.0,-63.928715201683744,0.0008063119686114724,-63.928715201683744,0.0008063119686114724,-65.0,0.0,-65.0,0.0
317.20000000000005,-51.91071708225951,0.0,-63.93367645271437,0.0007903459219043233,-63.93367645271437,0.0007903459219043233,-65.0,0.0,-65.0,0.0
317.3,-51.876163496848214,0.0,-63.93862072243875,0.0007746960241040221,-63.93862072243875,0.0007746960241040221,-65.0,0.0,-65.0,0.0
317.40000000000003,-51.84178267936397,0.0,-63.94354794081903,0.0007593560150427806,-63.94354794081903,0.0007593560150427806,-65.0,0.0,-65.0,0.0
317.5,-51.807573765967156,0.0,-63.94845804123568,0.000744319758512438,-63.94845804123568,0.000744319758512438,-65.0,0.0,-65.0,0.0
317.6,-51.77353589713732,0.0,-63.9533509604096,0.0007295812398098962,-63.9533509604096,0.0007295812398098962,-65.0,0.0,-65.0,0.0
317.70000000000005,-51.739668217651634,0.0,-63.95822663832589,0.000715134563331158,-63.95822663832589,0.000715134563331158,-65.0,0.0,-65.0,0.0
317.8,-51.70596987656337,0.0,-63.963085018159155,0.0007009739502130067,-63.963085018159155,0.0007009739502130067,-65.0,0.0,-65.0,0.0
317.90000000000003,-51.672440027180556,0.0,-63.96792604620035,0.0006870937360213847,-63.96792604620035,0.0006870937360213847,-65.0,0.0,-65.0,0.0
318.0,-51.63907782704465,0.0,-63.9727496717851,0.0006734883684855433,-63.9727496717851,0.0006734883684855433,-65.0,0.0,-65.0,0.0
318.1,-51.60588243790943,0.0,-63.97755584722354,0.0006601524052770606,-63.97755584722354,0.0006601524052770606,-65.0,0.0,-65.0,0.0
318.20000000000005,-51.57285302571988,0.0,-63.982344527731506,0.0006470805118328382,-63.982344527731506,0.0006470805118328382,-65.0,0.0,-65.0,0.0
318.3,-51.53998876059128,0.0,-63.987115671363235,0.0006342674592212041,-63.987115671363235,0.0006342674592212041,-65.0,0.0,-65.0,0.0
318.40000000000003,-51.507288816788325,0.0,-63.99186923894539,0.0006217081220502708,-63.99186923894539,0.0006217081220502708,-65.0,0.0,-65.0,0.0
318.5,-51.47475237270438,0.0,-63.99660519401245,0.0006093974764177098,-63.99660519401245,0.0006093974764177098,-65.0,0.0,-65.0,0.0
318.6,-51.442378610840855,0.0,-64.00132350274345,0.0005973305979011238,-64.00132350274345,0.0005973305979011238,-65.0,0.0,-65.0,0.0
318.70000000000005,-51.41016671778665,0.0,-64.00602413389994,0.0005855026595882124,-64.00602413389994,0.0005855026595882124,-65.0,0.0,-65.0,0.0
318.8,-51.37811588419772,0.0,-64.01070705876536,0.0005739089301459425,-64.01070705876536,0.0005739089301459425,-65.0,0.0,-65.0,0.0
318.90000000000003,-51.34622530477673,0.0,-64.01537225108557,0.0005625447719279521,-64.01537225108557,0.0005625447719279521,-65.0,0.0,-65.0,0.0
319.0,-51.31449417825284,0.0,-64.02001968701057,0.0005514056391194298,-64.02001968701057,0.0005514056391194298,-65.0,0.0,-65.0,0.0
319.1,-51.28292170736158,0.0,-64.02464934503756,0.0005404870759187286,-64.02464934503756,0.0005404870759187286,-65.0,0.0,-65.0,0.0
319.20000000000005,-51.251507098824774,0.0,-64.029261205955,0.0005297847147549853,-64.029261205955,0.0005297847147549853,-65.0,0.0,-65.0,0.0
319.3,-51.22024956333065,0.0,-64.03385525278794,0.0005192942745410343,-64.03385525278794,0.0005192942745410343,-65.0,0.0,-65.0,0.0
319.40000000000003,-51.189148315514,0.0,-64.03843147074453,0.0005090115589609158,-64.03843147074453,0.0005090115589609158,-65.0,0.0,-65.0,0.0
319.5,-51.15820257393643,0.0,-64.04298984716341,0.000498932454791293,-64.04298984716341,0.000498932454791293,-65.0,0.0,-65.0,0.0
319.6,-51.127411561066744,0.0,-64.04753037146247,0.000489052930256108,-64.04753037146247,0.000489052930256108,-65.0,0.0,-65.0,0.0
319.70000000000005,-51.09677450326141,0.0,-64.05205303508845,0.0004793690334138181,-64.05205303508845,0.0004793690334138181,-65.0,0.0,-65.0,0.0
319.8,-51.0662906307451,0.0,-64.05655783146771,0.00046987689057656615,-64.05655783146771,0.00046987689057656615,-65.0,0.0,-65.0,0.0
319.90000000000003,-51.03595917759137,0.0,-64.061044755958,0.00046057270476065356,-64.061044755958,0.00046057270476065356,-65.0,0.0,-65.0,0.0
320.0,-51.00577938170341,0.0,-64.06551380580112,0.0004514527541676965,-64.06551380580112,0.0004514527541676965,-65.0,0.0,-65.0,0.0
320.1,-50.975750484794894,0.0,-64.06996498007676,0.0004425133906958568,-64.06996498007676,0.0004425133906958568,-65.0,0.0,-65.0,0.0
320.20000000000005,-50.94587173237092,0.0,-64.07439827965713,0.0004337510384805527,-64.07439827965713,0.0004337510384805527,-65.0,0.0,-65.0,0.0
320.3,-50.916142373709064,0.0,-64.07881370716261,0.0004251621924640651,-64.07881370716261,0.0004251621924640651,-65.0,0.0,-65.0,0.0
320.40000000000003,-50.88656166184052,0.0,-64.0832112669183,0.000416743416993468,-64.0832112669183,0.000416743416993468,-65.0,0.0,-65.0,0.0
320.5,-50.857128853531314,0.0,-64.08759096491148,0.0004084913444463212,-64.08759096491148,0.0004084913444463212,-65.0,0.0,-65.0,0.0
320.6,-50.827843209263655,0.0,-64.09195280874998,0.0004004026738835768,-64.09195280874998,0.0004004026738835768,-65.0,0.0,-65.0,0.0
320.70000000000005,-50.79870399321734,0.0,-64.09629680762137,0.0003924741697291594,-64.09629680762137,0.0003924741697291594,-65.0,0.0,-65.0,0.0
320.8,-50.76971047325125,0.0,-64.10062297225302,0.0003847026604756923,-64.10062297225302,0.0003847026604756923,-65.0,0.0,-65.0,0.0
320.90000000000003,-50.740861920884996,0.0,-64.10493131487304,0.00037708503741585274,-64.10493131487304,0.00037708503741585274,-65.0,0.0,-65.0,0.0
321.0,-50.712157611280574,0.0,-64.10922184917197,0.00036961825339884704,-64.10922184917197,0.00036961825339884704,-65.0,0.0,-65.0,0.0
321.1,-50.68359682322417,0.0,-64.1134945902653,0.00036229932161150995,-64.1134945902653,0.00036229932161150995,-65.0,0.0,-65.0,0.0
321.20000000000005,-50.65517883910805,0.0,-64.11774955465678,0.0003551253143835395,-64.11774955465678,0.0003551253143835395,-65.0,0.0,-65.0,0.0
321.3,-50.626902944912516,0.0,-64.12198676020249,0.0003480933620163898,-64.12198676020249,0.0003480933620163898,-65.0,0.0,-65.0,0.0
321.40000000000003,-50.59876843018795,0.0,-64.12620622607565,0.00034120065163535337,-64.12620622607565,0.00034120065163535337,-65.0,0.0,-65.0,0.0
321.5,-50.57077458803701,0.0,-64.13040797273224,0.00033444442606437376,-64.13040797273224,0.00033444442606437376,-65.0,0.0,-65.0,0.0
321.6,-50.54292071509683,0.0,-64.13459202187722,0.0003278219827231384,-64.13459202187722,0.0003278219827231384,-65.0,0.0,-65.0,0.0
321.70000000000005,-50.515206111521344,0.0,-64.13875839643157,0.0003213306725460103,-64.13875839643157,0.0003213306725460103,-65.0,0.0,-65.0,0.0
321.8,-50.48763008096374,0.0,-64.14290712049996,0.0003149678989223667,-64.14290712049996,0.0003149678989223667,-65.0,0.0,-65.0,0.0
321.90000000000003,-50.46019193055892,0.0,-64.14703821933912,0.00030873111665792,-64.14703821933912,0.00030873111665792,-65.0,0.0,-65.0,0.0
322.0,-50.43289097090613,0.0,-64.15115171932695,0.0003026178309566063,-64.15115171932695,0.0003026178309566063,-65.0,0.0,-65.0,0.0
322.1,-50.4057265160516,0.0,-64.1552476479321,0.0002966255964226334,-64.1552476479321,0.0002966255964226334,-65.0,0.0,-65.0,0.0
322.20000000000005,-50.37869788347135,0.0,-64.1593260336844,0.00029075201608229025,-64.1593260336844,0.00029075201608229025,-65.0,0.0,-65.0,0.0
322.3,-50.35180439405399,0.0,-64.16338690614576,0.0002849947404251253,-64.16338690614576,0.0002849947404251253,-65.0,0.0,-65.0,0.0
322.40000000000003,-50.32504537208372,0.0,-64.1674302958818,0.0002793514664641109,-64.1674302958818,0.0002793514664641109,-65.0,0.0,-65.0,0.0
322.5,-50.298420145223304,0.0,-64.17145623443399,0.000273819936814418,-64.17145623443399,0.000273819936814418,-65.0,0.0,-65.0,0.0
322.6,-50.27192804449719,0.0,-64.17546475429242,0.0002683979387904321,-64.17546475429242,0.0002683979387904321,-65.0,0.0,-65.0,0.0
322.70000000000005,-50.2455684042747,0.0,-64.1794558888692,0.0002630833035206492,-64.1794558888692,0.0002630833035206492,-65.0,0.0,-65.0,0.0
322.8,-50.21934056225333,0.0,-64.18342967247231,0.00025787390508009875,-64.18342967247231,0.00025787390508009875,-65.0,0.0,-65.0,0.0
322.90000000000003,-50.19324385944206,0.0,-64.18738614028014,0.0002527676596399449,-64.18738614028014,0.0002527676596399449,-65.0,0.0,-65.0,0.0
323.0,-50.16727764014485,0.0,-64.19132532831642,0.00024776252463392745,-64.19132532831642,0.00024776252463392745,-65.0,0.0,-65.0,0.0
323.1,-50.14144125194413,0.0,-64.19524727342588,0.00024285649794130796,-64.19524727342588,0.00024285649794130796,-65.0,0.0,-65.0,0.0
323.20000000000005,-50.11573404568441,0.0,-64.1991520132502,0.0002380476170859948,-64.1991520132502,0.0002380476170859948,-65.0,0.0,-65.0,0.0
323.3,-50.09015537545599,0.0,-64.20303958620472,0.00023333395845152657,-64.20303958620472,0.00023333395845152657,-65.0,0.0,-65.0,0.0
323.40000000000003,-50.064704598578714,0.0,-64.20691003145545,0.0002287136365115999,-64.20691003145545,0.0002287136365115999,-65.0,0.0,-65.0,0.0
323.5,-50.03938107558582,0.0,-64.21076338889664,0.0002241848030758337,-64.21076338889664,0.0002241848030758337,-65.0,0.0,-65.0,0.0
323.6,-50.01418417020789,0.0,-64.21459969912888,0.00021974564655046836,-64.21459969912888,0.00021974564655046836,-65.0,0.0,-65.0,0.0
323.70000000000005,-65.0,0.0,-64.17841900343763,0.08021539439121371,-64.17841900343763,0.08021539439121371,-65.0,0.0,-65.0,0.0
323.8,-65.0,0.0,-64.14321339683991,0.07862702316104582,-64.14321339683991,0.07862702316104582,-65.0,0.0,-65.0,0.0
323.90000000000003,-65.0,0.0,-64.10896227796145,0.07707010378851663,-64.10896227796145,0.07707010378851663,-65.0,0.0,-65.0,0.0
324.0,-65.0,0.0,-64.07564545982909,0.07554401348511793,-64.07564545982909,0.07554401348511793,-65.0,0.0,-65.0,0.0
324.1,-65.0,0.0,-64.04324316163276,0.07404814179438021,-64.04324316163276,0.07404814179438021,-65.0,0.0,-65.0,0.0
324.20000000000005,-65.0,0.0,-64.01173600065076,0.07258189034768198,-64.01173600065076,0.07258189034768198,-65.0,0.0,-65.0,0.0
324.3,-65.0,0.0,-63.981104984335055,0.07114467262489425,-63.981104984335055,0.07114467262489425,-65.0,0.0,-65.0,0.0
324.40000000000003,-65.0,0.0,-63.951331502553494,0.06973591371976477,-63.951331502553494,0.06973591371976477,-65.0,0.0,-65.0,0.0
324.5,-65.0,0.0,-63.922397319985755,0.06835505010994779,-63.922397319985755,0.06835505010994779,-65.0,0.0,-65.0,0.0
324.6,-65.0,0.0,-63.89428456867003,0.06700152943158759,-63.89428456867003,0.06700152943158759,-65.0,0.0,-65.0,0.0
324.70000000000005,-65.0,0.0,-63.8669757406975,0.06567481025836568,-63.8669757406975,0.06567481025836568,-65.0,0.0,-65.0,0.0
324.8,-65.0,0.0,-63.84045368105155,0.06437436188492292,-63.84045368105155,0.06437436188492292,-65.0,0.0,-65.0,0.0
324.90000000000003,-65.0,0.0,-63.81470158058901,0.0630996641145704,-63.81470158058901,0.0630996641145704,-65.0,0.0,-65.0,0.0
325.0,-65.0,0.0,-63.789702969160466,0.061850207051203775,-63.789702969160466,0.061850207051203775,-65.0,0.0,-65.0,0.0
325.1,-65.0,0.0,-63.765441708866994,0.06062549089533806,-63.765441708866994,0.06062549089533806,-65.0,0.0,-65.0,0.0
325.20000000000005,-65.0,0.0,-63.74190198745057,0.05942502574418113,-63.74190198745057,0.05942502574418113,-65.0,0.0,-65.0,0.0
325.3,-65.0,0.0,-63.719068311815484,0.058248331395666125,-63.719068311815484,0.058248331395666125,-65.0,0.0,-65.0,0.0
325.40000000000003,-65.0,0.0,-63.69692550167822,0.057094937156364156,-63.69692550167822,0.057094937156364156,-65.0,0.0,-65.0,0.0
325.5,-65.0,0.0,-63.67545868334323,0.05596438165320071,-63.67545868334323,0.05596438165320071,-65.0,0.0,-65.0,0.0
325.6,-65.0,0.0,-63.654653283602066,0.05485621264890025,-63.654653283602066,0.05485621264890025,-65.0,0.0,-65.0,0.0
325.70000000000005,-64.9,0.0,-63.634495023753516,0.05376998686108527,-63.634495023753516,0.05376998686108527,-65.0,0.0,-65.0,0.0
325.8,-64.8005,0.0,-63.61496991374227,0.052705269784957445,-63.61496991374227,0.052705269784957445,-65.0,0.0,-65.0,0.0
325.90000000000003,-64.7014975,0.0,-63.59606424641382,0.0516616355194899,-63.59606424641382,0.0516616355194899,-65.0,0.0,-65.0,0.0
326.0,-64.6029900125,0.0,-63.577764591883216,0.05063866659706114,-63.577764591883216,0.05063866659706114,-65.0,0.0,-65.0,0.0
326.1,-64.5049750624375,0.0,-63.56005779201557,0.049635953816462436,-63.56005779201557,0.049635953816462436,-65.0,0.0,-65.0,0.0
326.20000000000005,-64.4074501871253,0.0,-63.54293095501588,0.04865309607921185,-63.54293095501588,0.04865309607921185,-65.0,0.0,-65.0,0.0
326.3,-64.31041293618968,0.0,-63.52637145012625,0.04768970022910955,-63.52637145012625,0.04768970022910955,-65.0,0.0,-65.0,0.0
326.40000000000003,-64.21386087150873,0.0,-63.51036690242813,0.046745380894970046,-63.51036690242813,0.046745380894970046,-65.0,0.0,-65.0,0.0
326.5,-64.11779156715119,0.0,-63.494905187747754,0.04581976033646858,-63.494905187747754,0.04581976033646858,-65.0,0.0,-65.0,0.0
326.6,-64.02220260931543,0.0,-63.4799744276625,0.04491246829303999,-63.4799744276625,0.04491246829303999,-65.0,0.0,-65.0,0.0
326.70000000000005,-63.92709159626885,0.0,-63.4655629846063,0.04402314183576951,-63.4655629846063,0.04402314183576951,-65.0,0.0,-65.0,0.0
326.8,-63.832456138287505,0.0,-63.45165945707216,0.04315142522221639,-63.45165945707216,0.04315142522221639,-65.0,0.0,-65.0,0.0
326.90000000000003,-63.73829385759607,0.0,-63.43825267490974,0.042296969754112165,-63.43825267490974,0.042296969754112165,-65.0,0.0,-65.0,0.0
327.0,-63.64460238830809,0.0,-63.425331694716256,0.0414594336378767,-63.425331694716256,0.0414594336378767,-65.0,0.0,-65.0,0.0
327.1,-63.55137937636655,0.0,-63.41288579531873,0.0406384818478962,-63.41288579531873,0.0406384818478962,-65.0,0.0,-65.0,0.0
327.20000000000005,-63.45862247948472,0.0,-63.40090447334588,0.03983378599250851,-63.40090447334588,0.03983378599250851,-65.0,0.0,-65.0,0.0
327.3,-63.366329367087296,0.0,-63.389377438887834,0.03904502418264205,-63.389377438887834,0.03904502418264205,-65.0,0.0,-65.0,0.0
327.40000000000003,-63.27449772025186,0.0,-63.37829461124187,0.038271880903055916,-63.37829461124187,0.038271880903055916,-65.0,0.0,-65.0,0.0
327.5,-63.1831252316506,0.0,-63.3676461147426,0.037514046886129554,-63.3676461147426,0.037514046886129554,-65.0,0.0,-65.0,0.0
327.6,-63.09220960549235,0.0,-63.35742227467481,0.036771218988151604,-63.35742227467481,0.036771218988151604,-65.0,0.0,-65.0,0.0
327.70000000000005,-63.001748557464886,0.0,-63.347613613267406,0.036043100068058366,-63.347613613267406,0.036043100068058366,-65.0,0.0,-65.0,0.0
327.8,-62.91173981467756,0.0,-63.33821084576678,0.03532939886857343,-63.33821084576678,0.03532939886857343,-65.0,0.0,-65.0,0.0
327.90000000000003,-62.822181115604174,0.0,-63.32920487658809,0.034629829899700856,-63.32920487658809,0.034629829899700856,-65.0,0.0,-65.0,0.0
328.0,-62.733070210026156,0.0,-63.32058679554289,0.033944113324525384,-63.32058679554289,0.033944113324525384,-65.0,0.0,-65.0,0.0
328.1,-62.644404858976024,0.0,-63.31234787414154,0.033271974847273934,-63.31234787414154,0.033271974847273934,-65.0,0.0,-65.0,0.0
328.20000000000005,-62.556182834681145,0.0,-63.30447956196903,0.03261314560359364,-63.30447956196903,0.03261314560359364,-65.0,0.0,-65.0,0.0
328.3,-62.46840192050774,0.0,-63.29697348313269,0.031967362053002525,-63.29697348313269,0.031967362053002525,-65.0,0.0,-65.0,0.0
328.40000000000003,-62.3810599109052,0.0,-63.28982143278029,0.031334365873469786,-63.28982143278029,0.031334365873469786,-65.0,0.0,-65.0,0.0
328.5,-62.29415461135068,0.0,-63.28301537368735,0.03071390385808355,-63.28301537368735,0.03071390385808355,-65.0,0.0,-65.0,0.0
328.6,-62.207683838293924,0.0,-63.27654743291203,0.030105727813764728,-63.27654743291203,0.030105727813764728,-65.0,0.0,-65.0,0.0
328.70000000000005,-62.12164541910246,0.0,-63.270409898516476,0.029509594461986467,-63.270409898516476,0.029509594461986467,-65.0,0.0,-65.0,0.0
328.8,-62.036037192006944,0.0,-63.264595216353165,0.028925265341459505,-63.264595216353165,0.028925265341459505,-65.0,0.0,-65.0,0.0
328.90000000000003,-61.95085700604691,0.0,-63.25909598691503,0.028352506712744478,-63.25909598691503,0.028352506712744478,-65.0,0.0,-65.0,0.0
329.0,-61.866102721016674,0.0,-63.25390496224808,0.02779108946475301,-63.25390496224808,0.02779108946475301,-65.0,0.0,-65.0,0.0
329.1,-61.78177220741159,0.0,-63.249015042925286,0.027240789023100242,-63.249015042925286,0.027240789023100242,-65.0,0.0,-65.0,0.0
329.20000000000005,-61.69786334637453,0.0,-63.244419275080524,0.02670138526027208,-63.244419275080524,0.02670138526027208,-65.0,0.0,-65.0,0.0
329.3,-61.61437402964266,0.0,-63.240110847501334,0.026172662407571243,-63.240110847501334,0.026172662407571243,-65.0,0.0,-65.0,0.0
329.40000000000003,-61.53130215949445,0.0,-63.236083088779424,0.02565440896880692,-63.236083088779424,0.02565440896880692,-65.0,0.0,-65.0,0.0
329.5,-61.44864564869698,0.0,-63.23232946451768,0.025146417635693467,-63.23232946451768,0.025146417635693467,-65.0,0.0,-65.0,0.0
329.6,-61.3664024204535,0.0,-63.22884357459263,0.02464848520492433,-63.22884357459263,0.02464848520492433,-65.0,0.0,-65.0,0.0
329.70000000000005,-61.28457040835123,0.0,-63.225619150471225,0.024160412496888013,-63.225619150471225,0.024160412496888013,-65.0,0.0,-65.0,0.0
329.8,-61.203147556309474,0.0,-63.222650052580875,0.023682004275993578,-63.222650052580875,0.023682004275993578,-65.0,0.0,-65.0,0.0
329.90000000000003,-61.122131818527926,0.0,-63.219930267731684,0.02321306917257381,-63.219930267731684,0.02321306917257381,-65.0,0.0,-65.0,0.0
330.0,-61.041521159435284,0.0,-63.21745390658986,0.022753419606334785,-63.21745390658986,0.022753419606334785,-65.0,0.0,-65.0,0.0
330.1,-60.96131355363811,0.0,-63.21521520120125,0.02230287171132127,-63.21521520120125,0.02230287171132127,-65.0,0.0,-65.0,0.0
330.20000000000005,-60.88150698586992,0.0,-63.21320850256406,0.021861245262367872,-63.21320850256406,0.021861245262367872,-65.0,0.0,-65.0,0.0
330.3,-60.80209945094057,0.0,-63.211428278249734,0.021428363603006578,-63.211428278249734,0.021428363603006578,-65.0,0.0,-65.0,0.0
330.40000000000003,-60.72308895368587,0.0,-63.20986911007108,0.02100405357480181,-63.20986911007108,0.02100405357480181,-65.0,0.0,-65.0,0.0
330.5,-60.644473508917436,0.0,-63.20852569179669,0.02058814544808474,-63.20852569179669,0.02058814544808474,-65.0,0.0,-65.0,0.0
330.6,-60.566251141372845,0.0,-63.20739282691068,0.020180472854059175,-63.20739282691068,0.020180472854059175,-65.0,0.0,-65.0,0.0
330.70000000000005,-60.488419885665984,0.0,-63.206465426417,0.019780872718251793,-63.206465426417,0.019780872718251793,-65.0,0.0,-65.0,0.0
330.8,-60.41097778623765,0.0,-63.205738506687275,0.019389185195280198,-63.205738506687275,0.019389185195280198,-65.0,0.0,-65.0,0.0
330.90000000000003,-60.333922897306465,0.0,-63.205207187351384,0.01900525360491263,-63.205207187351384,0.01900525360491263,-65.0,0.0,-65.0,0.0
331.0,-60.25725328281993,0.0,-63.20486668922993,0.018628924369393788,-63.20486668922993,0.018628924369393788,-65.0,0.0,-65.0,0.0
331.1,-60.18096701640583,0.0,-63.20471233230778,0.018260046952011673,-63.20471233230778,0.018260046952011673,-65.0,0.0,-65.0,0.0
331.20000000000005,-60.1050621813238,0.0,-63.2047395337478,0.017898473796880903,-63.2047395337478,0.017898473796880903,-65.0,0.0,-65.0,0.0
331.3,-60.02953687041718,0.0,-63.2049438059441,0.017544060269918383,-63.2049438059441,0.017544060269918383,-65.0,0.0,-65.0,0.0
331.40000000000003,-59.95438918606509,0.0,-63.205320754613886,0.017196664600987753,-63.205320754613886,0.017196664600987753,-65.0,0.0,-65.0,0.0
331.5,-59.87961724013477,0.0,-63.20586607692722,0.016856147827189437,-63.20586607692722,0.016856147827189437,-65.0,0.0,-65.0,0.0
331.6,-59.8052191539341,0.0,-63.20657555967395,0.01652237373727363,-63.20657555967395,0.01652237373727363,-65.0,0.0,-65.0,0.0
331.70000000000005,-59.73119305816443,0.0,-63.20744507746701,0.01619520881715399,-63.20744507746701,0.01619520881715399,-65.0,0.0,-65.0,0.0
331.8,-59.6575370928736,0.0,-63.20847059098142,0.015874522196500207,-63.20847059098142,0.015874522196500207,-65.0,0.0,-65.0,0.0
331.90000000000003,-59.58424940740924,0.0,-63.20964814522832,0.015560185596388141,-63.20964814522832,0.015560185596388141,-65.0,0.0,-65.0,0.0
332.0,-59.511328160372194,0.0,-63.21097386786319,0.015252073277986538,-63.21097386786319,0.015252073277986538,-65.0,0.0,-65.0,0.0
332.1,-59.43877151957033,0.0,-63.21244396752774,0.014950061992259818,-63.21244396752774,0.014950061992259818,-65.0,0.0,-65.0,0.0
332.20000000000005,-59.36657766197248,0.0,-63.21405473222477,0.01465403093066682,-63.21405473222477,0.01465403093066682,-65.0,0.0,-65.0,0.0
332.3,-59.294744773662615,0.0,-63.215802527725224,0.014363861676835774,-63.215802527725224,0.014363861676835774,-65.0,0.0,-65.0,0.0
332.40000000000003,-59.2232710497943,0.0,-63.217683796007,0.01407943815919617,-63.217683796007,0.01407943815919617,-65.0,0.0,-65.0,0.0
332.5,-59.15215469454533,0.0,-63.21969505372469,0.01380064660454859,-63.21969505372469,0.01380064660454859,-65.0,0.0,-65.0,0.0
332.6,-59.0813939210726,0.0,-63.22183289070979,0.013527375492553905,-63.22183289070979,0.013527375492553905,-65.0,0.0,-65.0,0.0
332.70000000000005,-59.01098695146724,0.0,-63.22409396850068,0.013259515511123653,-63.22409396850068,0.013259515511123653,-65.0,0.0,-65.0,0.0
332.8,-58.9409320167099,0.0,-63.22647501890183,0.012996959512693747,-63.22647501890183,0.012996959512693747,-65.0,0.0,-65.0,0.0
332.90000000000003,-58.87122735662635,0.0,-63.228972842571636,0.012739602471364023,-63.228972842571636,0.012739602471364023,-65.0,0.0,-65.0,0.0
333.0,-58.801871219843214,0.0,-63.231584307638336,0.012487341440886476,-63.231584307638336,0.012487341440886476,-65.0,0.0,-65.0,0.0
333.1,-58.732861863744,0.0,-63.2343063483434,0.01224007551348539,-63.2343063483434,0.01224007551348539,-65.0,0.0,-65.0,0.0
333.20000000000005,-58.66419755442528,0.0,-63.237135963711935,0.011997705779492879,-63.237135963711935,0.011997705779492879,-65.0,0.0,-65.0,0.0
333.3,-58.59587656665315,0.0,-63.240070216249485,0.01176013528778371,-63.240070216249485,0.01176013528778371,-65.0,0.0,-65.0,0.0
333.40000000000003,-58.52789718381989,0.0,-63.24310623066474,0.011527269006993548,-63.24310623066474,0.011527269006993548,-65.0,0.0,-65.0,0.0
333.5,-58.460257697900786,0.0,-63.24624119261767,0.011299013787505153,-63.24624119261767,0.011299013787505153,-65.0,0.0,-65.0,0.0
333.6,-58.39295640941128,0.0,-63.249472347492485,0.011075278324187287,-63.249472347492485,0.011075278324187287,-65.0,0.0,-65.0,0.0
333.70000000000005,-58.325991627364225,0.0,-63.252796999195084,0.010855973119871442,-63.252796999195084,0.010855973119871442,-65.0,0.0,-65.0,0.0
333.8,-58.2593616692274,0.0,-63.256212508974336,0.010641010449551784,-63.256212508974336,0.010641010449551784,-65.0,0.0,-65.0,0.0
333.90000000000003,-58.193064860881265,0.0,-63.259716294266816,0.010430304325293979,-63.259716294266816,0.010430304325293979,-65.0,0.0,-65.0,0.0
334.0,-58.12709953657686,0.0,-63.263305827564565,0.01022377046183887,-63.263305827564565,0.01022377046183887,-65.0,0.0,-65.0,0.0
334.1,-58.06146403889397,0.0,-63.2669786353053,0.010021326242887253,-63.2669786353053,0.010021326242887253,-65.0,0.0,-65.0,0.0
334.20000000000005,-57.9961567186995,0.0,-63.27073229678475,0.009822890688052255,-63.27073229678475,0.009822890688052255,-65.0,0.0,-65.0,0.0
334.3,-57.931175935106005,0.0,-63.2745644430906,0.0096283844204661,-63.2745644430906,0.0096283844204661,-65.0,0.0,-65.0,0.0
334.40000000000003,-57.86652005543048,0.0,-63.27847275605763,0.009437729635028303,-63.27847275605763,0.009437729635028303,-65.0,0.0,-65.0,0.0
334.5,-57.80218745515332,0.0,-63.2824549672437,0.00925085006728259,-63.2824549672437,0.00925085006728259,-65.0,0.0,-65.0,0.0
334.6,-57.738176517877555,0.0,-63.28650885692603,0.009067670962910102,-63.28650885692603,0.009067670962910102,-65.0,0.0,-65.0,0.0
334.70000000000005,-57.674485635288164,0.0,-63.29063225311749,0.00888811904782667,-63.29063225311749,0.00888811904782667,-65.0,0.0,-65.0,0.0
334.8,-57.61111320711172,0.0,-63.294823030602466,0.008712122498872201,-63.294823030602466,0.008712122498872201,-65.0,0.0,-65.0,0.0
334.90000000000003,-57.54805764107616,0.0,-63.299079109991915,0.008539610915080466,-63.299079109991915,0.008539610915080466,-65.0,0.0,-65.0,0.0
335.0,-57.48531735287078,0.0,-63.3033984567972,0.008370515289517759,-63.3033984567972,0.008370515289517759,-65.0,0.0,-65.0,0.0
335.1,-57.42289076610643,0.0,-63.30777908052237,0.008204767981679217,-63.30777908052237,0.008204767981679217,-65.0,0.0,-65.0,0.0
335.20000000000005,-57.360776312275895,0.0,-63.31221903377455,0.008042302690431713,-63.31221903377455,0.008042302690431713,-65.0,0.0,-65.0,0.0
335.3,-57.298972430714514,0.0,-63.31671641139193,0.007883054427492514,-63.31671641139193,0.007883054427492514,-65.0,0.0,-65.0,0.0
335.40000000000003,-57.23747756856094,0.0,-63.32126934958925,0.007726959491433105,-63.32126934958925,0.007726959491433105,-65.0,0.0,-65.0,0.0
335.5,-57.176290180718134,0.0,-63.32587602512021,0.00757395544219777,-63.32587602512021,0.00757395544219777,-65.0,0.0,-65.0,0.0
335.6,-57.11540872981454,0.0,-63.33053465445654,0.007423981076126733,-63.33053465445654,0.007423981076126733,-65.0,0.0,-65.0,0.0
335.70000000000005,-57.054831686165464,0.0,-63.33524349298352,0.007276976401473881,-63.33524349298352,0.007276976401473881,-65.0,0.0,-65.0,0.0
335.8,-56.994557527734635,0.0,-63.3400008342114,0.007132882614409264,-63.3400008342114,0.007132882614409264,-65.0,0.0,-65.0,0.0
335.90000000000003,-56.934584740095964,0.0,-63.3448050090026,0.006991642075496781,-63.3448050090026,0.006991642075496781,-65.0,0.0,-65.0,0.0
336.0,-56.87491181639548,0.0,-63.349654384814265,0.006853198286637633,-63.349654384814265,0.006853198286637633,-65.0,0.0,-65.0,0.0
336.1,-56.8155372573135,0.0,-63.354547364955955,0.006717495868470336,-63.354547364955955,0.006717495868470336,-65.0,0.0,-65.0,0.0
336.20000000000005,-56.75645957102693,0.0,-63.359482387862066,0.006584480538218233,-63.359482387862066,0.006584480538218233,-65.0,0.0,-65.0,0.0
336.3,-56.6976772731718,0.0,-63.36445792637877,0.006454099087975662,-63.36445792637877,0.006454099087975662,-65.0,0.0,-65.0,0.0
336.40000000000003,-56.63918888680594,0.0,-63.36947248706516,0.006326299363424083,-63.36947248706516,0.006326299363424083,-65.0,0.0,-65.0,0.0
336.5,-56.58099294237191,0.0,-63.37452460950835,0.006201030242969656,-63.37452460950835,0.006201030242969656,-65.0,0.0,-65.0,0.0
336.6,-56.52308797766005,0.0,-63.37961286565216,0.006078241617293923,-63.37961286565216,0.006078241617293923,-65.0,0.0,-65.0,0.0
336.70000000000005,-56.465472537771745,0.0,-63.38473585913925,0.00595788436930941,-63.38473585913925,0.00595788436930941,-65.0,0.0,-65.0,0.0
336.8,-56.408145175082886,0.0,-63.3898922246663,0.005839910354512139,-63.3898922246663,0.005839910354512139,-65.0,0.0,-65.0,0.0
336.90000000000003,-56.35110444920747,0.0,-63.39508062735211,0.005724272381723181,-63.39508062735211,0.005724272381723181,-65.0,0.0,-65.0,0.0
337.0,-56.29434892696143,0.0,-63.400299762118244,0.0056109241942115615,-63.400299762118244,0.0056109241942115615,-65.0,0.0,-65.0,0.0
337.1,-56.23787718232663,0.0,-63.40554835308206,0.005499820451190947,-63.40554835308206,0.005499820451190947,-65.0,0.0,-65.0,0.0
337.20000000000005,-56.18168779641499,0.0,-63.410825152961806,0.005390916709682727,-63.410825152961806,0.005390916709682727,-65.0,0.0,-65.0,0.0
337.3,-56.12577935743292,0.0,-63.41612894249363,0.0052841694067382265,-63.41612894249363,0.0052841694067382265,-65.0,0.0,-65.0,0.0
337.40000000000003,-56.070150460645756,0.0,-63.42145852986015,0.005179535842012953,-63.42145852986015,0.005179535842012953,-65.0,0.0,-65.0,0.0
337.5,-56.01479970834253,0.0,-63.42681275013051,0.0050769741606858845,-63.42681275013051,0.0050769741606858845,-65.0,0.0,-65.0,0.0
337.6,-55.959725709800814,0.0,-63.432190464711496,0.004976443336716981,-63.432190464711496,0.004976443336716981,-65.0,0.0,-65.0,0.0
337.70000000000005,-55.90492708125181,0.0,-63.437590560809724,0.004877903156436227,-63.437590560809724,0.004877903156436227,-65.0,0.0,-65.0,0.0
337.8,-55.85040244584555,0.0,-63.44301195090445,0.004781314202457624,-63.44301195090445,0.004781314202457624,-65.0,0.0,-65.0,0.0
337.90000000000003,-55.796150433616326,0.0,-63.44845357223097,0.004686637837911709,-63.44845357223097,0.004686637837911709,-65.0,0.0,-65.0,0.0
338.0,-55.742169681448246,0.0,-63.45391438627432,0.004593836190990297,-63.45391438627432,0.004593836190990297,-65.0,0.0,-65.0,0.0
338.1,-55.688458833041004,0.0,-63.45939337827305,0.004502872139797247,-63.45939337827305,0.004502872139797247,-65.0,0.0,-65.0,0.0
338.20000000000005,-55.635016538875796,0.0,-63.464889556732935,0.004413709297499212,-63.464889556732935,0.004413709297499212,-65.0,0.0,-65.0,0.0
338.3,-55.581841456181415,0.0,-63.47040195295038,0.004326311997770419,-63.47040195295038,0.004326311997770419,-65.0,0.0,-65.0,0.0
338.40000000000003,-55.52893224890051,0.0,-63.475929620545365,0.004240645280525662,-63.475929620545365,0.004240645280525662,-65.0,0.0,-65.0,0.0
338.5,-55.47628758765601,0.0,-63.48147163500367,0.004156674877935807,-63.48147163500367,0.004156674877935807,-65.0,0.0,-65.0,0.0
338.6,-55.42390614971773,0.0,-63.48702709322829,0.004074367200720197,-63.48702709322829,0.004074367200720197,-65.0,0.0,-65.0,0.0
338.70000000000005,-55.37178661896914,0.0,-63.492595113099796,0.003993689324710495,-63.492595113099796,0.003993689324710495,-65.0,0.0,-65.0,0.0
338.8,-55.31992768587429,0.0,-63.498174833045454,0.003914608977680579,-63.498174833045454,0.003914608977680579,-65.0,0.0,-65.0,0.0
338.90000000000003,-55.26832804744492,0.0,-63.50376541161701,0.003837094526437217,-63.50376541161701,0.003837094526437217,-65.0,0.0,-65.0,0.0
339.0,-55.21698640720769,0.0,-63.509366027076844,0.0037611149641663725,-63.509366027076844,0.0037611149641663725,-65.0,0.0,-65.0,0.0
339.1,-55.16590147517165,0.0,-63.514975876992445,0.0036866398980300624,-63.514975876992445,0.0036866398980300624,-65.0,0.0,-65.0,0.0
339.20000000000005,-55.11507196779579,0.0,-63.52059417783898,0.0036136395370088186,-63.52059417783898,0.0036136395370088186,-65.0,0.0,-65.0,0.0
339.3,-55.06449660795681,0.0,-63.52622016460979,0.0035420846799848814,-63.52622016460979,0.0035420846799848814,-65.0,0.0,-65.0,0.0
339.40000000000003,-55.01417412491703,0.0,-63.53185309043471,0.0034719467040613635,-63.53185309043471,0.0034719467040613635,-65.0,0.0,-65.0,0.0
339.5,-54.96410325429244,0.0,-63.53749222620598,0.0034031975531127103,-63.53749222620598,0.0034031975531127103,-65.0,0.0,-65.0,0.0
339.6,-54.91428273802098,0.0,-63.54313686021167,0.0033358097265618744,-63.54313686021167,0.0033358097265618744,-65.0,0.0,-65.0,0.0
339.70000000000005,-54.86471132433088,0.0,-63.54878629777642,0.0032697562683797195,-63.54878629777642,0.0032697562683797195,-65.0,0.0,-65.0,0.0
339.8,-54.815387767709225,0.0,-63.55443986090938,0.0032050107563022477,-63.55443986090938,0.0032050107563022477,-65.0,0.0,-65.0,0.0
339.90000000000003,-54.76631082887068,0.0,-63.560096887959205,0.0031415472912613433,-63.560096887959205,0.0031415472912613433,-65.0,0.0,-65.0,0.0
340.0,-54.71747927472632,0.0,-63.5657567332759,0.0030793404870247993,-63.5657567332759,0.0030793404870247993,-65.0,0.0,-65.0,0.0
340.1,-54.66889187835269,0.0,-63.571418766879496,0.0030183654600414857,-63.571418766879496,0.0030183654600414857,-65.0,0.0,-65.0,0.0
340.20000000000005,-54.620547418960925,0.0,-63.57708237413536,0.0029585978194875983,-63.57708237413536,0.0029585978194875983,-65.0,0.0,-65.0,0.0
340.3,-54.57244468186612,0.0,-63.58274695543593,0.002900013657510003,-63.58274695543593,0.002900013657510003,-65.0,0.0,-65.0,0.0
340.40000000000003,-54.52458245845679,0.0,-63.58841192588892,0.002842589539662776,-63.58841192588892,0.002842589539662776,-65.0,0.0,-65.0,0.0
340.5,-54.47695954616451,0.0,-63.59407671501171,0.002786302495533113,-63.59407671501171,0.002786302495533113,-65.0,0.0,-65.0,0.0
340.6,-54.42957474843369,0.0,-63.59974076643187,0.0027311300095528585,-63.59974076643187,0.0027311300095528585,-65.0,0.0,-65.0,0.0
340.70000000000005,-54.38242687469152,0.0,-63.605403537593716,0.0026770500119919776,-63.605403537593716,0.0026770500119919776,-65.0,0.0,-65.0,0.0
340.8,-54.33551474031806,0.0,-63.61106449947068,0.0026240408701303695,-63.61106449947068,0.0026240408701303695,-65.0,0.0,-65.0,0.0
340.90000000000003,-54.28883716661647,0.0,-63.616723136283525,0.002572081379604492,-63.616723136283525,0.002572081379604492,-65.0,0.0,-65.0,0.0
341.0,-54.242392980783386,0.0,-63.62237894522414,0.0025211507559253317,-63.62237894522414,0.0025211507559253317,-65.0,0.0,-65.0,0.0
341.1,-54.19618101587947,0.0,-63.62803143618494,0.0024712286261643333,-63.62803143618494,0.0024712286261643333,-65.0,0.0,-65.0,0.0
341.20000000000005,-54.15020011080007,0.0,-63.63368013149361,0.002422295020803955,-63.63368013149361,0.002422295020803955,-65.0,0.0,-65.0,0.0
341.3,-54.10444911024607,0.0,-63.63932456565327,0.002374330365749596,-63.63932456565327,0.002374330365749596,-65.0,0.0,-65.0,0.0
341.40000000000003,-54.05892686469484,0.0,-63.64496428508775,0.002327315474499697,-63.64496428508775,0.002327315474499697,-65.0,0.0,-65.0,0.0
341.5,-54.013632230371364,0.0,-63.65059884789208,0.0022812315404708845,-63.65059884789208,0.0022812315404708845,-65.0,0.0,-65.0,0.0
341.6,-53.96856406921951,0.0,-63.65622782358788,0.0022360601294750867,-63.65622782358788,0.0022360601294750867,-65.0,0.0,-65.0,0.0
341.70000000000005,-53.92372124887341,0.0,-63.66185079288376,0.0021917831723456114,-63.66185079288376,0.0021917831723456114,-65.0,0.0,-65.0,0.0
341.8,-53.87910264262904,0.0,-63.667467347440486,0.0021483829577092395,-63.667467347440486,0.0021483829577092395,-65.0,0.0,-65.0,0.0
341.90000000000003,-53.8347071294159,0.0,-63.673077089640834,0.0021058421249014396,-63.673077089640834,0.0021058421249014396,-65.0,0.0,-65.0,0.0
342.0,-53.790533593768814,0.0,-63.67867963236412,0.0020641436570218693,-63.67867963236412,0.0020641436570218693,-65.0,0.0,-65.0,0.0
342.1,-53.74658092579997,0.0,-63.684274598765235,0.0020232708741273905,-63.684274598765235,0.0020232708741273905,-65.0,0.0,-65.0,0.0
342.20000000000005,-53.702848021170965,0.0,-63.68986162205813,0.001983207426559867,-63.68986162205813,0.001983207426559867,-65.0,0.0,-65.0,0.0
342.3,-53.65933378106511,0.0,-63.69544034530364,0.001943937288406086,-63.69544034530364,0.001943937288406086,-65.0,0.0,-65.0,0.0
342.40000000000003,-53.61603711215978,0.0,-63.70101042120157,0.0019054447510871769,-63.70101042120157,0.0019054447510871769,-65.0,0.0,-65.0,0.0
342.5,-53.572956926598984,0.0,-63.70657151188703,0.0018677144170749713,-63.70657151188703,0.0018677144170749713,-65.0,0.0,-65.0,0.0
342.6,-53.53009214196599,0.0,-63.71212328873072,0.0018307311937327865,-63.71212328873072,0.0018307311937327865,-65.0,0.0,-65.0,0.0
342.70000000000005,-53.48744168125616,0.0,-63.71766543214343,0.0017944802872781696,-63.71766543214343,0.0017944802872781696,-65.0,0.0,-65.0,0.0
342.8,-53.445004472849874,0.0,-63.72319763138428,0.0017589471968651868,-63.72319763138428,0.0017589471968651868,-65.0,0.0,-65.0,0.0
342.90000000000003,-53.402779450485625,0.0,-63.72871958437297,0.001724117708783892,-63.72871958437297,0.001724117708783892,-65.0,0.0,-65.0,0.0
343.0,-53.36076555323319,0.0,-63.73423099750572,0.0016899778907746535,-63.73423099750572,0.0016899778907746535,-65.0,0.0,-65.0,0.0
343.1,-53.31896172546703,0.0,-63.73973158547496,0.001656514086455064,-63.73973158547496,0.001656514086455064,-65.0,0.0,-65.0,0.0
343.20000000000005,-53.27736691683969,0.0,-63.74522107109266,0.0016237129098572054,-63.74522107109266,0.0016237129098572054,-65.0,0.0,-65.0,0.0
343.3,-53.23598008225549,0.0,-63.750699185117156,0.0015915612400730838,-63.750699185117156,0.0015915612400730838,-65.0,0.0,-65.0,0.0
343.40000000000003,-53.19480018184421,0.0,-63.75616566608357,0.0015600462160060909,-63.75616566608357,0.0015600462160060909,-65.0,0.0,-65.0,0.0
343.5,-53.153826180934985,0.0,-63.76162026013753,0.001529155231226394,-63.76162026013753,0.001529155231226394,-65.0,0.0,-65.0,0.0
343.6,-53.11305705003031,0.0,-63.76706272087238,0.001498875928928196,-63.76706272087238,0.001498875928928196,-65.0,0.0,-65.0,0.0
343.70000000000005,-53.07249176478015,0.0,-63.77249280916953,0.0014691961969868481,-63.77249280916953,0.0014691961969868481,-65.0,0.0,-65.0,0.0
343.8,-53.03212930595625,0.0,-63.777910293042126,0.0014401041631138388,-63.777910293042126,0.0014401041631138388,-65.0,0.0,-65.0,0.0
343.90000000000003,-52.99196865942647,0.0,-63.78331494748186,0.0014115881901077198,-63.78331494748186,0.0014115881901077198,-65.0,0.0,-65.0,0.0
344.0,-52.952008816129336,0.0,-63.78870655430885,0.0013836368711990707,-63.78870655430885,0.0013836368711990707,-65.0,0.0,-65.0,0.0
344.1,-52.91224877204869,0.0,-63.794084902024565,0.0013562390254876389,-63.794084902024565,0.0013562390254876389,-65.0,0.0,-65.0,0.0
344.20000000000005,-52.87268752818845,0.0,-63.799449785667704,0.0013293836934698303,-63.799449785667704,0.0013293836934698303,-65.0,0.0,-65.0,0.0
344.3,-52.83332409054751,0.0,-63.80480100667304,0.001303060132654762,-63.80480100667304,0.001303060132654762,-65.0,0.0,-65.0,0.0
344.40000000000003,-52.79415747009477,0.0,-63.81013837273304,0.0012772578132671222,-63.81013837273304,0.0012772578132671222,-65.0,0.0,-65.0,0.0
344.5,-52.755186682744295,0.0,-63.81546169766236,0.0012519664140351206,-63.81546169766236,0.0012519664140351206,-65.0,0.0,-65.0,0.0
344.6,-52.71641074933057,0.0,-63.82077080126501,0.001227175818061841,-63.82077080126501,0.001227175818061841,-65.0,0.0,-65.0,0.0
344.70000000000005,-52.67782869558392,0.0,-63.8260655092043,0.0012028761087783486,-63.8260655092043,0.0012028761087783486,-65.0,0.0,-65.0,0.0
344.8,-52.639439552106,0.0,-63.831345652875285,0.0011790575659769295,-63.831345652875285,0.0011790575659769295,-65.0,0.0,-65.0,0.0
344.90000000000003,-52.601242354345466,0.0,-63.83661106927995,0.0011557106619228784,-63.83661106927995,0.0011557106619228784,-65.0,0.0,-65.0,0.0
345.0,-52.563236142573736,0.0,-63.84186160090478,0.0011328260575432774,-63.84186160090478,0.0011328260575432774,-65.0,0.0,-65.0,0.0
345.1,-52.52541996186087,0.0,-63.84709709560091,0.0011103945986912424,-63.84709709560091,0.0011103945986912424,-65.0,0.0,-65.0,0.0
345.20000000000005,-52.48779286205156,0.0,-63.85231740646666,0.0010884073124841427,-63.85231740646666,0.0010884073124841427,-65.0,0.0,-65.0,0.0
345.3,-52.45035389774131,0.0,-63.85752239173247,0.0010668554037143276,-63.85752239173247,0.0010668554037143276,-65.0,0.0,-65.0,0.0
345.40000000000003,-52.4131021282526,0.0,-63.862711914648145,0.0010457302513309267,-63.862711914648145,0.0010457302513309267,-65.0,0.0,-65.0,0.0
345.5,-52.37603661761134,0.0,-63.867885843372406,0.001025023404991314,-63.867885843372406,0.001025023404991314,-65.0,0.0,-65.0,0.0
345.6,-52.33915643452328,0.0,-63.873044050864706,0.001004726581680859,-63.873044050864706,0.001004726581680859,-65.0,0.0,-65.0,0.0
345.70000000000005,-52.30246065235067,0.0,-63.87818641477919,0.0009848316623996092,-63.87818641477919,0.0009848316623996092,-65.0,0.0,-65.0,0.0
345.8,-52.265948349088916,0.0,-63.88331281736083,0.0009653306889145832,-63.88331281736083,0.0009653306889145832,-65.0,0.0,-65.0,0.0
345.90000000000003,-52.22961860734347,0.0,-63.88842314534374,0.0009462158605763705,-63.88842314534374,0.0009462158605763705,-65.0,0.0,-65.0,0.0
346.0,-52.19347051430675,0.0,-63.89351728985142,0.0009274795311987681,-63.89351728985142,0.0009274795311987681,-65.0,0.0,-65.0,0.0
346.1,-52.15750316173522,0.0,-63.89859514629916,0.0009091142060002038,-63.89859514629916,0.0009091142060002038,-65.0,0.0,-65.0,0.0
346.20000000000005,-52.12171564592654,0.0,-63.903656614298356,0.0008911125386057239,-63.903656614298356,0.0008911125386057239,-65.0,0.0,-65.0,0.0
346.3,-52.08610706769691,0.0,-63.90870159756281,0.0008734673281083453,-63.90870159756281,0.0008734673281083453,-65.0,0.0,-65.0,0.0
346.40000000000003,-52.05067653235842,0.0,-63.9137300038169,0.0008561715161885964,-63.9137300038169,0.0008561715161885964,-65.0,0.0,-65.0,0.0
346.5,-52.01542314969663,0.0,-63.91874174470567,0.0008392181842910953,-63.91874174470567,0.0008392181842910953,-65.0,0.0,-65.0,0.0
346.6,-51.980346033948145,0.0,-63.92373673570671,0.0008226005508570356,-63.92373673570671,0.0008226005508570356,-65.0,0.0,-65.0,0.0
346.70000000000005,-51.9454443037784,0.0,-63.92871489604387,0.0008063119686114724,-63.92871489604387,0.0008063119686114724,-65.0,0.0,-65.0,0.0
346.8,-51.91071708225951,0.0,-63.9336761486027,0.0007903459219043233,-63.9336761486027,0.0007903459219043233,-65.0,0.0,-65.0,0.0
346.90000000000003,-51.876163496848214,0.0,-63.93862041984764,0.0007746960241040221,-63.93862041984764,0.0007746960241040221,-65.0,0.0,-65.0,0.0
347.0,-51.84178267936397,0.0,-63.94354763974088,0.0007593560150427806,-63.94354763974088,0.0007593560150427806,-65.0,0.0,-65.0,0.0
347.1,-51.807573765967156,0.0,-63.948457741662914,0.000744319758512438,-63.948457741662914,0.000744319758512438,-65.0,0.0,-65.0,0.0
347.20000000000005,-51.77353589713732,0.0,-63.95335066233469,0.0007295812398098962,-63.95335066233469,0.0007295812398098962,-65.0,0.0,-65.0,0.0
347.3,-51.739668217651634,0.0,-63.95822634174135,0.000715134563331158,-63.95822634174135,0.000715134563331158,-65.0,0.0,-65.0,0.0
347.40000000000003,-51.70596987656337,0.0,-63.96308472305754,0.0007009739502130067,-63.96308472305754,0.0007009739502130067,-65.0,0.0,-65.0,0.0
347.5,-51.672440027180556,0.0,-63.967925752574246,0.0006870937360213847,-63.967925752574246,0.0006870937360213847,-65.0,0.0,-65.0,0.0
347.6,-51.63907782704465,0.0,-63.97274937962713,0.0006734883684855433,-63.97274937962713,0.0006734883684855433,-65.0,0.0,-65.0,0.0
347.70000000000005,-51.60588243790943,0.0,-63.977555556526355,0.0006601524052770606,-63.977555556526355,0.0006601524052770606,-65.0,0.0,-65.0,0.0
347.8,-51.57285302571988,0.0,-63.982344238487805,0.0006470805118328382,-63.982344238487805,0.0006470805118328382,-65.0,0.0,-65.0,0.0
347.90000000000003,-51.53998876059128,0.0,-63.98711538356576,0.0006342674592212041,-63.98711538356576,0.0006342674592212041,-65.0,0.0,-65.0,0.0
348.0,-51.507288816788325,0.0,-63.991868952586906,0.0006217081220502708,-63.991868952586906,0.0006217081220502708,-65.0,0.0,-65.0,0.0
348.1,-51.47475237270438,0.0,-63.99660490908576,0.0006093974764177098,-63.99660490908576,0.0006093974764177098,-65.0,0.0,-65.0,0.0
348.20000000000005,-51.442378610840855,0.0,-64.00132321924139,0.0005973305979011238,-64.00132321924139,0.0005973305979011238,-65.0,0.0,-65.0,0.0
348.3,-51.41016671778665,0.0,-64.00602385181539,0.0005855026595882124,-64.00602385181539,0.0005855026595882124,-65.0,0.0,-65.0,0.0
348.40000000000003,-51.37811588419772,0.0,-64.01070677809123,0.0005739089301459425,-64.01070677809123,0.0005739089301459425,-65.0,0.0,-65.0,0.0
348.5,-51.34622530477673,0.0,-64.01537197181482,0.0005625447719279521,-64.01537197181482,0.0005625447719279521,-65.0,0.0,-65.0,0.0
348.6,-51.31449417825284,0.0,-64.02001940913618,0.0005514056391194298,-64.02001940913618,0.0005514056391194298,-65.0,0.0,-65.0,0.0
348.70000000000005,-51.28292170736158,0.0,-64.02464906855255,0.0005404870759187286,-64.02464906855255,0.0005404870759187286,-65.0,0.0,-65.0,0.0
348.8,-51.251507098824774,0.0,-64.0292609308524,0.0005297847147549853,-64.0292609308524,0.0005297847147549853,-65.0,0.0,-65.0,0.0
348.90000000000003,-51.22024956333065,0.0,-64.03385497906088,0.0005192942745410343,-64.03385497906088,0.0005192942745410343,-65.0,0.0,-65.0,0.0
349.0,-51.189148315514,0.0,-64.03843119838609,0.0005090115589609158,-64.03843119838609,0.0005090115589609158,-65.0,0.0,-65.0,0.0
349.1,-51.15820257393643,0.0,-64.04298957616676,0.000498932454791293,-64.04298957616676,0.000498932454791293,-65.0,0.0,-65.0,0.0
349.20000000000005,-51.127411561066744,0.0,-64.0475301018208,0.000489052930256108,-64.0475301018208,0.000489052930256108,-65.0,0.0,-65.0,0.0
349.3,-51.09677450326141,0.0,-64.05205276679499,0.0004793690334138181,-64.05205276679499,0.0004793690334138181,-65.0,0.0,-65.0,0.0
349.40000000000003,-51.0662906307451,0.0,-64.05655756451573,0.00046987689057656615,-64.05655756451573,0.00046987689057656615,-65.0,0.0,-65.0,0.0
349.5,-51.03595917759137,0.0,-64.06104449034076,0.00046057270476065356,-64.06104449034076,0.00046057270476065356,-65.0,0.0,-65.0,0.0
349.6,-51.00577938170341,0.0,-64.06551354151198,0.0004514527541676965,-64.06551354151198,0.0004514527541676965,-65.0,0.0,-65.0,0.0
349.70000000000005,-50.975750484794894,0.0,-64.06996471710907,0.0004425133906958568,-64.06996471710907,0.0004425133906958568,-65.0,0.0,-65.0,0.0
349.8,-50.94587173237092,0.0,-64.07439801800429,0.0004337510384805527,-64.07439801800429,0.0004337510384805527,-65.0,0.0,-65.0,0.0
349.90000000000003,-50.916142373709064,0.0,-64.07881344681803,0.0004251621924640651,-64.07881344681803,0.0004251621924640651,-65.0,0.0,-65.0,0.0
350.0,-50.88656166184052,0.0,-64.08321100787545,0.000416743416993468,-64.08321100787545,0.000416743416993468,-65.0,0.0,-65.0,0.0
350.1,-50.857128853531314,0.0,-64.08759070716384,0.0004084913444463212,-64.08759070716384,0.0004084913444463212,-65.0,0.0,-65.0,0.0
350.20000000000005,-50.827843209263655,0.0,-64.09195255229108,0.0004004026738835768,-64.09195255229108,0.0004004026738835768,-65.0,0.0,-65.0,0.0
350.3,-50.79870399321734,0.0,-64.09629655244476,0.0003924741697291594,-64.09629655244476,0.0003924741697291594,-65.0,0.0,-65.0,0.0
350.40000000000003,-50.76971047325125,0.0,-64.1006227183523,0.0003847026604756923,-64.1006227183523,0.0003847026604756923,-65.0,0.0,-65.0,0.0
350.5,-50.740861920884996,0.0,-64.10493106224183,0.00037708503741585274,-64.10493106224183,0.00037708503741585274,-65.0,0.0,-65.0,0.0
350.6,-50.712157611280574,0.0,-64.10922159780392,0.00036961825339884704,-64.10922159780392,0.00036961825339884704,-65.0,0.0,-65.0,0.0
350.70000000000005,-50.68359682322417,0.0,-64.1134943401541,0.00036229932161150995,-64.1134943401541,0.00036229932161150995,-65.0,0.0,-65.0,0.0
350.8,-50.65517883910805,0.0,-64.11774930579614,0.0003551253143835395,-64.11774930579614,0.0003551253143835395,-65.0,0.0,-65.0,0.0
350.90000000000003,-50.626902944912516,0.0,-64.12198651258615,0.0003480933620163898,-64.12198651258615,0.0003480933620163898,-65.0,0.0,-65.0,0.0
351.0,-50.59876843018795,0.0,-64.1262059796974,0.00034120065163535337,-64.1262059796974,0.00034120065163535337,-65.0,0.0,-65.0,0.0
351.1,-50.57077458803701,0.0,-64.13040772758589,0.00033444442606437376,-64.13040772758589,0.00033444442606437376,-65.0,0.0,-65.0,0.0
351.20000000000005,-50.54292071509683,0.0,-64.1345917779566,0.0003278219827231384,-64.1345917779566,0.0003278219827231384,-65.0,0.0,-65.0,0.0
351.3,-50.515206111521344,0.0,-64.13875815373055,0.0003213306725460103,-64.13875815373055,0.0003213306725460103,-65.0,0.0,-65.0,0.0
351.40000000000003,-50.48763008096374,0.0,-64.14290687901243,0.0003149678989223667,-64.14290687901243,0.0003149678989223667,-65.0,0.0,-65.0,0.0
351.5,-50.46019193055892,0.0,-64.14703797905904,0.00030873111665792,-64.14703797905904,0.00030873111665792,-65.0,0.0,-65.0,0.0
351.6,-50.43289097090613,0.0,-64.15115148024826,0.0003026178309566063,-64.15115148024826,0.0003026178309566063,-65.0,0.0,-65.0,0.0
351.70000000000005,-50.4057265160516,0.0,-64.1552474100488,0.0002966255964226334,-64.1552474100488,0.0002966255964226334,-65.0,0.0,-65.0,0.0
351.8,-50.37869788347135,0.0,-64.15932579699052,0.00029075201608229025,-64.15932579699052,0.00029075201608229025,-65.0,0.0,-65.0,0.0
351.90000000000003,-50.35180439405399,0.0,-64.16338667063535,0.0002849947404251253,-64.16338667063535,0.0002849947404251253,-65.0,0.0,-65.0,0.0
352.0,-50.32504537208372,0.0,-64.16743006154894,0.0002793514664641109,-64.16743006154894,0.0002793514664641109,-65.0,0.0,-65.0,0.0
352.1,-50.298420145223304,0.0,-64.17145600127279,0.000273819936814418,-64.17145600127279,0.000273819936814418,-65.0,0.0,-65.0,0.0
352.20000000000005,-50.27192804449719,0.0,-64.17546452229703,0.0002683979387904321,-64.17546452229703,0.0002683979387904321,-65.0,0.0,-65.0,0.0
352.3,-50.2455684042747,0.0,-64.17945565803379,0.0002630833035206492,-64.17945565803379,0.0002630833035206492,-65.0,0.0,-65.0,0.0
352.40000000000003,-50.21934056225333,0.0,-64.18342944279108,0.00025787390508009875,-64.18342944279108,0.00025787390508009875,-65.0,0.0,-65.0,0.0
352.5,-50.19324385944206,0.0,-64.1873859117473,0.0002527676596399449,-64.1873859117473,0.0002527676596399449,-65.0,0.0,-65.0,0.0
352.6,-50.16727764014485,0.0,-64.19132510092625,0.00024776252463392745,-64.19132510092625,0.00024776252463392745,-65.0,0.0,-65.0,0.0
352.70000000000005,-50.14144125194413,0.0,-64.19524704717264,0.00024285649794130796,-64.19524704717264,0.00024285649794130796,-65.0,0.0,-65.0,0.0
352.8,-50.11573404568441,0.0,-64.19915178812823,0.0002380476170859948,-64.19915178812823,0.0002380476170859948,-65.0,0.0,-65.0,0.0
352.90000000000003,-50.09015537545599,0.0,-64.20303936220837,0.00023333395845152657,-64.20303936220837,0.00023333395845152657,-65.0,0.0,-65.0,0.0
353.0,-50.064704598578714,0.0,-64.20690980857907,0.0002287136365115999,-64.20690980857907,0.0002287136365115999,-65.0,0.0,-65.0,0.0
353.1,-50.03938107558582,0.0,-64.21076316713463,0.0002241848030758337,-64.21076316713463,0.0002241848030758337,-65.0,0.0,-65.0,0.0
353.20000000000005,-50.01418417020789,0.0,-64.21459947847568,0.00021974564655046836,-64.21459947847568,0.00021974564655046836,-65.0,0.0,-65.0,0.0
353.3,-65.0,0.0,-64.1784187838877,0.08021539439121371,-64.1784187838877,0.08021539439121371,-65.0,0.0,-65.0,0.0
353.40000000000003,-65.0,0.0,-64.14321317838773,0.07862702316104582,-64.14321317838773,0.07862702316104582,-65.0,0.0,-65.0,0.0
353.5,-65.0,0.0,-64.10896206060153,0.07707010378851663,-64.10896206060153,0.07707010378851663,-65.0,0.0,-65.0,0.0
353.6,-65.0,0.0,-64.07564524355595,0.07554401348511793,-64.07564524355595,0.07554401348511793,-65.0,0.0,-65.0,0.0
353.70000000000005,-65.0,0.0,-64.04324294644098,0.07404814179438021,-64.04324294644098,0.07404814179438021,-65.0,0.0,-65.0,0.0
353.8,-65.0,0.0,-64.01173578653494,0.07258189034768198,-64.01173578653494,0.07258189034768198,-65.0,0.0,-65.0,0.0
353.90000000000003,-65.0,0.0,-63.98110477128982,0.07114467262489425,-63.98110477128982,0.07114467262489425,-65.0,0.0,-65.0,0.0
354.0,-65.0,0.0,-63.95133129057349,0.06973591371976477,-63.95133129057349,0.06973591371976477,-65.0,0.0,-65.0,0.0
354.1,-65.0,0.0,-63.92239710906565,0.06835505010994779,-63.92239710906565,0.06835505010994779,-65.0,0.0,-65.0,0.0
354.20000000000005,-65.0,0.0,-63.894284358804526,0.06700152943158759,-63.894284358804526,0.06700152943158759,-65.0,0.0,-65.0,0.0
354.3,-65.0,0.0,-63.86697553188132,0.06567481025836568,-63.86697553188132,0.06567481025836568,-65.0,0.0,-65.0,0.0
354.40000000000003,-65.0,0.0,-63.84045347327945,0.06437436188492292,-63.84045347327945,0.06437436188492292,-65.0,0.0,-65.0,0.0
354.5,-65.0,0.0,-63.81470137385577,0.0630996641145704,-63.81470137385577,0.0630996641145704,-65.0,0.0,-65.0,0.0
354.6,-65.0,0.0,-63.78970276346089,0.061850207051203775,-63.78970276346089,0.061850207051203775,-65.0,0.0,-65.0,0.0
354.70000000000005,-65.0,0.0,-63.76544150419591,0.06062549089533806,-63.76544150419591,0.06062549089533806,-65.0,0.0,-65.0,0.0
354.8,-65.0,0.0,-63.741901783802845,0.05942502574418113,-63.741901783802845,0.05942502574418113,-65.0,0.0,-65.0,0.0
354.90000000000003,-65.0,0.0,-63.719068109186,0.058248331395666125,-63.719068109186,0.058248331395666125,-65.0,0.0,-65.0,0.0
355.0,-65.0,0.0,-63.696925300061885,0.057094937156364156,-63.696925300061885,0.057094937156364156,-65.0,0.0,-65.0,0.0
355.1,-65.0,0.0,-63.675458482734975,0.05596438165320071,-63.675458482734975,0.05596438165320071,-65.0,0.0,-65.0,0.0
355.20000000000005,-65.0,0.0,-63.65465308399685,0.05485621264890025,-63.65465308399685,0.05485621264890025,-65.0,0.0,-65.0,0.0
355.3,-64.9,0.0,-63.63449482514632,0.05376998686108527,-63.63449482514632,0.05376998686108527,-65.0,0.0,-65.0,0.0
355.40000000000003,-64.8005,0.0,-63.61496971612811,0.052705269784957445,-63.61496971612811,0.052705269784957445,-65.0,0.0,-65.0,0.0
355.5,-64.7014975,0.0,-63.59606404978772,0.0516616355194899,-63.59606404978772,0.0516616355194899,-65.0,0.0,-65.0,0.0
355.6,-64.6029900125,0.0,-63.577764396240255,0.05063866659706114,-63.577764396240255,0.05063866659706114,-65.0,0.0,-65.0,0.0
355.70000000000005,-64.5049750624375,0.0,-63.56005759735082,0.049635953816462436,-63.56005759735082,0.049635953816462436,-65.0,0.0,-65.0,0.0
355.8,-64.4074501871253,0.0,-63.54293076132446,0.04865309607921185,-63.54293076132446,0.04865309607921185,-65.0,0.0,-65.0,0.0
355.90000000000003,-64.31041293618968,0.0,-63.526371257403284,0.04768970022910955,-63.526371257403284,0.04768970022910955,-65.0,0.0,-65.0,0.0
356.0,-64.21386087150873,0.0,-63.510366710668784,0.046745380894970046,-63.510366710668784,0.046745380894970046,-65.0,0.0,-65.0,0.0
356.1,-64.11779156715119,0.0,-63.494904996947206,0.04581976033646858,-63.494904996947206,0.04581976033646858,-65.0,0.0,-65.0,0.0
356.20000000000005,-64.02220260931543,0.0,-63.47997423781595,0.04491246829303999,-63.47997423781595,0.04491246829303999,-65.0,0.0,-65.0,0.0
356.3,-63.92709159626885,0.0,-63.46556279570899,0.04402314183576951,-63.46556279570899,0.04402314183576951,-65.0,0.0,-65.0,0.0
356.40000000000003,-63.832456138287505,0.0,-63.45165926911934,0.04315142522221639,-63.45165926911934,0.04315142522221639,-65.0,0.0,-65.0,0.0
356.5,-63.73829385759607,0.0,-63.43825248789668,0.042296969754112165,-63.43825248789668,0.042296969754112165,-65.0,0.0,-65.0,0.0
356.6,-63.64460238830809,0.0,-63.42533150863826,0.0414594336378767,-63.42533150863826,0.0414594336378767,-65.0,0.0,-65.0,0.0
356.70000000000005,-63.55137937636655,0.0,-63.41288561017112,0.0406384818478962,-63.41288561017112,0.0406384818478962,-65.0,0.0,-65.0,0.0
356.8,-63.45862247948472,0.0,-63.40090428912401,0.03983378599250851,-63.40090428912401,0.03983378599250851,-65.0,0.0,-65.0,0.0
356.90000000000003,-63.366329367087296,0.0,-63.389377255587064,0.03904502418264205,-63.389377255587064,0.03904502418264205,-65.0,0.0,-65.0,0.0
357.0,-63.27449772025186,0.0,-63.3782944288576,0.038271880903055916,-63.3782944288576,0.038271880903055916,-65.0,0.0,-65.0,0.0
357.1,-63.1831252316506,0.0,-63.367645933270246,0.037514046886129554,-63.367645933270246,0.037514046886129554,-65.0,0.0,-65.0,0.0
357.20000000000005,-63.09220960549235,0.0,-63.35742209410982,0.036771218988151604,-63.35742209410982,0.036771218988151604,-65.0,0.0,-65.0,0.0
357.3,-63.001748557464886,0.0,-63.34761343360525,0.036043100068058366,-63.34761343360525,0.036043100068058366,-65.0,0.0,-65.0,0.0
357.40000000000003,-62.91173981467756,0.0,-63.33821066700293,0.03532939886857343,-63.33821066700293,0.03532939886857343,-65.0,0.0,-65.0,0.0
357.5,-62.822181115604174,0.0,-63.329204698718065,0.034629829899700856,-63.329204698718065,0.034629829899700856,-65.0,0.0,-65.0,0.0
357.6,-62.733070210026156,0.0,-63.32058661856221,0.033944113324525384,-63.32058661856221,0.033944113324525384,-65.0,0.0,-65.0,0.0
357.70000000000005,-62.644404858976024,0.0,-63.31234769804576,0.033271974847273934,-63.31234769804576,0.033271974847273934,-65.0,0.0,-65.0,0.0
357.8,-62.556182834681145,0.0,-63.304479386753734,0.03261314560359364,-63.304479386753734,0.03261314560359364,-65.0,0.0,-65.0,0.0
357.90000000000003,-62.46840192050774,0.0,-63.29697330879346,0.031967362053002525,-63.29697330879346,0.031967362053002525,-65.0,0.0,-65.0,0.0
358.0,-62.3810599109052,0.0,-63.28982125931276,0.031334365873469786,-63.28982125931276,0.031334365873469786,-65.0,0.0,-65.0,0.0
358.1,-62.29415461135068,0.0,-63.28301520108715,0.03071390385808355,-63.28301520108715,0.03071390385808355,-65.0,0.0,-65.0,0.0
358.20000000000005,-62.207683838293924,0.0,-63.276547261174834,0.030105727813764728,-63.276547261174834,0.030105727813764728,-65.0,0.0,-65.0,0.0
358.3,-62.12164541910246,0.0,-63.27040972763797,0.029509594461986467,-63.27040972763797,0.029509594461986467,-65.0,0.0,-65.0,0.0
358.40000000000003,-62.036037192006944,0.0,-63.26459504632905,0.028925265341459505,-63.26459504632905,0.028925265341459505,-65.0,0.0,-65.0,0.0
358.5,-61.95085700604691,0.0,-63.259095817741034,0.028352506712744478,-63.259095817741034,0.028352506712744478,-65.0,0.0,-65.0,0.0
358.6,-61.866102721016674,0.0,-63.25390479391995,0.02779108946475301,-63.25390479391995,0.02779108946475301,-65.0,0.0,-65.0,0.0
358.70000000000005,-61.78177220741159,0.0,-63.2490148754388,0.027240789023100242,-63.2490148754388,0.027240789023100242,-65.0,0.0,-65.0,0.0
358.8,-61.69786334637453,0.0,-63.24441910843147,0.02670138526027208,-63.24441910843147,0.02670138526027208,-65.0,0.0,-65.0,0.0
358.90000000000003,-61.61437402964266,0.0,-63.24011068168553,0.026172662407571243,-63.24011068168553,0.026172662407571243,-65.0,0.0,-65.0,0.0
359.0,-61.53130215949445,0.0,-63.2360829237927,0.02565440896880692,-63.2360829237927,0.02565440896880692,-65.0,0.0,-65.0,0.0
359.1,-61.44864564869698,0.0,-63.23232930035589,0.025146417635693467,-63.23232930035589,0.025146417635693467,-65.0,0.0,-65.0,0.0
359.20000000000005,-61.3664024204535,0.0,-63.22884341125165,0.02464848520492433,-63.22884341125165,0.02464848520492433,-65.0,0.0,-65.0,0.0
359.3,-61.28457040835123,0.0,-63.22561898794695,0.024160412496888013,-63.22561898794695,0.024160412496888013,-65.0,0.0,-65.0,0.0
359.40000000000003,-61.203147556309474,0.0,-63.22264989086922,0.023682004275993578,-63.22264989086922,0.023682004275993578,-65.0,0.0,-65.0,0.0
359.5,-61.122131818527926,0.0,-63.219930106828585,0.02321306917257381,-63.219930106828585,0.02321306917257381,-65.0,0.0,-65.0,0.0
359.6,-61.041521159435284,0.0,-63.21745374649127,0.022753419606334785,-63.21745374649127,0.022753419606334785,-65.0,0.0,-65.0,0.0
359.70000000000005,-60.96131355363811,0.0,-63.21521504190316,0.02230287171132127,-63.21521504190316,0.02230287171132127,-65.0,0.0,-65.0,0.0
359.8,-60.88150698586992,0.0,-63.21320834406246,0.021861245262367872,-63.21320834406246,0.021861245262367872,-65.0,0.0,-65.0,0.0
359.90000000000003,-60.80209945094057,0.0,-63.211428120540646,0.021428363603006578,-63.211428120540646,0.021428363603006578,-65.0,0.0,-65.0,0.0
360.0,-60.72308895368587,0.0,-63.20986895315054,0.02100405357480181,-63.20986895315054,0.02100405357480181,-65.0,0.0,-65.0,0.0
360.1,-60.644473508917436,0.0,-63.20852553566075,0.02058814544808474,-63.20852553566075,0.02058814544808474,-65.0,0.0,-65.0,0.0
360.20000000000005,-60.566251141372845,0.0,-63.20739267155541,0.020180472854059175,-63.20739267155541,0.020180472854059175,-65.0,0.0,-65.0,0.0
360.3,-60.488419885665984,0.0,-63.20646527183851,0.019780872718251793,-63.20646527183851,0.019780872718251793,-65.0,0.0,-65.0,0.0
360.40000000000003,-60.41097778623765,0.0,-63.205738352881674,0.019389185195280198,-63.205738352881674,0.019389185195280198,-65.0,0.0,-65.0,0.0
360.5,-60.333922897306465,0.0,-63.20520703431481,0.01900525360491263,-63.20520703431481,0.01900525360491263,-65.0,0.0,-65.0,0.0
360.6,-60.25725328281993,0.0,-63.20486653695854,0.018628924369393788,-63.20486653695854,0.018628924369393788,-65.0,0.0,-65.0,0.0
360.70000000000005,-60.18096701640583,0.0,-63.20471218079774,0.018260046952011673,-63.20471218079774,0.018260046952011673,-65.0,0.0,-65.0,0.0
360.8,-60.1050621813238,0.0,-63.204739382995314,0.017898473796880903,-63.204739382995314,0.017898473796880903,-65.0,0.0,-65.0,0.0
360.90000000000003,-60.02953687041718,0.0,-63.20494365594538,0.017544060269918383,-63.20494365594538,0.017544060269918383,-65.0,0.0,-65.0,0.0
361.0,-59.95438918606509,0.0,-63.20532060536516,0.017196664600987753,-63.20532060536516,0.017196664600987753,-65.0,0.0,-65.0,0.0
361.1,-59.87961724013477,0.0,-63.205865928424736,0.016856147827189437,-63.205865928424736,0.016856147827189437,-65.0,0.0,-65.0,0.0
361.20000000000005,-59.8052191539341,0.0,-63.206575411913974,0.01652237373727363,-63.206575411913974,0.01652237373727363,-65.0,0.0,-65.0,0.0
361.3,-59.73119305816443,0.0,-63.207444930445824,0.01619520881715399,-63.207444930445824,0.01619520881715399,-65.0,0.0,-65.0,0.0
361.40000000000003,-59.6575370928736,0.0,-63.208470444695344,0.015874522196500207,-63.208470444695344,0.015874522196500207,-65.0,0.0,-65.0,0.0
361.5,-59.58424940740924,0.0,-63.20964799967367,0.015560185596388141,-63.20964799967367,0.015560185596388141,-65.0,0.0,-65.0,0.0
361.6,-59.511328160372194,0.0,-63.21097372303631,0.015252073277986538,-63.21097372303631,0.015252073277986538,-65.0,0.0,-65.0,0.0
361.70000000000005,-59.43877151957033,0.0,-63.212443823425,0.014950061992259818,-63.212443823425,0.014950061992259818,-65.0,0.0,-65.0,0.0
361.8,-59.36657766197248,0.0,-63.21405458884254,0.01465403093066682,-63.21405458884254,0.01465403093066682,-65.0,0.0,-65.0,0.0
361.90000000000003,-59.294744773662615,0.0,-63.21580238505991,0.014363861676835774,-63.21580238505991,0.014363861676835774,-65.0,0.0,-65.0,0.0
362.0,-59.2232710497943,0.0,-63.21768365405501,0.01407943815919617,-63.21768365405501,0.01407943815919617,-65.0,0.0,-65.0,0.0
362.1,-59.15215469454533,0.0,-63.21969491248246,0.01380064660454859,-63.21969491248246,0.01380064660454859,-65.0,0.0,-65.0,0.0
362.20000000000005,-59.0813939210726,0.0,-63.22183275017377,0.013527375492553905,-63.22183275017377,0.013527375492553905,-65.0,0.0,-65.0,0.0
362.3,-59.01098695146724,0.0,-63.224093828667336,0.013259515511123653,-63.224093828667336,0.013259515511123653,-65.0,0.0,-65.0,0.0
362.40000000000003,-58.9409320167099,0.0,-63.22647487976765,0.012996959512693747,-63.22647487976765,0.012996959512693747,-65.0,0.0,-65.0,0.0
362.5,-58.87122735662635,0.0,-63.22897270413313,0.012739602471364023,-63.22897270413313,0.012739602471364023,-65.0,0.0,-65.0,0.0
362.6,-58.801871219843214,0.0,-63.23158416989202,0.012487341440886476,-63.23158416989202,0.012487341440886476,-65.0,0.0,-65.0,0.0
362.70000000000005,-58.732861863744,0.0,-63.23430621128581,0.01224007551348539,-63.23430621128581,0.01224007551348539,-65.0,0.0,-65.0,0.0
362.8,-58.66419755442528,0.0,-63.237135827339635,0.011997705779492879,-63.237135827339635,0.011997705779492879,-65.0,0.0,-65.0,0.0
362.90000000000003,-58.59587656665315,0.0,-63.24007008055904,0.01176013528778371,-63.24007008055904,0.01176013528778371,-65.0,0.0,-65.0,0.0
363.0,-58.52789718381989,0.0,-63.24310609565275,0.011527269006993548,-63.24310609565275,0.011527269006993548,-65.0,0.0,-65.0,0.0
363.1,-58.460257697900786,0.0,-63.24624105828073,0.011299013787505153,-63.24624105828073,0.011299013787505153,-65.0,0.0,-65.0,0.0
363.20000000000005,-58.39295640941128,0.0,-63.24947221382723,0.011075278324187287,-63.24947221382723,0.011075278324187287,-65.0,0.0,-65.0,0.0
363.3,-58.325991627364225,0.0,-63.25279686619816,0.010855973119871442,-63.25279686619816,0.010855973119871442,-65.0,0.0,-65.0,0.0
363.40000000000003,-58.2593616692274,0.0,-63.256212376642395,0.010641010449551784,-63.256212376642395,0.010641010449551784,-65.0,0.0,-65.0,0.0
363.5,-58.193064860881265,0.0,-63.25971616259653,0.010430304325293979,-63.25971616259653,0.010430304325293979,-65.0,0.0,-65.0,0.0
363.6,-58.12709953657686,0.0,-63.26330569655263,0.01022377046183887,-63.26330569655263,0.01022377046183887,-65.0,0.0,-65.0,0.0
363.70000000000005,-58.06146403889397,0.0,-63.26697850494842,0.010021326242887253,-63.26697850494842,0.010021326242887253,-65.0,0.0,-65.0,0.0
363.8,-57.9961567186995,0.0,-63.27073216707965,0.009822890688052255,-63.27073216707965,0.009822890688052255,-65.0,0.0,-65.0,0.0
363.90000000000003,-57.931175935106005,0.0,-63.274564314034016,0.0096283844204661,-63.274564314034016,0.0096283844204661,-65.0,0.0,-65.0,0.0
364.0,-57.86652005543048,0.0,-63.27847262764633,0.009437729635028303,-63.27847262764633,0.009437729635028303,-65.0,0.0,-65.0,0.0
364.1,-57.80218745515332,0.0,-63.282454839474454,0.00925085006728259,-63.282454839474454,0.00925085006728259,-65.0,0.0,-65.0,0.0
364.20000000000005,-57.738176517877555,0.0,-63.28650872979563,0.009067670962910102,-63.28650872979563,0.009067670962910102,-65.0,0.0,-65.0,0.0
364.3,-57.674485635288164,0.0,-63.29063212662274,0.00888811904782667,-63.29063212662274,0.00888811904782667,-65.0,0.0,-65.0,0.0
364.40000000000003,-57.61111320711172,0.0,-63.29482290474019,0.008712122498872201,-63.29482290474019,0.008712122498872201,-65.0,0.0,-65.0,0.0
364.5,-57.54805764107616,0.0,-63.29907898475894,0.008539610915080466,-63.29907898475894,0.008539610915080466,-65.0,0.0,-65.0,0.0
364.6,-57.48531735287078,0.0,-63.30339833219039,0.008370515289517759,-63.30339833219039,0.008370515289517759,-65.0,0.0,-65.0,0.0
364.70000000000005,-57.42289076610643,0.0,-63.3077789565386,0.008204767981679217,-63.3077789565386,0.008204767981679217,-65.0,0.0,-65.0,0.0
364.8,-57.360776312275895,0.0,-63.31221891041069,0.008042302690431713,-63.31221891041069,0.008042302690431713,-65.0,0.0,-65.0,0.0
364.90000000000003,-57.298972430714514,0.0,-63.31671628864489,0.007883054427492514,-63.31671628864489,0.007883054427492514,-65.0,0.0,-65.0,0.0
365.0,-57.23747756856094,0.0,-63.32126922745595,0.007726959491433105,-63.32126922745595,0.007726959491433105,-65.0,0.0,-65.0,0.0
365.1,-57.176290180718134,0.0,-63.32587590359757,0.00757395544219777,-63.32587590359757,0.00757395544219777,-65.0,0.0,-65.0,0.0
365.20000000000005,-57.11540872981454,0.0,-63.33053453354152,0.007423981076126733,-63.33053453354152,0.007423981076126733,-65.0,0.0,-65.0,0.0
365.3,-57.054831686165464,0.0,-63.33524337267307,0.007276976401473881,-63.33524337267307,0.007276976401473881,-65.0,0.0,-65.0,0.0
365.40000000000003,-56.994557527734635,0.0,-63.3400007145025,0.007132882614409264,-63.3400007145025,0.007132882614409264,-65.0,0.0,-65.0,0.0
365.5,-56.934584740095964,0.0,-63.34480488989224,0.006991642075496781,-63.34480488989224,0.006991642075496781,-65.0,0.0,-65.0,0.0
365.6,-56.87491181639548,0.0,-63.34965426629946,0.006853198286637633,-63.34965426629946,0.006853198286637633,-65.0,0.0,-65.0,0.0
365.70000000000005,-56.8155372573135,0.0,-63.35454724703373,0.006717495868470336,-63.35454724703373,0.006717495868470336,-65.0,0.0,-65.0,0.0
365.8,-56.75645957102693,0.0,-63.35948227052945,0.006584480538218233,-63.35948227052945,0.006584480538218233,-65.0,0.0,-65.0,0.0
365.90000000000003,-56.6976772731718,0.0,-63.36445780963281,0.006454099087975662,-63.36445780963281,0.006454099087975662,-65.0,0.0,-65.0,0.0
366.0,-56.63918888680594,0.0,-63.36947237090293,0.006326299363424083,-63.36947237090293,0.006326299363424083,-65.0,0.0,-65.0,0.0
366.1,-56.58099294237191,0.0,-63.374524493926934,0.006201030242969656,-63.374524493926934,0.006201030242969656,-65.0,0.0,-65.0,0.0
366.20000000000005,-56.52308797766005,0.0,-63.379612750648654,0.006078241617293923,-63.379612750648654,0.006078241617293923,-65.0,0.0,-65.0,0.0
366.3,-56.465472537771745,0.0,-63.38473574471075,0.00595788436930941,-63.38473574471075,0.00595788436930941,-65.0,0.0,-65.0,0.0
366.40000000000003,-56.408145175082886,0.0,-63.389892110809946,0.005839910354512139,-63.389892110809946,0.005839910354512139,-65.0,0.0,-65.0,0.0
366.5,-56.35110444920747,0.0,-63.395080514065036,0.005724272381723181,-63.395080514065036,0.005724272381723181,-65.0,0.0,-65.0,0.0
366.6,-56.29434892696143,0.0,-63.4002996493976,0.0056109241942115615,-63.4002996493976,0.0056109241942115615,-65.0,0.0,-65.0,0.0
366.70000000000005,-56.23787718232663,0.0,-63.40554824092502,0.005499820451190947,-63.40554824092502,0.005499820451190947,-65.0,0.0,-65.0,0.0
366.8,-56.18168779641499,0.0,-63.410825041365555,0.005390916709682727,-63.410825041365555,0.005390916709682727,-65.0,0.0,-65.0,0.0
366.90000000000003,-56.12577935743292,0.0,-63.41612883145536,0.0052841694067382265,-63.41612883145536,0.0052841694067382265,-65.0,0.0,-65.0,0.0
367.0,-56.070150460645756,0.0,-63.421458419377075,0.005179535842012953,-63.421458419377075,0.005179535842012953,-65.0,0.0,-65.0,0.0
367.1,-56.01479970834253,0.0,-63.42681264019985,0.0050769741606858845,-63.42681264019985,0.0050769741606858845,-65.0,0.0,-65.0,0.0
367.20000000000005,-55.959725709800814,0.0,-63.43219035533049,0.004976443336716981,-63.43219035533049,0.004976443336716981,-65.0,0.0,-65.0,0.0
367.3,-55.90492708125181,0.0,-63.43759045197562,0.004877903156436227,-63.43759045197562,0.004877903156436227,-65.0,0.0,-65.0,0.0
367.40000000000003,-55.85040244584555,0.0,-63.44301184261452,0.004781314202457624,-63.44301184261452,0.004781314202457624,-65.0,0.0,-65.0,0.0
367.5,-55.796150433616326,0.0,-63.44845346448249,0.004686637837911709,-63.44845346448249,0.004686637837911709,-65.0,0.0,-65.0,0.0
367.6,-55.742169681448246,0.0,-63.453914279064584,0.004593836190990297,-63.453914279064584,0.004593836190990297,-65.0,0.0,-65.0,0.0
367.70000000000005,-55.688458833041004,0.0,-63.45939327159936,0.004502872139797247,-63.45939327159936,0.004502872139797247,-65.0,0.0,-65.0,0.0
367.8,-55.635016538875796,0.0,-63.464889450592615,0.004413709297499212,-63.464889450592615,0.004413709297499212,-65.0,0.0,-65.0,0.0
367.90000000000003,-55.581841456181415,0.0,-63.47040184734077,0.004326311997770419,-63.47040184734077,0.004326311997770419,-65.0,0.0,-65.0,0.0
368.0,-55.52893224890051,0.0,-63.475929515463804,0.004240645280525662,-63.475929515463804,0.004240645280525662,-65.0,0.0,-65.0,0.0
368.1,-55.47628758765601,0.0,-63.481471530447514,0.004156674877935807,-63.481471530447514,0.004156674877935807,-65.0,0.0,-65.0,0.0
368.20000000000005,-55.42390614971773,0.0,-63.487026989194916,0.004074367200720197,-63.487026989194916,0.004074367200720197,-65.0,0.0,-65.0,0.0
368.3,-55.37178661896914,0.0,-63.49259500958659,0.003993689324710495,-63.49259500958659,0.003993689324710495,-65.0,0.0,-65.0,0.0
368.40000000000003,-55.31992768587429,0.0,-63.49817473004981,0.003914608977680579,-63.49817473004981,0.003914608977680579,-65.0,0.0,-65.0,0.0
368.5,-55.26832804744492,0.0,-63.50376530913634,0.003837094526437217,-63.50376530913634,0.003837094526437217,-65.0,0.0,-65.0,0.0
368.6,-55.21698640720769,0.0,-63.509365925108575,0.0037611149641663725,-63.509365925108575,0.0037611149641663725,-65.0,0.0,-65.0,0.0
368.70000000000005,-55.16590147517165,0.0,-63.51497577553402,0.0036866398980300624,-63.51497577553402,0.0036866398980300624,-65.0,0.0,-65.0,0.0
368.8,-55.11507196779579,0.0,-63.520594076887846,0.0036136395370088186,-63.520594076887846,0.0036136395370088186,-65.0,0.0,-65.0,0.0
368.90000000000003,-55.06449660795681,0.0,-63.52622006416342,0.0035420846799848814,-63.52622006416342,0.0035420846799848814,-65.0,0.0,-65.0,0.0
369.0,-55.01417412491703,0.0,-63.53185299049057,0.0034719467040613635,-63.53185299049057,0.0034719467040613635,-65.0,0.0,-65.0,0.0
369.1,-54.96410325429244,0.0,-63.53749212676156,0.0034031975531127103,-63.53749212676156,0.0034031975531127103,-65.0,0.0,-65.0,0.0
369.20000000000005,-54.91428273802098,0.0,-63.54313676126448,0.0033358097265618744,-63.54313676126448,0.0033358097265618744,-65.0,0.0,-65.0,0.0
369.3,-54.86471132433088,0.0,-63.54878619932396,0.0032697562683797195,-63.54878619932396,0.0032697562683797195,-65.0,0.0,-65.0,0.0
369.40000000000003,-54.815387767709225,0.0,-63.554439762949194,0.0032050107563022477,-63.554439762949194,0.0032050107563022477,-65.0,0.0,-65.0,0.0
369.5,-54.76631082887068,0.0,-63.56009679048882,0.0031415472912613433,-63.56009679048882,0.0031415472912613433,-65.0,0.0,-65.0,0.0
369.6,-54.71747927472632,0.0,-63.56575663629287,0.0030793404870247993,-63.56575663629287,0.0030793404870247993,-65.0,0.0,-65.0,0.0
369.70000000000005,-54.66889187835269,0.0,-63.571418670381384,0.0030183654600414857,-63.571418670381384,0.0030183654600414857,-65.0,0.0,-65.0,0.0
369.8,-54.620547418960925,0.0,-63.57708227811973,0.0029585978194875983,-63.57708227811973,0.0029585978194875983,-65.0,0.0,-65.0,0.0
369.90000000000003,-54.57244468186612,0.0,-63.58274685990038,0.002900013657510003,-63.58274685990038,0.002900013657510003,-65.0,0.0,-65.0,0.0
370.0,-54.52458245845679,0.0,-63.58841183083105,0.002842589539662776,-63.58841183083105,0.002842589539662776,-65.0,0.0,-65.0,0.0
370.1,-54.47695954616451,0.0,-63.59407662042913,0.002786302495533113,-63.59407662042913,0.002786302495533113,-65.0,0.0,-65.0,0.0
370.20000000000005,-54.42957474843369,0.0,-63.599740672322206,0.0027311300095528585,-63.599740672322206,0.0027311300095528585,-65.0,0.0,-65.0,0.0
370.3,-54.38242687469152,0.0,-63.6054034439546,0.0026770500119919776,-63.6054034439546,0.0026770500119919776,-65.0,0.0,-65.0,0.0
370.40000000000003,-54.33551474031806,0.0,-63.61106440629976,0.0026240408701303695,-63.61106440629976,0.0026240408701303695,-65.0,0.0,-65.0,0.0
370.5,-54.28883716661647,0.0,-63.61672304357846,0.002572081379604492,-63.61672304357846,0.002572081379604492,-65.0,0.0,-65.0,0.0
370.6,-54.242392980783386,0.0,-63.62237885298261,0.0025211507559253317,-63.62237885298261,0.0025211507559253317,-65.0,0.0,-65.0,0.0
370.70000000000005,-54.19618101587947,0.0,-63.62803134440461,0.0024712286261643333,-63.62803134440461,0.0024712286261643333,-65.0,0.0,-65.0,0.0
370.8,-54.15020011080007,0.0,-63.63368004017219,0.002422295020803955,-63.63368004017219,0.002422295020803955,-65.0,0.0,-65.0,0.0
370.90000000000003,-54.10444911024607,0.0,-63.63932447478845,0.002374330365749596,-63.63932447478845,0.002374330365749596,-65.0,0.0,-65.0,0.0
371.0,-54.05892686469484,0.0,-63.64496419467726,0.002327315474499697,-63.64496419467726,0.002327315474499697,-65.0,0.0,-65.0,0.0
371.1,-54.013632230371364,0.0,-63.650598757933636,0.0022812315404708845,-63.650598757933636,0.0022812315404708845,-65.0,0.0,-65.0,0.0
371.20000000000005,-53.96856406921951,0.0,-63.65622773407923,0.0022360601294750867,-63.65622773407923,0.0022360601294750867,-65.0,0.0,-65.0,0.0
371.3,-53.92372124887341,0.0,-63.66185070382266,0.0021917831723456114,-63.66185070382266,0.0021917831723456114,-65.0,0.0,-65.0,0.0
371.40000000000003,-53.87910264262904,0.0,-63.66746725882469,0.0021483829577092395,-63.66746725882469,0.0021483829577092395,-65.0,0.0,-65.0,0.0
371.5,-53.8347071294159,0.0,-63.67307700146812,0.0021058421249014396,-63.67307700146812,0.0021058421249014396,-65.0,0.0,-65.0,0.0
371.6,-53.790533593768814,0.0,-63.678679544632274,0.0020641436570218693,-63.678679544632274,0.0020641436570218693,-65.0,0.0,-65.0,0.0
371.70000000000005,-53.74658092579997,0.0,-63.68427451147205,0.0020232708741273905,-63.68427451147205,0.0020232708741273905,-65.0,0.0,-65.0,0.0
371.8,-53.702848021170965,0.0,-63.68986153520141,0.001983207426559867,-63.68986153520141,0.001983207426559867,-65.0,0.0,-65.0,0.0
371.90000000000003,-53.65933378106511,0.0,-63.6954402588812,0.001943937288406086,-63.6954402588812,0.001943937288406086,-65.0,0.0,-65.0,0.0
372.0,-53.61603711215978,0.0,-63.70101033521125,0.0019054447510871769,-63.70101033521125,0.0019054447510871769,-65.0,0.0,-65.0,0.0
372.1,-53.572956926598984,0.0,-63.706571426326654,0.0018677144170749713,-63.706571426326654,0.0018677144170749713,-65.0,0.0,-65.0,0.0
372.20000000000005,-53.53009214196599,0.0,-63.71212320359815,0.0018307311937327865,-63.71212320359815,0.0018307311937327865,-65.0,0.0,-65.0,0.0
372.3,-53.48744168125616,0.0,-63.71766534743652,0.0017944802872781696,-63.71766534743652,0.0017944802872781696,-65.0,0.0,-65.0,0.0
372.40000000000003,-53.445004472849874,0.0,-63.72319754710091,0.0017589471968651868,-63.72319754710091,0.0017589471968651868,-65.0,0.0,-65.0,0.0
372.5,-53.402779450485625,0.0,-63.72871950051101,0.001724117708783892,-63.72871950051101,0.001724117708783892,-65.0,0.0,-65.0,0.0
372.6,-53.36076555323319,0.0,-63.73423091406307,0.0016899778907746535,-63.73423091406307,0.0016899778907746535,-65.0,0.0,-65.0,0.0
372.70000000000005,-53.31896172546703,0.0,-63.73973150244952,0.001656514086455064,-63.73973150244952,0.001656514086455064,-65.0,0.0,-65.0,0.0
372.8,-53.27736691683969,0.0,-63.745220988482345,0.0016237129098572054,-63.745220988482345,0.0016237129098572054,-65.0,0.0,-65.0,0.0
372.90000000000003,-53.23598008225549,0.0,-63.750699102919896,0.0015915612400730838,-63.750699102919896,0.0015915612400730838,-65.0,0.0,-65.0,0.0
373.0,-53.19480018184421,0.0,-63.75616558429729,0.0015600462160060909,-63.75616558429729,0.0015600462160060909,-65.0,0.0,-65.0,0.0
373.1,-53.153826180934985,0.0,-63.76162017876019,0.001529155231226394,-63.76162017876019,0.001529155231226394,-65.0,0.0,-65.0,0.0
373.20000000000005,-53.11305705003031,0.0,-63.76706263990192,0.001498875928928196,-63.76706263990192,0.001498875928928196,-65.0,0.0,-65.0,0.0
373.3,-53.07249176478015,0.0,-63.77249272860392,0.0014691961969868481,-63.77249272860392,0.0014691961969868481,-65.0,0.0,-65.0,0.0
373.40000000000003,-53.03212930595625,0.0,-63.77791021287935,0.0014401041631138388,-63.77791021287935,0.0014401041631138388,-65.0,0.0,-65.0,0.0
373.5,-52.99196865942647,0.0,-63.783314867719895,0.0014115881901077198,-63.783314867719895,0.0014115881901077198,-65.0,0.0,-65.0,0.0
373.6,-52.952008816129336,0.0,-63.7887064749457,0.0013836368711990707,-63.7887064749457,0.0013836368711990707,-65.0,0.0,-65.0,0.0
373.70000000000005,-52.91224877204869,0.0,-63.79408482305823,0.0013562390254876389,-63.79408482305823,0.0013562390254876389,-65.0,0.0,-65.0,0.0
373.8,-52.87268752818845,0.0,-63.7994497070962,0.0013293836934698303,-63.7994497070962,0.0013293836934698303,-65.0,0.0,-65.0,0.0
373.90000000000003,-52.83332409054751,0.0,-63.804800928494394,0.001303060132654762,-63.804800928494394,0.001303060132654762,-65.0,0.0,-65.0,0.0
374.0,-52.79415747009477,0.0,-63.81013829494529,0.0012772578132671222,-63.81013829494529,0.0012772578132671222,-65.0,0.0,-65.0,0.0
374.1,-52.755186682744295,0.0,-63.81546162026355,0.0012519664140351206,-63.81546162026355,0.0012519664140351206,-65.0,0.0,-65.0,0.0
374.20000000000005,-52.71641074933057,0.0,-63.8207707242532,0.001227175818061841,-63.8207707242532,0.001227175818061841,-65.0,0.0,-65.0,0.0
374.3,-52.67782869558392,0.0,-63.82606543257754,0.0012028761087783486,-63.82606543257754,0.0012028761087783486,-65.0,0.0,-65.0,0.0
374.40000000000003,-52.639439552106,0.0,-63.83134557663167,0.0011790575659769295,-63.83134557663167,0.0011790575659769295,-65.0,0.0,-65.0,0.0
374.5,-52.601242354345466,0.0,-63.83661099341755,0.0011557106619228784,-63.83661099341755,0.0011557106619228784,-65.0,0.0,-65.0,0.0
374.6,-52.563236142573736,0.0,-63.84186152542169,0.0011328260575432774,-63.84186152542169,0.0011328260575432774,-65.0,0.0,-65.0,0.0
374.70000000000005,-52.52541996186087,0.0,-63.84709702049524,0.0011103945986912424,-63.84709702049524,0.0011103945986912424,-65.0,0.0,-65.0,0.0
374.8,-52.48779286205156,0.0,-63.85231733173652,0.0010884073124841427,-63.85231733173652,0.0010884073124841427,-65.0,0.0,-65.0,0.0
374.90000000000003,-52.45035389774131,0.0,-63.85752231737598,0.0010668554037143276,-63.85752231737598,0.0010668554037143276,-65.0,0.0,-65.0,0.0
375.0,-52.4131021282526,0.0,-63.86271184066344,0.0010457302513309267,-63.86271184066344,0.0010457302513309267,-65.0,0.0,-65.0,0.0
375.1,-52.37603661761134,0.0,-63.86788576975762,0.001025023404991314,-63.86788576975762,0.001025023404991314,-65.0,0.0,-65.0,0.0
375.20000000000005,-52.33915643452328,0.0,-63.87304397761799,0.001004726581680859,-63.87304397761799,0.001004726581680859,-65.0,0.0,-65.0,0.0
375.3,-52.30246065235067,0.0,-63.8781863418987,0.0009848316623996092,-63.8781863418987,0.0009848316623996092,-65.0,0.0,-65.0,0.0
375.40000000000003,-52.265948349088916,0.0,-63.883312744844744,0.0009653306889145832,-63.883312744844744,0.0009653306889145832,-65.0,0.0,-65.0,0.0
375.5,-52.22961860734347,0.0,-63.88842307319023,0.0009462158605763705,-63.88842307319023,0.0009462158605763705,-65.0,0.0,-65.0,0.0
375.6,-52.19347051430675,0.0,-63.89351721805868,0.0009274795311987681,-63.89351721805868,0.0009274795311987681,-65.0,0.0,-65.0,0.0
375.70000000000005,-52.15750316173522,0.0,-63.89859507486539,0.0009091142060002038,-63.89859507486539,0.0009091142060002038,-65.0,0.0,-65.0,0.0
375.8,-52.12171564592654,0.0,-63.903656543221764,0.0008911125386057239,-63.903656543221764,0.0008911125386057239,-65.0,0.0,-65.0,0.0
375.90000000000003,-52.08610706769691,0.0,-63.908701526841604,0.0008734673281083453,-63.908701526841604,0.0008734673281083453,-65.0,0.0,-65.0,0.0
376.0,-52.05067653235842,0.0,-63.913729933449304,0.0008561715161885964,-63.913729933449304,0.0008561715161885964,-65.0,0.0,-65.0,0.0
376.1,-52.01542314969663,0.0,-63.91874167468991,0.0008392181842910953,-63.91874167468991,0.0008392181842910953,-65.0,0.0,-65.0,0.0
376.20000000000005,-51.980346033948145,0.0,-63.92373666604103,0.0008226005508570356,-63.92373666604103,0.0008226005508570356,-65.0,0.0,-65.0,0.0
376.3,-51.9454443037784,0.0,-63.92871482672652,0.0008063119686114724,-63.92871482672652,0.0008063119686114724,-65.0,0.0,-65.0,0.0
376.40000000000003,-51.91071708225951,0.0,-63.93367607963194,0.0007903459219043233,-63.93367607963194,0.0007903459219043233,-65.0,0.0,-65.0,0.0
376.5,-51.876163496848214,0.0,-63.93862035122172,0.0007746960241040221,-63.93862035122172,0.0007746960241040221,-65.0,0.0,-65.0,0.0
376.6,-51.84178267936397,0.0,-63.94354757145809,0.0007593560150427806,-63.94354757145809,0.0007593560150427806,-65.0,0.0,-65.0,0.0
376.70000000000005,-51.807573765967156,0.0,-63.94845767372154,0.000744319758512438,-63.94845767372154,0.000744319758512438,-65.0,0.0,-65.0,0.0
376.8,-51.77353589713732,0.0,-63.95335059473303,0.0007295812398098962,-63.95335059473303,0.0007295812398098962,-65.0,0.0,-65.0,0.0
376.90000000000003,-51.739668217651634,0.0,-63.9582262744777,0.000715134563331158,-63.9582262744777,0.000715134563331158,-65.0,0.0,-65.0,0.0
377.0,-51.70596987656337,0.0,-63.963084656130206,0.0007009739502130067,-63.963084656130206,0.0007009739502130067,-65.0,0.0,-65.0,0.0
377.1,-51.672440027180556,0.0,-63.96792568598155,0.0006870937360213847,-63.96792568598155,0.0006870937360213847,-65.0,0.0,-65.0,0.0
377.20000000000005,-51.63907782704465,0.0,-63.972749313367395,0.0006734883684855433,-63.972749313367395,0.0006734883684855433,-65.0,0.0,-65.0,0.0
377.3,-51.60588243790943,0.0,-63.97755549059792,0.0006601524052770606,-63.97755549059792,0.0006601524052770606,-65.0,0.0,-65.0,0.0
377.40000000000003,-51.57285302571988,0.0,-63.982344172889015,0.0006470805118328382,-63.982344172889015,0.0006470805118328382,-65.0,0.0,-65.0,0.0
377.5,-51.53998876059128,0.0,-63.98711531829496,0.0006342674592212041,-63.98711531829496,0.0006342674592212041,-65.0,0.0,-65.0,0.0
377.6,-51.507288816788325,0.0,-63.99186888764246,0.0006217081220502708,-63.99186888764246,0.0006217081220502708,-65.0,0.0,-65.0,0.0
377.70000000000005,-51.47475237270438,0.0,-63.99660484446604,0.0006093974764177098,-63.99660484446604,0.0006093974764177098,-65.0,0.0,-65.0,0.0
377.8,-51.442378610840855,0.0,-64.00132315494476,0.0005973305979011238,-64.00132315494476,0.0005973305979011238,-65.0,0.0,-65.0,0.0
377.90000000000003,-51.41016671778665,0.0,-64.00602378784023,0.0005855026595882124,-64.00602378784023,0.0005855026595882124,-65.0,0.0,-65.0,0.0
378.0,-51.37811588419772,0.0,-64.01070671443595,0.0005739089301459425,-64.01070671443595,0.0005739089301459425,-65.0,0.0,-65.0,0.0
378.1,-51.34622530477673,0.0,-64.01537190847782,0.0005625447719279521,-64.01537190847782,0.0005625447719279521,-65.0,0.0,-65.0,0.0
378.20000000000005,-51.31449417825284,0.0,-64.02001934611587,0.0005514056391194298,-64.02001934611587,0.0005514056391194298,-65.0,0.0,-65.0,0.0
378.3,-51.28292170736158,0.0,-64.02464900584734,0.0005404870759187286,-64.02464900584734,0.0005404870759187286,-65.0,0.0,-65.0,0.0
378.40000000000003,-51.251507098824774,0.0,-64.02926086846072,0.0005297847147549853,-64.02926086846072,0.0005297847147549853,-65.0,0.0,-65.0,0.0
378.5,-51.22024956333065,0.0,-64.03385491698116,0.0005192942745410343,-64.03385491698116,0.0005192942745410343,-65.0,0.0,-65.0,0.0
378.6,-51.189148315514,0.0,-64.03843113661677,0.0005090115589609158,-64.03843113661677,0.0005090115589609158,-65.0,0.0,-65.0,0.0
378.70000000000005,-51.15820257393643,0.0,-64.04298951470629,0.000498932454791293,-64.04298951470629,0.000498932454791293,-65.0,0.0,-65.0,0.0
378.8,-51.127411561066744,0.0,-64.04753004066764,0.000489052930256108,-64.04753004066764,0.000489052930256108,-65.0,0.0,-65.0,0.0
378.90000000000003,-51.09677450326141,0.0,-64.05205270594759,0.0004793690334138181,-64.05205270594759,0.0004793690334138181,-65.0,0.0,-65.0,0.0
379.0,-51.0662906307451,0.0,-64.05655750397256,0.00046987689057656615,-64.05655750397256,0.00046987689057656615,-65.0,0.0,-65.0,0.0
379.1,-51.03595917759137,0.0,-64.06104443010031,0.00046057270476065356,-64.06104443010031,0.00046057270476065356,-65.0,0.0,-65.0,0.0
379.20000000000005,-51.00577938170341,0.0,-64.06551348157272,0.0004514527541676965,-64.06551348157272,0.0004514527541676965,-65.0,0.0,-65.0,0.0
379.3,-50.975750484794894,0.0,-64.06996465746951,0.0004425133906958568,-64.06996465746951,0.0004425133906958568,-65.0,0.0,-65.0,0.0
379.40000000000003,-50.94587173237092,0.0,-64.07439795866293,0.0004337510384805527,-64.07439795866293,0.0004337510384805527,-65.0,0.0,-65.0,0.0
379.5,-50.916142373709064,0.0,-64.07881338777338,0.0004251621924640651,-64.07881338777338,0.0004251621924640651,-65.0,0.0,-65.0,0.0
379.6,-50.88656166184052,0.0,-64.08321094912601,0.000416743416993468,-64.08321094912601,0.000416743416993468,-65.0,0.0,-65.0,0.0
379.70000000000005,-50.857128853531314,0.0,-64.08759064870816,0.0004084913444463212,-64.08759064870816,0.0004084913444463212,-65.0,0.0,-65.0,0.0
379.8,-50.827843209263655,0.0,-64.09195249412768,0.0004004026738835768,-64.09195249412768,0.0004004026738835768,-65.0,0.0,-65.0,0.0
379.90000000000003,-50.79870399321734,0.0,-64.09629649457217,0.0003924741697291594,-64.09629649457217,0.0003924741697291594,-65.0,0.0,-65.0,0.0
380.0,-50.76971047325125,0.0,-64.10062266076908,0.0003847026604756923,-64.10062266076908,0.0003847026604756923,-65.0,0.0,-65.0,0.0
380.1,-50.740861920884996,0.0,-64.10493100494652,0.00037708503741585274,-64.10493100494652,0.00037708503741585274,-65.0,0.0,-65.0,0.0
380.20000000000005,-50.712157611280574,0.0,-64.10922154079509,0.00036961825339884704,-64.10922154079509,0.00036961825339884704,-65.0,0.0,-65.0,0.0
380.3,-50.68359682322417,0.0,-64.11349428343031,0.00036229932161150995,-64.11349428343031,0.00036229932161150995,-65.0,0.0,-65.0,0.0
380.40000000000003,-50.65517883910805,0.0,-64.11774924935597,0.0003551253143835395,-64.11774924935597,0.0003551253143835395,-65.0,0.0,-65.0,0.0
380.5,-50.626902944912516,0.0,-64.12198645642817,0.0003480933620163898,-64.12198645642817,0.0003480933620163898,-65.0,0.0,-65.0,0.0
380.6,-50.59876843018795,0.0,-64.12620592382022,0.00034120065163535337,-64.12620592382022,0.00034120065163535337,-65.0,0.0,-65.0,0.0
380.70000000000005,-50.57077458803701,0.0,-64.1304076719881,0.00033444442606437376,-64.1304076719881,0.00033444442606437376,-65.0,0.0,-65.0,0.0
380.8,-50.54292071509683,0.0,-64.1345917226368,0.0003278219827231384,-64.1345917226368,0.0003278219827231384,-65.0,0.0,-65.0,0.0
380.90000000000003,-50.515206111521344,0.0,-64.13875809868735,0.0003213306725460103,-64.13875809868735,0.0003213306725460103,-65.0,0.0,-65.0,0.0
381.0,-50.48763008096374,0.0,-64.14290682424445,0.0003149678989223667,-64.14290682424445,0.0003149678989223667,-65.0,0.0,-65.0,0.0
381.1,-50.46019193055892,0.0,-64.1470379245649,0.00030873111665792,-64.1470379245649,0.00030873111665792,-65.0,0.0,-65.0,0.0
381.20000000000005,-50.43289097090613,0.0,-64.1511514260266,0.0003026178309566063,-64.1511514260266,0.0003026178309566063,-65.0,0.0,-65.0,0.0
381.3,-50.4057265160516,0.0,-64.15524735609826,0.0002966255964226334,-64.15524735609826,0.0002966255964226334,-65.0,0.0,-65.0,0.0
381.40000000000003,-50.37869788347135,0.0,-64.15932574330972,0.00029075201608229025,-64.15932574330972,0.00029075201608229025,-65.0,0.0,-65.0,0.0
381.5,-50.35180439405399,0.0,-64.16338661722295,0.0002849947404251253,-64.16338661722295,0.0002849947404251253,-65.0,0.0,-65.0,0.0
381.6,-50.32504537208372,0.0,-64.16743000840361,0.0002793514664641109,-64.16743000840361,0.0002793514664641109,-65.0,0.0,-65.0,0.0
381.70000000000005,-50.298420145223304,0.0,-64.17145594839319,0.000273819936814418,-64.17145594839319,0.000273819936814418,-65.0,0.0,-65.0,0.0
381.8,-50.27192804449719,0.0,-64.17546446968183,0.0002683979387904321,-64.17546446968183,0.0002683979387904321,-65.0,0.0,-65.0,0.0
381.90000000000003,-50.2455684042747,0.0,-64.17945560568165,0.0002630833035206492,-64.17945560568165,0.0002630833035206492,-65.0,0.0,-65.0,0.0
382.0,-50.21934056225333,0.0,-64.18342939070071,0.00025787390508009875,-64.18342939070071,0.00025787390508009875,-65.0,0.0,-65.0,0.0
382.1,-50.19324385944206,0.0,-64.18738585991738,0.0002527676596399449,-64.18738585991738,0.0002527676596399449,-65.0,0.0,-65.0,0.0
382.20000000000005,-50.16727764014485,0.0,-64.19132504935548,0.00024776252463392745,-64.19132504935548,0.00024776252463392745,-65.0,0.0,-65.0,0.0
382.3,-50.14144125194413,0.0,-64.19524699585973,0.00024285649794130796,-64.19524699585973,0.00024285649794130796,-65.0,0.0,-65.0,0.0
382.40000000000003,-50.11573404568441,0.0,-64.19915173707189,0.0002380476170859948,-64.19915173707189,0.0002380476170859948,-65.0,0.0,-65.0,0.0
382.5,-50.09015537545599,0.0,-64.2030393114073,0.00023333395845152657,-64.2030393114073,0.00023333395845152657,-65.0,0.0,-65.0,0.0
382.6,-50.064704598578714,0.0,-64.206909758032,0.0002287136365115999,-64.206909758032,0.0002287136365115999,-65.0,0.0,-65.0,0.0
382.70000000000005,-50.03938107558582,0.0,-64.2107631168403,0.0002241848030758337,-64.2107631168403,0.0002241848030758337,-65.0,0.0,-65.0,0.0
382.8,-50.01418417020789,0.0,-64.21459942843282,0.00021974564655046836,-64.21459942843282,0.00021974564655046836,-65.0,0.0,-65.0,0.0
382.90000000000003,-65.0,0.0,-64.17841873409505,0.08021539439121371,-64.17841873409505,0.08021539439121371,-65.0,0.0,-65.0,0.0
383.0,-65.0,0.0,-64.14321312884405,0.07862702316104582,-64.14321312884405,0.07862702316104582,-65.0,0.0,-65.0,0.0
383.1,-65.0,0.0,-64.10896201130558,0.07707010378851663,-64.10896201130558,0.07707010378851663,-65.0,0.0,-65.0,0.0
383.20000000000005,-65.0,0.0,-64.07564519450649,0.07554401348511793,-64.07564519450649,0.07554401348511793,-65.0,0.0,-65.0,0.0
383.3,-65.0,0.0,-64.04324289763677,0.07404814179438021,-64.04324289763677,0.07404814179438021,-65.0,0.0,-65.0,0.0
383.40000000000003,-65.0,0.0,-64.01173573797475,0.07258189034768198,-64.01173573797475,0.07258189034768198,-65.0,0.0,-65.0,0.0
383.5,-65.0,0.0,-63.981104722972425,0.07114467262489425,-63.981104722972425,0.07114467262489425,-65.0,0.0,-65.0,0.0
383.6,-65.0,0.0,-63.95133124249768,0.06973591371976477,-63.95133124249768,0.06973591371976477,-65.0,0.0,-65.0,0.0
383.70000000000005,-65.0,0.0,-63.92239706123022,0.06835505010994779,-63.92239706123022,0.06835505010994779,-65.0,0.0,-65.0,0.0
383.8,-65.0,0.0,-63.894284311208274,0.06700152943158759,-63.894284311208274,0.06700152943158759,-65.0,0.0,-65.0,0.0
383.90000000000003,-65.0,0.0,-63.86697548452305,0.06567481025836568,-63.86697548452305,0.06567481025836568,-65.0,0.0,-65.0,0.0
384.0,-65.0,0.0,-63.84045342615798,0.06437436188492292,-63.84045342615798,0.06437436188492292,-65.0,0.0,-65.0,0.0
384.1,-65.0,0.0,-63.8147013269699,0.0630996641145704,-63.8147013269699,0.0630996641145704,-65.0,0.0,-65.0,0.0
384.20000000000005,-65.0,0.0,-63.78970271680945,0.061850207051203775,-63.78970271680945,0.061850207051203775,-65.0,0.0,-65.0,0.0
384.3,-65.0,0.0,-63.76544145777773,0.06062549089533806,-63.76544145777773,0.06062549089533806,-65.0,0.0,-65.0,0.0
384.40000000000003,-65.0,0.0,-63.74190173761676,0.05942502574418113,-63.74190173761676,0.05942502574418113,-65.0,0.0,-65.0,0.0
384.5,-65.0,0.0,-63.71906806323084,0.058248331395666125,-63.71906806323084,0.058248331395666125,-65.0,0.0,-65.0,0.0
384.6,-65.0,0.0,-63.696925254336506,0.057094937156364156,-63.696925254336506,0.057094937156364156,-65.0,0.0,-65.0,0.0
384.70000000000005,-65.0,0.0,-63.67545843723822,0.05596438165320071,-63.67545843723822,0.05596438165320071,-65.0,0.0,-65.0,0.0
384.8,-65.0,0.0,-63.65465303872758,0.05485621264890025,-63.65465303872758,0.05485621264890025,-65.0,0.0,-65.0,0.0
384.90000000000003,-64.9,0.0,-63.6344947801034,0.05376998686108527,-63.6344947801034,0.05376998686108527,-65.0,0.0,-65.0,0.0
385.0,-64.8005,0.0,-63.614969671310405,0.052705269784957445,-63.614969671310405,0.052705269784957445,-65.0,0.0,-65.0,0.0
385.1,-64.7014975,0.0,-63.59606400519411,0.0516616355194899,-63.59606400519411,0.0516616355194899,-65.0,0.0,-65.0,0.0
385.20000000000005,-64.6029900125,0.0,-63.577764351869604,0.05063866659706114,-63.577764351869604,0.05063866659706114,-65.0,0.0,-65.0,0.0
385.3,-64.5049750624375,0.0,-63.56005755320202,0.049635953816462436,-63.56005755320202,0.049635953816462436,-65.0,0.0,-65.0,0.0
385.40000000000003,-64.4074501871253,0.0,-63.5429307173964,0.04865309607921185,-63.5429307173964,0.04865309607921185,-65.0,0.0,-65.0,0.0
385.5,-64.31041293618968,0.0,-63.526371213694866,0.04768970022910955,-63.526371213694866,0.04768970022910955,-65.0,0.0,-65.0,0.0
385.6,-64.21386087150873,0.0,-63.51036666717891,0.046745380894970046,-63.51036666717891,0.046745380894970046,-65.0,0.0,-65.0,0.0
385.70000000000005,-64.11779156715119,0.0,-63.49490495367478,0.04581976033646858,-63.49490495367478,0.04581976033646858,-65.0,0.0,-65.0,0.0
385.8,-64.02220260931543,0.0,-63.47997419475988,0.04491246829303999,-63.47997419475988,0.04491246829303999,-65.0,0.0,-65.0,0.0
385.90000000000003,-63.92709159626885,0.0,-63.4655627528682,0.04402314183576951,-63.4655627528682,0.04402314183576951,-65.0,0.0,-65.0,0.0
386.0,-63.832456138287505,0.0,-63.45165922649275,0.04315142522221639,-63.45165922649275,0.04315142522221639,-65.0,0.0,-65.0,0.0
386.1,-63.73829385759607,0.0,-63.43825244548323,0.042296969754112165,-63.43825244548323,0.042296969754112165,-65.0,0.0,-65.0,0.0
386.20000000000005,-63.64460238830809,0.0,-63.42533146643687,0.0414594336378767,-63.42533146643687,0.0414594336378767,-65.0,0.0,-65.0,0.0
386.3,-63.55137937636655,0.0,-63.41288556818074,0.0406384818478962,-63.41288556818074,0.0406384818478962,-65.0,0.0,-65.0,0.0
386.40000000000003,-63.45862247948472,0.0,-63.40090424734358,0.03983378599250851,-63.40090424734358,0.03983378599250851,-65.0,0.0,-65.0,0.0
386.5,-63.366329367087296,0.0,-63.389377214015546,0.03904502418264205,-63.389377214015546,0.03904502418264205,-65.0,0.0,-65.0,0.0
386.6,-63.27449772025186,0.0,-63.37829438749394,0.038271880903055916,-63.37829438749394,0.038271880903055916,-65.0,0.0,-65.0,0.0
386.70000000000005,-63.1831252316506,0.0,-63.3676458921134,0.037514046886129554,-63.3676458921134,0.037514046886129554,-65.0,0.0,-65.0,0.0
386.8,-63.09220960549235,0.0,-63.35742205315876,0.036771218988151604,-63.35742205315876,0.036771218988151604,-65.0,0.0,-65.0,0.0
386.90000000000003,-63.001748557464886,0.0,-63.34761339285893,0.036043100068058366,-63.34761339285893,0.036043100068058366,-65.0,0.0,-65.0,0.0
387.0,-62.91173981467756,0.0,-63.33821062646035,0.03532939886857343,-63.33821062646035,0.03532939886857343,-65.0,0.0,-65.0,0.0
387.1,-62.822181115604174,0.0,-63.3292046583782,0.034629829899700856,-63.3292046583782,0.034629829899700856,-65.0,0.0,-65.0,0.0
387.20000000000005,-62.733070210026156,0.0,-63.32058657842405,0.033944113324525384,-63.32058657842405,0.033944113324525384,-65.0,0.0,-65.0,0.0
387.3,-62.644404858976024,0.0,-63.312347658108294,0.033271974847273934,-63.312347658108294,0.033271974847273934,-65.0,0.0,-65.0,0.0
387.40000000000003,-62.556182834681145,0.0,-63.304479347015956,0.03261314560359364,-63.304479347015956,0.03261314560359364,-65.0,0.0,-65.0,0.0
387.5,-62.46840192050774,0.0,-63.29697326925437,0.031967362053002525,-63.29697326925437,0.031967362053002525,-65.0,0.0,-65.0,0.0
387.6,-62.3810599109052,0.0,-63.289821219971365,0.031334365873469786,-63.289821219971365,0.031334365873469786,-65.0,0.0,-65.0,0.0
387.70000000000005,-62.29415461135068,0.0,-63.283015161942465,0.03071390385808355,-63.283015161942465,0.03071390385808355,-65.0,0.0,-65.0,0.0
387.8,-62.207683838293924,0.0,-63.27654722222587,0.030105727813764728,-63.27654722222587,0.030105727813764728,-65.0,0.0,-65.0,0.0
387.90000000000003,-62.12164541910246,0.0,-63.27040968888375,0.029509594461986467,-63.27040968888375,0.029509594461986467,-65.0,0.0,-65.0,0.0
388.0,-62.036037192006944,0.0,-63.264595007768605,0.028925265341459505,-63.264595007768605,0.028925265341459505,-65.0,0.0,-65.0,0.0
388.1,-61.95085700604691,0.0,-63.25909577937339,0.028352506712744478,-63.25909577937339,0.028352506712744478,-65.0,0.0,-65.0,0.0
388.20000000000005,-61.866102721016674,0.0,-63.253904755744145,0.02779108946475301,-63.253904755744145,0.02779108946475301,-65.0,0.0,-65.0,0.0
388.3,-61.78177220741159,0.0,-63.24901483745388,0.027240789023100242,-63.24901483745388,0.027240789023100242,-65.0,0.0,-65.0,0.0
388.40000000000003,-61.69786334637453,0.0,-63.244419070636475,0.02670138526027208,-63.244419070636475,0.02670138526027208,-65.0,0.0,-65.0,0.0
388.5,-61.61437402964266,0.0,-63.24011064407951,0.026172662407571243,-63.24011064407951,0.026172662407571243,-65.0,0.0,-65.0,0.0
388.6,-61.53130215949445,0.0,-63.2360828863747,0.02565440896880692,-63.2360828863747,0.02565440896880692,-65.0,0.0,-65.0,0.0
388.70000000000005,-61.44864564869698,0.0,-63.23232926312498,0.025146417635693467,-63.23232926312498,0.025146417635693467,-65.0,0.0,-65.0,0.0
388.8,-61.3664024204535,0.0,-63.228843374206896,0.02464848520492433,-63.228843374206896,0.02464848520492433,-65.0,0.0,-65.0,0.0
388.90000000000003,-61.28457040835123,0.0,-63.22561895108742,0.024160412496888013,-63.22561895108742,0.024160412496888013,-65.0,0.0,-65.0,0.0
389.0,-61.203147556309474,0.0,-63.22264985419399,0.023682004275993578,-63.22264985419399,0.023682004275993578,-65.0,0.0,-65.0,0.0
389.1,-61.122131818527926,0.0,-63.21993007033673,0.02321306917257381,-63.21993007033673,0.02321306917257381,-65.0,0.0,-65.0,0.0
389.20000000000005,-61.041521159435284,0.0,-63.21745371018188,0.022753419606334785,-63.21745371018188,0.022753419606334785,-65.0,0.0,-65.0,0.0
389.3,-60.96131355363811,0.0,-63.215215005775306,0.02230287171132127,-63.215215005775306,0.02230287171132127,-65.0,0.0,-65.0,0.0
389.40000000000003,-60.88150698586992,0.0,-63.21320830811525,0.021861245262367872,-63.21320830811525,0.021861245262367872,-65.0,0.0,-65.0,0.0
389.5,-60.80209945094057,0.0,-63.21142808477317,0.021428363603006578,-63.21142808477317,0.021428363603006578,-65.0,0.0,-65.0,0.0
389.6,-60.72308895368587,0.0,-63.2098689175619,0.02100405357480181,-63.2098689175619,0.02100405357480181,-65.0,0.0,-65.0,0.0
389.70000000000005,-60.644473508917436,0.0,-63.20852550025005,0.02058814544808474,-63.20852550025005,0.02058814544808474,-65.0,0.0,-65.0,0.0
389.8,-60.566251141372845,0.0,-63.20739263632177,0.020180472854059175,-63.20739263632177,0.020180472854059175,-65.0,0.0,-65.0,0.0
389.90000000000003,-60.488419885665984,0.0,-63.206465236781035,0.019780872718251793,-63.206465236781035,0.019780872718251793,-65.0,0.0,-65.0,0.0
390.0,-60.41097778623765,0.0,-63.20573831799949,0.019389185195280198,-63.20573831799949,0.019389185195280198,-65.0,0.0,-65.0,0.0
390.1,-60.333922897306465,0.0,-63.205206999607036,0.01900525360491263,-63.205206999607036,0.01900525360491263,-65.0,0.0,-65.0,0.0
390.20000000000005,-60.25725328281993,0.0,-63.2048665024243,0.018628924369393788,-63.2048665024243,0.018628924369393788,-65.0,0.0,-65.0,0.0
390.3,-60.18096701640583,0.0,-63.20471214643617,0.018260046952011673,-63.20471214643617,0.018260046952011673,-65.0,0.0,-65.0,0.0
390.40000000000003,-60.1050621813238,0.0,-63.20473934880555,0.017898473796880903,-63.20473934880555,0.017898473796880903,-65.0,0.0,-65.0,0.0
390.5,-60.02953687041718,0.0,-63.20494362192657,0.017544060269918383,-63.20494362192657,0.017544060269918383,-65.0,0.0,-65.0,0.0
390.6,-59.95438918606509,0.0,-63.20532057151644,0.017196664600987753,-63.20532057151644,0.017196664600987753,-65.0,0.0,-65.0,0.0
390.70000000000005,-59.87961724013477,0.0,-63.20586589474526,0.016856147827189437,-63.20586589474526,0.016856147827189437,-65.0,0.0,-65.0,0.0
390.8,-59.8052191539341,0.0,-63.206575378402896,0.01652237373727363,-63.206575378402896,0.01652237373727363,-65.0,0.0,-65.0,0.0
390.90000000000003,-59.73119305816443,0.0,-63.207444897102306,0.01619520881715399,-63.207444897102306,0.01619520881715399,-65.0,0.0,-65.0,0.0
391.0,-59.6575370928736,0.0,-63.20847041151855,0.015874522196500207,-63.20847041151855,0.015874522196500207,-65.0,0.0,-65.0,0.0
391.1,-59.58424940740924,0.0,-63.20964796666276,0.015560185596388141,-63.20964796666276,0.015560185596388141,-65.0,0.0,-65.0,0.0
391.20000000000005,-59.511328160372194,0.0,-63.21097369019045,0.015252073277986538,-63.21097369019045,0.015252073277986538,-65.0,0.0,-65.0,0.0
391.3,-59.43877151957033,0.0,-63.212443790743365,0.014950061992259818,-63.212443790743365,0.014950061992259818,-65.0,0.0,-65.0,0.0
391.40000000000003,-59.36657766197248,0.0,-63.214054556324314,0.01465403093066682,-63.214054556324314,0.01465403093066682,-65.0,0.0,-65.0,0.0
391.5,-59.294744773662615,0.0,-63.21580235270427,0.014363861676835774,-63.21580235270427,0.014363861676835774,-65.0,0.0,-65.0,0.0
391.6,-59.2232710497943,0.0,-63.217683621861156,0.01407943815919617,-63.217683621861156,0.01407943815919617,-65.0,0.0,-65.0,0.0
391.70000000000005,-59.15215469454533,0.0,-63.21969488044957,0.01380064660454859,-63.21969488044957,0.01380064660454859,-65.0,0.0,-65.0,0.0
391.8,-59.0813939210726,0.0,-63.22183271830105,0.013527375492553905,-63.22183271830105,0.013527375492553905,-65.0,0.0,-65.0,0.0
391.90000000000003,-59.01098695146724,0.0,-63.22409379695399,0.013259515511123653,-63.22409379695399,0.013259515511123653,-65.0,0.0,-65.0,0.0
392.0,-58.9409320167099,0.0,-63.226474848212874,0.012996959512693747,-63.226474848212874,0.012996959512693747,-65.0,0.0,-65.0,0.0
392.1,-58.87122735662635,0.0,-63.22897267273613,0.012739602471364023,-63.22897267273613,0.012739602471364023,-65.0,0.0,-65.0,0.0
392.20000000000005,-58.801871219843214,0.0,-63.231584138652,0.012487341440886476,-63.231584138652,0.012487341440886476,-65.0,0.0,-65.0,0.0
392.3,-58.732861863744,0.0,-63.234306180202,0.01224007551348539,-63.234306180202,0.01224007551348539,-65.0,0.0,-65.0,0.0
392.40000000000003,-58.66419755442528,0.0,-63.23713579641124,0.011997705779492879,-63.23713579641124,0.011997705779492879,-65.0,0.0,-65.0,0.0
392.5,-58.59587656665315,0.0,-63.24007004978529,0.01176013528778371,-63.24007004978529,0.01176013528778371,-65.0,0.0,-65.0,0.0
392.6,-58.52789718381989,0.0,-63.24310606503286,0.011527269006993548,-63.24310606503286,0.011527269006993548,-65.0,0.0,-65.0,0.0
392.70000000000005,-58.460257697900786,0.0,-63.246241027813944,0.011299013787505153,-63.246241027813944,0.011299013787505153,-65.0,0.0,-65.0,0.0
392.8,-58.39295640941128,0.0,-63.24947218351278,0.011075278324187287,-63.24947218351278,0.011075278324187287,-65.0,0.0,-65.0,0.0
392.90000000000003,-58.325991627364225,0.0,-63.25279683603528,0.010855973119871442,-63.25279683603528,0.010855973119871442,-65.0,0.0,-65.0,0.0
393.0,-58.2593616692274,0.0,-63.25621234663033,0.010641010449551784,-63.25621234663033,0.010641010449551784,-65.0,0.0,-65.0,0.0
393.1,-58.193064860881265,0.0,-63.25971613273453,0.010430304325293979,-63.25971613273453,0.010430304325293979,-65.0,0.0,-65.0,0.0
393.20000000000005,-58.12709953657686,0.0,-63.26330566683994,0.01022377046183887,-63.26330566683994,0.01022377046183887,-65.0,0.0,-65.0,0.0
393.3,-58.06146403889397,0.0,-63.2669784753843,0.010021326242887253,-63.2669784753843,0.010021326242887253,-65.0,0.0,-65.0,0.0
393.40000000000003,-57.9961567186995,0.0,-63.27073213766335,0.009822890688052255,-63.27073213766335,0.009822890688052255,-65.0,0.0,-65.0,0.0
393.5,-57.931175935106005,0.0,-63.2745642847648,0.0096283844204661,-63.2745642847648,0.0096283844204661,-65.0,0.0,-65.0,0.0
393.6,-57.86652005543048,0.0,-63.278472598523464,0.009437729635028303,-63.278472598523464,0.009437729635028303,-65.0,0.0,-65.0,0.0
393.70000000000005,-57.80218745515332,0.0,-63.28245481049721,0.00925085006728259,-63.28245481049721,0.00925085006728259,-65.0,0.0,-65.0,0.0
393.8,-57.738176517877555,0.0,-63.28650870096327,0.009067670962910102,-63.28650870096327,0.009067670962910102,-65.0,0.0,-65.0,0.0
393.90000000000003,-57.674485635288164,0.0,-63.29063209793454,0.00888811904782667,-63.29063209793454,0.00888811904782667,-65.0,0.0,-65.0,0.0
394.0,-57.61111320711172,0.0,-63.29482287619543,0.008712122498872201,-63.29482287619543,0.008712122498872201,-65.0,0.0,-65.0,0.0
394.1,-57.54805764107616,0.0,-63.299078956356915,0.008539610915080466,-63.299078956356915,0.008539610915080466,-65.0,0.0,-65.0,0.0
394.20000000000005,-57.48531735287078,0.0,-63.30339830393037,0.008370515289517759,-63.30339830393037,0.008370515289517759,-65.0,0.0,-65.0,0.0
394.3,-57.42289076610643,0.0,-63.30777892841988,0.008204767981679217,-63.30777892841988,0.008204767981679217,-65.0,0.0,-65.0,0.0
394.40000000000003,-57.360776312275895,0.0,-63.31221888243256,0.008042302690431713,-63.31221888243256,0.008042302690431713,-65.0,0.0,-65.0,0.0
394.5,-57.298972430714514,0.0,-63.31671626080665,0.007883054427492514,-63.31671626080665,0.007883054427492514,-65.0,0.0,-65.0,0.0
394.6,-57.23747756856094,0.0,-63.3212691997569,0.007726959491433105,-63.3212691997569,0.007726959491433105,-65.0,0.0,-65.0,0.0
394.70000000000005,-57.176290180718134,0.0,-63.32587587603702,0.00757395544219777,-63.32587587603702,0.00757395544219777,-65.0,0.0,-65.0,0.0
394.8,-57.11540872981454,0.0,-63.33053450611877,0.007423981076126733,-63.33053450611877,0.007423981076126733,-65.0,0.0,-65.0,0.0
394.90000000000003,-57.054831686165464,0.0,-63.33524334538743,0.007276976401473881,-63.33524334538743,0.007276976401473881,-65.0,0.0,-65.0,0.0
395.0,-56.994557527734635,0.0,-63.34000068735329,0.007132882614409264,-63.34000068735329,0.007132882614409264,-65.0,0.0,-65.0,0.0
395.1,-56.934584740095964,0.0,-63.344804862878775,0.006991642075496781,-63.344804862878775,0.006991642075496781,-65.0,0.0,-65.0,0.0
395.20000000000005,-56.87491181639548,0.0,-63.34965423942106,0.006853198286637633,-63.34965423942106,0.006853198286637633,-65.0,0.0,-65.0,0.0
395.3,-56.8155372573135,0.0,-63.354547220289724,0.006717495868470336,-63.354547220289724,0.006717495868470336,-65.0,0.0,-65.0,0.0
395.40000000000003,-56.75645957102693,0.0,-63.35948224391917,0.006584480538218233,-63.35948224391917,0.006584480538218233,-65.0,0.0,-65.0,0.0
395.5,-56.6976772731718,0.0,-63.364457783155586,0.006454099087975662,-63.364457783155586,0.006454099087975662,-65.0,0.0,-65.0,0.0
395.6,-56.63918888680594,0.0,-63.3694723445581,0.006326299363424083,-63.3694723445581,0.006326299363424083,-65.0,0.0,-65.0,0.0
395.70000000000005,-56.58099294237191,0.0,-63.37452446771382,0.006201030242969656,-63.37452446771382,0.006201030242969656,-65.0,0.0,-65.0,0.0
395.8,-56.52308797766005,0.0,-63.379612724566606,0.006078241617293923,-63.379612724566606,0.006078241617293923,-65.0,0.0,-65.0,0.0
395.90000000000003,-56.465472537771745,0.0,-63.38473571875912,0.00595788436930941,-63.38473571875912,0.00595788436930941,-65.0,0.0,-65.0,0.0
396.0,-56.408145175082886,0.0,-63.38989208498806,0.005839910354512139,-63.38989208498806,0.005839910354512139,-65.0,0.0,-65.0,0.0
396.1,-56.35110444920747,0.0,-63.39508048837226,0.005724272381723181,-63.39508048837226,0.005724272381723181,-65.0,0.0,-65.0,0.0
396.20000000000005,-56.29434892696143,0.0,-63.40029962383329,0.0056109241942115615,-63.40029962383329,0.0056109241942115615,-65.0,0.0,-65.0,0.0
396.3,-56.23787718232663,0.0,-63.40554821548853,0.005499820451190947,-63.40554821548853,0.005499820451190947,-65.0,0.0,-65.0,0.0
396.40000000000003,-56.18168779641499,0.0,-63.41082501605624,0.005390916709682727,-63.41082501605624,0.005390916709682727,-65.0,0.0,-65.0,0.0
396.5,-56.12577935743292,0.0,-63.416128806272596,0.0052841694067382265,-63.416128806272596,0.0052841694067382265,-65.0,0.0,-65.0,0.0
396.6,-56.070150460645756,0.0,-63.421458394320226,0.005179535842012953,-63.421458394320226,0.005179535842012953,-65.0,0.0,-65.0,0.0
396.70000000000005,-56.01479970834253,0.0,-63.42681261526828,0.0050769741606858845,-63.42681261526828,0.0050769741606858845,-65.0,0.0,-65.0,0.0
396.8,-55.959725709800814,0.0,-63.43219033052358,0.004976443336716981,-63.43219033052358,0.004976443336716981,-65.0,0.0,-65.0,0.0
396.90000000000003,-55.90492708125181,0.0,-63.43759042729275,0.004877903156436227,-63.43759042729275,0.004877903156436227,-65.0,0.0,-65.0,0.0
397.0,-55.85040244584555,0.0,-63.443011818055055,0.004781314202457624,-63.443011818055055,0.004781314202457624,-65.0,0.0,-65.0,0.0
397.1,-55.796150433616326,0.0,-63.448453440045824,0.004686637837911709,-63.448453440045824,0.004686637837911709,-65.0,0.0,-65.0,0.0
397.20000000000005,-55.742169681448246,0.0,-63.4539142547501,0.004593836190990297,-63.4539142547501,0.004593836190990297,-65.0,0.0,-65.0,0.0
397.3,-55.688458833041004,0.0,-63.45939324740645,0.004502872139797247,-63.45939324740645,0.004502872139797247,-65.0,0.0,-65.0,0.0
397.40000000000003,-55.635016538875796,0.0,-63.46488942652067,0.004413709297499212,-63.46488942652067,0.004413709297499212,-65.0,0.0,-65.0,0.0
397.5,-55.581841456181415,0.0,-63.47040182338918,0.004326311997770419,-63.47040182338918,0.004326311997770419,-65.0,0.0,-65.0,0.0
397.6,-55.52893224890051,0.0,-63.47592949163197,0.004240645280525662,-63.47592949163197,0.004240645280525662,-65.0,0.0,-65.0,0.0
397.70000000000005,-55.47628758765601,0.0,-63.48147150673485,0.004156674877935807,-63.48147150673485,0.004156674877935807,-65.0,0.0,-65.0,0.0
397.8,-55.42390614971773,0.0,-63.48702696560081,0.004074367200720197,-63.48702696560081,0.004074367200720197,-65.0,0.0,-65.0,0.0
397.90000000000003,-55.37178661896914,0.0,-63.492594986110454,0.003993689324710495,-63.492594986110454,0.003993689324710495,-65.0,0.0,-65.0,0.0
398.0,-55.31992768587429,0.0,-63.49817470669106,0.003914608977680579,-63.49817470669106,0.003914608977680579,-65.0,0.0,-65.0,0.0
398.1,-55.26832804744492,0.0,-63.50376528589439,0.003837094526437217,-63.50376528589439,0.003837094526437217,-65.0,0.0,-65.0,0.0
398.20000000000005,-55.21698640720769,0.0,-63.50936590198283,0.0037611149641663725,-63.50936590198283,0.0037611149641663725,-65.0,0.0,-65.0,0.0
398.3,-55.16590147517165,0.0,-63.5149757525239,0.0036866398980300624,-63.5149757525239,0.0036866398980300624,-65.0,0.0,-65.0,0.0
398.40000000000003,-55.11507196779579,0.0,-63.52059405399278,0.0036136395370088186,-63.52059405399278,0.0036136395370088186,-65.0,0.0,-65.0,0.0
398.5,-55.06449660795681,0.0,-63.52622004138282,0.0035420846799848814,-63.52622004138282,0.0035420846799848814,-65.0,0.0,-65.0,0.0
398.6,-55.01417412491703,0.0,-63.53185296782387,0.0034719467040613635,-63.53185296782387,0.0034719467040613635,-65.0,0.0,-65.0,0.0
398.70000000000005,-54.96410325429244,0.0,-63.5374921042082,0.0034031975531127103,-63.5374921042082,0.0034031975531127103,-65.0,0.0,-65.0,0.0
398.8,-54.91428273802098,0.0,-63.543136738823875,0.0033358097265618744,-63.543136738823875,0.0033358097265618744,-65.0,0.0,-65.0,0.0
398.90000000000003,-54.86471132433088,0.0,-63.54878617699556,0.0032697562683797195,-63.54878617699556,0.0032697562683797195,-65.0,0.0,-65.0,0.0
399.0,-54.815387767709225,0.0,-63.554439740732434,0.0032050107563022477,-63.554439740732434,0.0032050107563022477,-65.0,0.0,-65.0,0.0
399.1,-54.76631082887068,0.0,-63.56009676838314,0.0031415472912613433,-63.56009676838314,0.0031415472912613433,-65.0,0.0,-65.0,0.0
399.20000000000005,-54.71747927472632,0.0,-63.56575661429771,0.0030793404870247993,-63.56575661429771,0.0030793404870247993,-65.0,0.0,-65.0,0.0
399.3,-54.66889187835269,0.0,-63.571418648496206,0.0030183654600414857,-63.571418648496206,0.0030183654600414857,-65.0,0.0,-65.0,0.0
399.40000000000003,-54.620547418960925,0.0,-63.57708225634398,0.0029585978194875983,-63.57708225634398,0.0029585978194875983,-65.0,0.0,-65.0,0.0
399.5,-54.57244468186612,0.0,-63.582746838233504,0.002900013657510003,-63.582746838233504,0.002900013657510003,-65.0,0.0,-65.0,0.0
399.6,-54.52458245845679,0.0,-63.58841180927251,0.002842589539662776,-63.58841180927251,0.002842589539662776,-65.0,0.0,-65.0,0.0
399.70000000000005,-54.47695954616451,0.0,-63.594076598978376,0.002786302495533113,-63.594076598978376,0.002786302495533113,-65.0,0.0,-65.0,0.0
399.8,-54.42957474843369,0.0,-63.59974065097871,0.0027311300095528585,-63.59974065097871,0.0027311300095528585,-65.0,0.0,-65.0,0.0
399.90000000000003,-54.38242687469152,0.0,-63.60540342271782,0.0026770500119919776,-63.60540342271782,0.0026770500119919776,-65.0,0.0,-65.0,0.0
400.0,-54.33551474031806,0.0,-63.611064385169165,0.0026240408701303695,-63.611064385169165,0.0026240408701303695,-65.0,0.0,-65.0,0.0
400.1,-54.28883716661647,0.0,-63.616723022553515,0.002572081379604492,-63.616723022553515,0.002572081379604492,-65.0,0.0,-65.0,0.0
400.20000000000005,-54.242392980783386,0.0,-63.622378832062786,0.0025211507559253317,-63.622378832062786,0.0025211507559253317,-65.0,0.0,-65.0,0.0
400.3,-54.19618101587947,0.0,-63.62803132358939,0.0024712286261643333,-63.62803132358939,0.0024712286261643333,-65.0,0.0,-65.0,0.0
400.40000000000003,-54.15020011080007,0.0,-63.63368001946104,0.002422295020803955,-63.63368001946104,0.002422295020803955,-65.0,0.0,-65.0,0.0
400.5,-54.10444911024607,0.0,-63.63932445418086,0.002374330365749596,-63.63932445418086,0.002374330365749596,-65.0,0.0,-65.0,0.0
400.6,-54.05892686469484,0.0,-63.644964174172706,0.002327315474499697,-63.644964174172706,0.002327315474499697,-65.0,0.0,-65.0,0.0
400.70000000000005,-54.013632230371364,0.0,-63.65059873753161,0.0022812315404708845,-63.65059873753161,0.0022812315404708845,-65.0,0.0,-65.0,0.0
400.8,-53.96856406921951,0.0,-63.65622771377922,0.0022360601294750867,-63.65622771377922,0.0022360601294750867,-65.0,0.0,-65.0,0.0
400.90000000000003,-53.92372124887341,0.0,-63.661850683624145,0.0021917831723456114,-63.661850683624145,0.0021917831723456114,-65.0,0.0,-65.0,0.0
401.0,-53.87910264262904,0.0,-63.66746723872717,0.0021483829577092395,-63.66746723872717,0.0021483829577092395,-65.0,0.0,-65.0,0.0
401.1,-53.8347071294159,0.0,-63.673076981471084,0.0021058421249014396,-63.673076981471084,0.0021058421249014396,-65.0,0.0,-65.0,0.0
401.20000000000005,-53.790533593768814,0.0,-63.678679524735216,0.0020641436570218693,-63.678679524735216,0.0020641436570218693,-65.0,0.0,-65.0,0.0
401.3,-53.74658092579997,0.0,-63.68427449167448,0.0020232708741273905,-63.68427449167448,0.0020232708741273905,-65.0,0.0,-65.0,0.0
401.40000000000003,-53.702848021170965,0.0,-63.68986151550283,0.001983207426559867,-63.68986151550283,0.001983207426559867,-65.0,0.0,-65.0,0.0
401.5,-53.65933378106511,0.0,-63.69544023928111,0.001943937288406086,-63.69544023928111,0.001943937288406086,-65.0,0.0,-65.0,0.0
401.6,-53.61603711215978,0.0,-63.70101031570916,0.0019054447510871769,-63.70101031570916,0.0019054447510871769,-65.0,0.0,-65.0,0.0
401.70000000000005,-53.572956926598984,0.0,-63.70657140692208,0.0018677144170749713,-63.70657140692208,0.0018677144170749713,-65.0,0.0,-65.0,0.0
401.8,-53.53009214196599,0.0,-63.712123184290604,0.0018307311937327865,-63.712123184290604,0.0018307311937327865,-65.0,0.0,-65.0,0.0
401.90000000000003,-53.48744168125616,0.0,-63.717665328225515,0.0017944802872781696,-63.717665328225515,0.0017944802872781696,-65.0,0.0,-65.0,0.0
402.0,-53.445004472849874,0.0,-63.72319752798595,0.0017589471968651868,-63.72319752798595,0.0017589471968651868,-65.0,0.0,-65.0,0.0
402.1,-53.402779450485625,0.0,-63.72871948149163,0.001724117708783892,-63.72871948149163,0.001724117708783892,-65.0,0.0,-65.0,0.0
402.20000000000005,-53.36076555323319,0.0,-63.734230895138786,0.0016899778907746535,-63.734230895138786,0.0016899778907746535,-65.0,0.0,-65.0,0.0
402.3,-53.31896172546703,0.0,-63.73973148361986,0.001656514086455064,-63.73973148361986,0.001656514086455064,-65.0,0.0,-65.0,0.0
402.40000000000003,-53.27736691683969,0.0,-63.74522096974683,0.0016237129098572054,-63.74522096974683,0.0016237129098572054,-65.0,0.0,-65.0,0.0
402.5,-53.23598008225549,0.0,-63.75069908427806,0.0015915612400730838,-63.75069908427806,0.0015915612400730838,-65.0,0.0,-65.0,0.0
402.6,-53.19480018184421,0.0,-63.75616556574867,0.0015600462160060909,-63.75616556574867,0.0015600462160060909,-65.0,0.0,-65.0,0.0
402.70000000000005,-53.153826180934985,0.0,-63.76162016030431,0.001529155231226394,-63.76162016030431,0.001529155231226394,-65.0,0.0,-65.0,0.0
402.8,-53.11305705003031,0.0,-63.76706262153832,0.001498875928928196,-63.76706262153832,0.001498875928928196,-65.0,0.0,-65.0,0.0
402.90000000000003,-53.07249176478015,0.0,-63.77249271033214,0.0014691961969868481,-63.77249271033214,0.0014691961969868481,-65.0,0.0,-65.0,0.0
403.0,-53.03212930595625,0.0,-63.77791019469892,0.0014401041631138388,-63.77791019469892,0.0014401041631138388,-65.0,0.0,-65.0,0.0
403.1,-52.99196865942647,0.0,-63.78331484963037,0.0014115881901077198,-63.78331484963037,0.0014115881901077198,-65.0,0.0,-65.0,0.0
403.20000000000005,-52.952008816129336,0.0,-63.78870645694662,0.0013836368711990707,-63.78870645694662,0.0013836368711990707,-65.0,0.0,-65.0,0.0
403.3,-52.91224877204869,0.0,-63.79408480514914,0.0013562390254876389,-63.79408480514914,0.0013562390254876389,-65.0,0.0,-65.0,0.0
403.40000000000003,-52.87268752818845,0.0,-63.799449689276656,0.0013293836934698303,-63.799449689276656,0.0013293836934698303,-65.0,0.0,-65.0,0.0
403.5,-52.83332409054751,0.0,-63.804800910763944,0.001303060132654762,-63.804800910763944,0.001303060132654762,-65.0,0.0,-65.0,0.0
403.6,-52.79415747009477,0.0,-63.810138277303494,0.0012772578132671222,-63.810138277303494,0.0012772578132671222,-65.0,0.0,-65.0,0.0
403.70000000000005,-52.755186682744295,0.0,-63.81546160270996,0.0012519664140351206,-63.81546160270996,0.0012519664140351206,-65.0,0.0,-65.0,0.0
403.8,-52.71641074933057,0.0,-63.82077070678738,0.001227175818061841,-63.82077070678738,0.001227175818061841,-65.0,0.0,-65.0,0.0
403.90000000000003,-52.67782869558392,0.0,-63.826065415199054,0.0012028761087783486,-63.826065415199054,0.0012028761087783486,-65.0,0.0,-65.0,0.0
404.0,-52.639439552106,0.0,-63.83134555934007,0.0011790575659769295,-63.83134555934007,0.0011790575659769295,-65.0,0.0,-65.0,0.0
404.1,-52.601242354345466,0.0,-63.83661097621241,0.0011557106619228784,-63.83661097621241,0.0011557106619228784,-65.0,0.0,-65.0,0.0
404.20000000000005,-52.563236142573736,0.0,-63.84186150830258,0.0011328260575432774,-63.84186150830258,0.0011328260575432774,-65.0,0.0,-65.0,0.0
404.3,-52.52541996186087,0.0,-63.84709700346172,0.0011103945986912424,-63.84709700346172,0.0011103945986912424,-65.0,0.0,-65.0,0.0
404.40000000000003,-52.48779286205156,0.0,-63.852317314788166,0.0010884073124841427,-63.852317314788166,0.0010884073124841427,-65.0,0.0,-65.0,0.0
404.5,-52.45035389774131,0.0,-63.85752230051237,0.0010668554037143276,-63.85752230051237,0.0010668554037143276,-65.0,0.0,-65.0,0.0
404.6,-52.4131021282526,0.0,-63.86271182388415,0.0010457302513309267,-63.86271182388415,0.0010457302513309267,-65.0,0.0,-65.0,0.0
404.70000000000005,-52.37603661761134,0.0,-63.86788575306223,0.001025023404991314,-63.86788575306223,0.001025023404991314,-65.0,0.0,-65.0,0.0
404.8,-52.33915643452328,0.0,-63.87304396100608,0.001004726581680859,-63.87304396100608,0.001004726581680859,-65.0,0.0,-65.0,0.0
404.90000000000003,-52.30246065235067,0.0,-63.87818632536985,0.0009848316623996092,-63.87818632536985,0.0009848316623996092,-65.0,0.0,-65.0,0.0
405.0,-52.265948349088916,0.0,-63.88331272839854,0.0009653306889145832,-63.88331272839854,0.0009653306889145832,-65.0,0.0,-65.0,0.0
405.1,-52.22961860734347,0.0,-63.88842305682626,0.0009462158605763705,-63.88842305682626,0.0009462158605763705,-65.0,0.0,-65.0,0.0
405.20000000000005,-52.19347051430675,0.0,-63.89351720177653,0.0009274795311987681,-63.89351720177653,0.0009274795311987681,-65.0,0.0,-65.0,0.0
405.3,-52.15750316173522,0.0,-63.89859505866465,0.0009091142060002038,-63.89859505866465,0.0009091142060002038,-65.0,0.0,-65.0,0.0
405.40000000000003,-52.12171564592654,0.0,-63.90365652710202,0.0008911125386057239,-63.90365652710202,0.0008911125386057239,-65.0,0.0,-65.0,0.0
405.5,-52.08610706769691,0.0,-63.90870151080246,0.0008734673281083453,-63.90870151080246,0.0008734673281083453,-65.0,0.0,-65.0,0.0
405.6,-52.05067653235842,0.0,-63.91372991749035,0.0008561715161885964,-63.91372991749035,0.0008561715161885964,-65.0,0.0,-65.0,0.0
405.70000000000005,-52.01542314969663,0.0,-63.91874165881075,0.0008392181842910953,-63.91874165881075,0.0008392181842910953,-65.0,0.0,-65.0,0.0
405.8,-51.980346033948145,0.0,-63.92373665024127,0.0008226005508570356,-63.92373665024127,0.0008226005508570356,-65.0,0.0,-65.0,0.0
405.90000000000003,-51.9454443037784,0.0,-63.928714811005754,0.0008063119686114724,-63.928714811005754,0.0008063119686114724,-65.0,0.0,-65.0,0.0
406.0,-51.91071708225951,0.0,-63.93367606398977,0.0007903459219043233,-63.93367606398977,0.0007903459219043233,-65.0,0.0,-65.0,0.0
406.1,-51.876163496848214,0.0,-63.938620335657774,0.0007746960241040221,-63.938620335657774,0.0007746960241040221,-65.0,0.0,-65.0,0.0
406.20000000000005,-51.84178267936397,0.0,-63.94354755597196,0.0007593560150427806,-63.94354755597196,0.0007593560150427806,-65.0,0.0,-65.0,0.0
406.3,-51.807573765967156,0.0,-63.94845765831285,0.000744319758512438,-63.94845765831285,0.000744319758512438,-65.0,0.0,-65.0,0.0
406.40000000000003,-51.77353589713732,0.0,-63.95335057940138,0.0007295812398098962,-63.95335057940138,0.0007295812398098962,-65.0,0.0,-65.0,0.0
406.5,-51.739668217651634,0.0,-63.958226259222705,0.000715134563331158,-63.958226259222705,0.000715134563331158,-65.0,0.0,-65.0,0.0
406.6,-51.70596987656337,0.0,-63.963084640951486,0.0007009739502130067,-63.963084640951486,0.0007009739502130067,-65.0,0.0,-65.0,0.0
406.70000000000005,-51.672440027180556,0.0,-63.96792567087872,0.0006870937360213847,-63.96792567087872,0.0006870937360213847,-65.0,0.0,-65.0,0.0
406.8,-51.63907782704465,0.0,-63.972749298340084,0.0006734883684855433,-63.972749298340084,0.0006734883684855433,-65.0,0.0,-65.0,0.0
406.90000000000003,-51.60588243790943,0.0,-63.977555475645744,0.0006601524052770606,-63.977555475645744,0.0006601524052770606,-65.0,0.0,-65.0,0.0
407.0,-51.57285302571988,0.0,-63.9823441580116,0.0006470805118328382,-63.9823441580116,0.0006470805118328382,-65.0,0.0,-65.0,0.0
407.1,-51.53998876059128,0.0,-63.98711530349193,0.0006342674592212041,-63.98711530349193,0.0006342674592212041,-65.0,0.0,-65.0,0.0
407.20000000000005,-51.507288816788325,0.0,-63.99186887291345,0.0006217081220502708,-63.99186887291345,0.0006217081220502708,-65.0,0.0,-65.0,0.0
407.3,-51.47475237270438,0.0,-63.99660482981067,0.0006093974764177098,-63.99660482981067,0.0006093974764177098,-65.0,0.0,-65.0,0.0
407.40000000000003,-51.442378610840855,0.0,-64.00132314036267,0.0005973305979011238,-64.00132314036267,0.0005973305979011238,-65.0,0.0,-65.0,0.0
407.5,-51.41016671778665,0.0,-64.00602377333107,0.0005855026595882124,-64.00602377333107,0.0005855026595882124,-65.0,0.0,-65.0,0.0
407.6,-51.37811588419772,0.0,-64.01070669999933,0.0005739089301459425,-64.01070669999933,0.0005739089301459425,-65.0,0.0,-65.0,0.0
407.70000000000005,-51.34622530477673,0.0,-64.01537189411337,0.0005625447719279521,-64.01537189411337,0.0005625447719279521,-65.0,0.0,-65.0,0.0
407.8,-51.31449417825284,0.0,-64.02001933182325,0.0005514056391194298,-64.02001933182325,0.0005514056391194298,-65.0,0.0,-65.0,0.0
407.90000000000003,-51.28292170736158,0.0,-64.02464899162618,0.0005404870759187286,-64.02464899162618,0.0005404870759187286,-65.0,0.0,-65.0,0.0
408.0,-51.251507098824774,0.0,-64.02926085431068,0.0005297847147549853,-64.02926085431068,0.0005297847147549853,-65.0,0.0,-65.0,0.0
408.1,-51.22024956333065,0.0,-64.03385490290185,0.0005192942745410343,-64.03385490290185,0.0005192942745410343,-65.0,0.0,-65.0,0.0
408.20000000000005,-51.189148315514,0.0,-64.03843112260786,0.0005090115589609158,-64.03843112260786,0.0005090115589609158,-65.0,0.0,-65.0,0.0
408.3,-51.15820257393643,0.0,-64.04298950076742,0.000498932454791293,-64.04298950076742,0.000498932454791293,-65.0,0.0,-65.0,0.0
408.40000000000003,-51.127411561066744,0.0,-64.04753002679846,0.000489052930256108,-64.04753002679846,0.000489052930256108,-65.0,0.0,-65.0,0.0
408.5,-51.09677450326141,0.0,-64.05205269214775,0.0004793690334138181,-64.05205269214775,0.0004793690334138181,-65.0,0.0,-65.0,0.0
408.6,-51.0662906307451,0.0,-64.05655749024173,0.00046987689057656615,-64.05655749024173,0.00046987689057656615,-65.0,0.0,-65.0,0.0
408.70000000000005,-51.03595917759137,0.0,-64.06104441643814,0.00046057270476065356,-64.06104441643814,0.00046057270476065356,-65.0,0.0,-65.0,0.0
408.8,-51.00577938170341,0.0,-64.06551346797886,0.0004514527541676965,-64.06551346797886,0.0004514527541676965,-65.0,0.0,-65.0,0.0
408.90000000000003,-50.975750484794894,0.0,-64.06996464394362,0.0004425133906958568,-64.06996464394362,0.0004425133906958568,-65.0,0.0,-65.0,0.0
409.0,-50.94587173237092,0.0,-64.07439794520467,0.0004337510384805527,-64.07439794520467,0.0004337510384805527,-65.0,0.0,-65.0,0.0
409.1,-50.916142373709064,0.0,-64.0788133743824,0.0004251621924640651,-64.0788133743824,0.0004251621924640651,-65.0,0.0,-65.0,0.0
409.20000000000005,-50.88656166184052,0.0,-64.083210935802,0.000416743416993468,-64.083210935802,0.000416743416993468,-65.0,0.0,-65.0,0.0
409.3,-50.857128853531314,0.0,-64.08759063545077,0.0004084913444463212,-64.08759063545077,0.0004084913444463212,-65.0,0.0,-65.0,0.0
409.40000000000003,-50.827843209263655,0.0,-64.09195248093657,0.0004004026738835768,-64.09195248093657,0.0004004026738835768,-65.0,0.0,-65.0,0.0
409.5,-50.79870399321734,0.0,-64.09629648144703,0.0003924741697291594,-64.09629648144703,0.0003924741697291594,-65.0,0.0,-65.0,0.0
409.6,-50.76971047325125,0.0,-64.10062264770956,0.0003847026604756923,-64.10062264770956,0.0003847026604756923,-65.0,0.0,-65.0,0.0
409.70000000000005,-50.740861920884996,0.0,-64.1049309919523,0.00037708503741585274,-64.1049309919523,0.00037708503741585274,-65.0,0.0,-65.0,0.0
409.8,-50.712157611280574,0.0,-64.10922152786584,0.00036961825339884704,-64.10922152786584,0.00036961825339884704,-65.0,0.0,-65.0,0.0
409.90000000000003,-50.68359682322417,0.0,-64.11349427056571,0.00036229932161150995,-64.11349427056571,0.00036229932161150995,-65.0,0.0,-65.0,0.0
410.0,-50.65517883910805,0.0,-64.1177492365557,0.0003551253143835395,-64.1177492365557,0.0003551253143835395,-65.0,0.0,-65.0,0.0
410.1,-50.626902944912516,0.0,-64.12198644369191,0.0003480933620163898,-64.12198644369191,0.0003480933620163898,-65.0,0.0,-65.0,0.0
410.20000000000005,-50.59876843018795,0.0,-64.12620591114764,0.00034120065163535337,-64.12620591114764,0.00034120065163535337,-65.0,0.0,-65.0,0.0
410.3,-50.57077458803701,0.0,-64.13040765937886,0.00033444442606437376,-64.13040765937886,0.00033444442606437376,-65.0,0.0,-65.0,0.0
410.40000000000003,-50.54292071509683,0.0,-64.1345917100906,0.0003278219827231384,-64.1345917100906,0.0003278219827231384,-65.0,0.0,-65.0,0.0
410.5,-50.515206111521344,0.0,-64.13875808620388,0.0003213306725460103,-64.13875808620388,0.0003213306725460103,-65.0,0.0,-65.0,0.0
410.6,-50.48763008096374,0.0,-64.1429068118234,0.0003149678989223667,-64.1429068118234,0.0003149678989223667,-65.0,0.0,-65.0,0.0
410.70000000000005,-50.46019193055892,0.0,-64.14703791220595,0.00030873111665792,-64.14703791220595,0.00030873111665792,-65.0,0.0,-65.0,0.0
410.8,-50.43289097090613,0.0,-64.15115141372944,0.0003026178309566063,-64.15115141372944,0.0003026178309566063,-65.0,0.0,-65.0,0.0
410.90000000000003,-50.4057265160516,0.0,-64.15524734386258,0.0002966255964226334,-64.15524734386258,0.0002966255964226334,-65.0,0.0,-65.0,0.0
411.0,-50.37869788347135,0.0,-64.15932573113523,0.00029075201608229025,-64.15932573113523,0.00029075201608229025,-65.0,0.0,-65.0,0.0
411.1,-50.35180439405399,0.0,-64.16338660510934,0.0002849947404251253,-64.16338660510934,0.0002849947404251253,-65.0,0.0,-65.0,0.0
411.20000000000005,-50.32504537208372,0.0,-64.16742999635056,0.0002793514664641109,-64.16742999635056,0.0002793514664641109,-65.0,0.0,-65.0,0.0
411.3,-50.298420145223304,0.0,-64.1714559364004,0.000273819936814418,-64.1714559364004,0.000273819936814418,-65.0,0.0,-65.0,0.0
411.40000000000003,-50.27192804449719,0.0,-64.17546445774902,0.0002683979387904321,-64.17546445774902,0.0002683979387904321,-65.0,0.0,-65.0,0.0
411.5,-50.2455684042747,0.0,-64.17945559380851,0.0002630833035206492,-64.17945559380851,0.0002630833035206492,-65.0,0.0,-65.0,0.0
411.6,-50.21934056225333,0.0,-64.18342937888693,0.00025787390508009875,-64.18342937888693,0.00025787390508009875,-65.0,0.0,-65.0,0.0
411.70000000000005,-50.19324385944206,0.0,-64.18738584816268,0.0002527676596399449,-64.18738584816268,0.0002527676596399449,-65.0,0.0,-65.0,0.0
411.8,-50.16727764014485,0.0,-64.19132503765955,0.00024776252463392745,-64.19132503765955,0.00024776252463392745,-65.0,0.0,-65.0,0.0
411.90000000000003,-50.14144125194413,0.0,-64.19524698422228,0.00024285649794130796,-64.19524698422228,0.00024285649794130796,-65.0,0.0,-65.0,0.0
412.0,-50.11573404568441,0.0,-64.19915172549263,0.0002380476170859948,-64.19915172549263,0.0002380476170859948,-65.0,0.0,-65.0,0.0
412.1,-50.09015537545599,0.0,-64.20303929988594,0.00023333395845152657,-64.20303929988594,0.00023333395845152657,-65.0,0.0,-65.0,0.0
412.20000000000005,-50.064704598578714,0.0,-64.20690974656826,0.0002287136365115999,-64.20690974656826,0.0002287136365115999,-65.0,0.0,-65.0,0.0
412.3,-50.03938107558582,0.0,-64.21076310543388,0.0002241848030758337,-64.21076310543388,0.0002241848030758337,-65.0,0.0,-65.0,0.0
412.40000000000003,-50.01418417020789,0.0,-64.21459941708343,0.00021974564655046836,-64.21459941708343,0.00021974564655046836,-65.0,0.0,-65.0,0.0
412.5,-65.0,0.0,-64.1784187228024,0.08021539439121371,-64.1784187228024,0.08021539439121371,-65.0,0.0,-65.0,0.0
412.6,-65.0,0.0,-64.14321311760787,0.07862702316104582,-64.14321311760787,0.07862702316104582,-65.0,0.0,-65.0,0.0
412.70000000000005,-65.0,0.0,-64.10896200012557,0.07707010378851663,-64.10896200012557,0.07707010378851663,-65.0,0.0,-65.0,0.0
412.8,-65.0,0.0,-64.07564518338239,0.07554401348511793,-64.07564518338239,0.07554401348511793,-65.0,0.0,-65.0,0.0
412.90000000000003,-65.0,0.0,-64.0432428865683,0.07404814179438021,-64.0432428865683,0.07404814179438021,-65.0,0.0,-65.0,0.0
413.0,-65.0,0.0,-64.01173572696162,0.07258189034768198,-64.01173572696162,0.07258189034768198,-65.0,0.0,-65.0,0.0
413.1,-65.0,0.0,-63.981104712014364,0.07114467262489425,-63.981104712014364,0.07114467262489425,-65.0,0.0,-65.0,0.0
413.20000000000005,-65.0,0.0,-63.95133123159441,0.06973591371976477,-63.95133123159441,0.06973591371976477,-65.0,0.0,-65.0,0.0
413.3,-65.0,0.0,-63.92239705038146,0.06835505010994779,-63.92239705038146,0.06835505010994779,-65.0,0.0,-65.0,0.0
413.40000000000003,-65.0,0.0,-63.89428430041376,0.06700152943158759,-63.89428430041376,0.06700152943158759,-65.0,0.0,-65.0,0.0
413.5,-65.0,0.0,-63.86697547378251,0.06567481025836568,-63.86697547378251,0.06567481025836568,-65.0,0.0,-65.0,0.0
413.6,-65.0,0.0,-63.84045341547114,0.06437436188492292,-63.84045341547114,0.06437436188492292,-65.0,0.0,-65.0,0.0
413.70000000000005,-65.0,0.0,-63.814701316336496,0.0630996641145704,-63.814701316336496,0.0630996641145704,-65.0,0.0,-65.0,0.0
413.8,-65.0,0.0,-63.789702706229214,0.061850207051203775,-63.789702706229214,0.061850207051203775,-65.0,0.0,-65.0,0.0
413.90000000000003,-65.0,0.0,-63.765441447250396,0.06062549089533806,-63.765441447250396,0.06062549089533806,-65.0,0.0,-65.0,0.0
414.0,-65.0,0.0,-63.74190172714205,0.05942502574418113,-63.74190172714205,0.05942502574418113,-65.0,0.0,-65.0,0.0
414.1,-65.0,0.0,-63.71906805280851,0.058248331395666125,-63.71906805280851,0.058248331395666125,-65.0,0.0,-65.0,0.0
414.20000000000005,-65.0,0.0,-63.696925243966284,0.057094937156364156,-63.696925243966284,0.057094937156364156,-65.0,0.0,-65.0,0.0
414.3,-65.0,0.0,-63.67545842691985,0.05596438165320071,-63.67545842691985,0.05596438165320071,-65.0,0.0,-65.0,0.0
414.40000000000003,-65.0,0.0,-63.65465302846081,0.05485621264890025,-63.65465302846081,0.05485621264890025,-65.0,0.0,-65.0,0.0
414.5,-64.9,0.0,-63.63449476988796,0.05376998686108527,-63.63449476988796,0.05376998686108527,-65.0,0.0,-65.0,0.0
414.6,-64.8005,0.0,-63.61496966114604,0.052705269784957445,-63.61496966114604,0.052705269784957445,-65.0,0.0,-65.0,0.0
414.70000000000005,-64.7014975,0.0,-63.59606399508056,0.0516616355194899,-63.59606399508056,0.0516616355194899,-65.0,0.0,-65.0,0.0
414.8,-64.6029900125,0.0,-63.57776434180663,0.05063866659706114,-63.57776434180663,0.05063866659706114,-65.0,0.0,-65.0,0.0
414.90000000000003,-64.5049750624375,0.0,-63.560057543189366,0.049635953816462436,-63.560057543189366,0.049635953816462436,-65.0,0.0,-65.0,0.0
415.0,-64.4074501871253,0.0,-63.54293070743381,0.04865309607921185,-63.54293070743381,0.04865309607921185,-65.0,0.0,-65.0,0.0
415.1,-64.31041293618968,0.0,-63.52637120378209,0.04768970022910955,-63.52637120378209,0.04768970022910955,-65.0,0.0,-65.0,0.0
415.20000000000005,-64.21386087150873,0.0,-63.51036665731569,0.046745380894970046,-63.51036665731569,0.046745380894970046,-65.0,0.0,-65.0,0.0
415.3,-64.11779156715119,0.0,-63.49490494386088,0.04581976033646858,-63.49490494386088,0.04581976033646858,-65.0,0.0,-65.0,0.0
415.40000000000003,-64.02220260931543,0.0,-63.47997418499506,0.04491246829303999,-63.47997418499506,0.04491246829303999,-65.0,0.0,-65.0,0.0
415.5,-63.92709159626885,0.0,-63.4655627431522,0.04402314183576951,-63.4655627431522,0.04402314183576951,-65.0,0.0,-65.0,0.0
415.6,-63.832456138287505,0.0,-63.45165921682533,0.04315142522221639,-63.45165921682533,0.04315142522221639,-65.0,0.0,-65.0,0.0
415.70000000000005,-63.73829385759607,0.0,-63.43825243586414,0.042296969754112165,-63.43825243586414,0.042296969754112165,-65.0,0.0,-65.0,0.0
415.8,-63.64460238830809,0.0,-63.425331456865884,0.0414594336378767,-63.425331456865884,0.0414594336378767,-65.0,0.0,-65.0,0.0
415.90000000000003,-63.55137937636655,0.0,-63.41288555865761,0.0406384818478962,-63.41288555865761,0.0406384818478962,-65.0,0.0,-65.0,0.0
416.0,-63.45862247948472,0.0,-63.40090423786806,0.03983378599250851,-63.40090423786806,0.03983378599250851,-65.0,0.0,-65.0,0.0
416.1,-63.366329367087296,0.0,-63.3893772045874,0.03904502418264205,-63.3893772045874,0.03904502418264205,-65.0,0.0,-65.0,0.0
416.20000000000005,-63.27449772025186,0.0,-63.37829437811293,0.038271880903055916,-63.37829437811293,0.038271880903055916,-65.0,0.0,-65.0,0.0
416.3,-63.1831252316506,0.0,-63.36764588277931,0.037514046886129554,-63.36764588277931,0.037514046886129554,-65.0,0.0,-65.0,0.0
416.40000000000003,-63.09220960549235,0.0,-63.35742204387133,0.036771218988151604,-63.35742204387133,0.036771218988151604,-65.0,0.0,-65.0,0.0
416.5,-63.001748557464886,0.0,-63.34761338361795,0.036043100068058366,-63.34761338361795,0.036043100068058366,-65.0,0.0,-65.0,0.0
416.6,-62.91173981467756,0.0,-63.338210617265574,0.03532939886857343,-63.338210617265574,0.03532939886857343,-65.0,0.0,-65.0,0.0
416.70000000000005,-62.822181115604174,0.0,-63.329204649229396,0.034629829899700856,-63.329204649229396,0.034629829899700856,-65.0,0.0,-65.0,0.0
416.8,-62.733070210026156,0.0,-63.32058656932099,0.033944113324525384,-63.32058656932099,0.033944113324525384,-65.0,0.0,-65.0,0.0
416.90000000000003,-62.644404858976024,0.0,-63.31234764905074,0.033271974847273934,-63.31234764905074,0.033271974847273934,-65.0,0.0,-65.0,0.0
417.0,-62.556182834681145,0.0,-63.304479338003695,0.03261314560359364,-63.304479338003695,0.03261314560359364,-65.0,0.0,-65.0,0.0
417.1,-62.46840192050774,0.0,-63.296973260287174,0.031967362053002525,-63.296973260287174,0.031967362053002525,-65.0,0.0,-65.0,0.0
417.20000000000005,-62.3810599109052,0.0,-63.289821211049,0.031334365873469786,-63.289821211049,0.031334365873469786,-65.0,0.0,-65.0,0.0
417.3,-62.29415461135068,0.0,-63.28301515306472,0.03071390385808355,-63.28301515306472,0.03071390385808355,-65.0,0.0,-65.0,0.0
417.40000000000003,-62.207683838293924,0.0,-63.27654721339251,0.030105727813764728,-63.27654721339251,0.030105727813764728,-65.0,0.0,-65.0,0.0
417.5,-62.12164541910246,0.0,-63.27040968009456,0.029509594461986467,-63.27040968009456,0.029509594461986467,-65.0,0.0,-65.0,0.0
417.6,-62.036037192006944,0.0,-63.26459499902336,0.028925265341459505,-63.26459499902336,0.028925265341459505,-65.0,0.0,-65.0,0.0
417.70000000000005,-61.95085700604691,0.0,-63.25909577067187,0.028352506712744478,-63.25909577067187,0.028352506712744478,-65.0,0.0,-65.0,0.0
417.8,-61.866102721016674,0.0,-63.25390474708613,0.02779108946475301,-63.25390474708613,0.02779108946475301,-65.0,0.0,-65.0,0.0
417.90000000000003,-61.78177220741159,0.0,-63.24901482883915,0.027240789023100242,-63.24901482883915,0.027240789023100242,-65.0,0.0,-65.0,0.0
418.0,-61.69786334637453,0.0,-63.24441906206482,0.02670138526027208,-63.24441906206482,0.02670138526027208,-65.0,0.0,-65.0,0.0
418.1,-61.61437402964266,0.0,-63.240110635550714,0.026172662407571243,-63.240110635550714,0.026172662407571243,-65.0,0.0,-65.0,0.0
418.20000000000005,-61.53130215949445,0.0,-63.236082877888556,0.02565440896880692,-63.236082877888556,0.02565440896880692,-65.0,0.0,-65.0,0.0
418.3,-61.44864564869698,0.0,-63.23232925468127,0.025146417635693467,-63.23232925468127,0.025146417635693467,-65.0,0.0,-65.0,0.0
418.40000000000003,-61.3664024204535,0.0,-63.228843365805396,0.02464848520492433,-63.228843365805396,0.02464848520492433,-65.0,0.0,-65.0,0.0
418.5,-61.28457040835123,0.0,-63.22561894272793,0.024160412496888013,-63.22561894272793,0.024160412496888013,-65.0,0.0,-65.0,0.0
418.6,-61.203147556309474,0.0,-63.22264984587629,0.023682004275993578,-63.22264984587629,0.023682004275993578,-65.0,0.0,-65.0,0.0
418.70000000000005,-61.122131818527926,0.0,-63.21993006206062,0.02321306917257381,-63.21993006206062,0.02321306917257381,-65.0,0.0,-65.0,0.0
418.8,-61.041521159435284,0.0,-63.21745370194715,0.022753419606334785,-63.21745370194715,0.022753419606334785,-65.0,0.0,-65.0,0.0
418.90000000000003,-60.96131355363811,0.0,-63.215214997581754,0.02230287171132127,-63.215214997581754,0.02230287171132127,-65.0,0.0,-65.0,0.0
419.0,-60.88150698586992,0.0,-63.21320829996266,0.021861245262367872,-63.21320829996266,0.021861245262367872,-65.0,0.0,-65.0,0.0
419.1,-60.80209945094057,0.0,-63.21142807666134,0.021428363603006578,-63.21142807666134,0.021428363603006578,-65.0,0.0,-65.0,0.0
419.20000000000005,-60.72308895368587,0.0,-63.20986890949064,0.02100405357480181,-63.20986890949064,0.02100405357480181,-65.0,0.0,-65.0,0.0
419.3,-60.644473508917436,0.0,-63.208525492219145,0.02058814544808474,-63.208525492219145,0.02058814544808474,-65.0,0.0,-65.0,0.0
419.40000000000003,-60.566251141372845,0.0,-63.20739262833102,0.020180472854059175,-63.20739262833102,0.020180472854059175,-65.0,0.0,-65.0,0.0
419.5,-60.488419885665984,0.0,-63.20646522883024,0.019780872718251793,-63.20646522883024,0.019780872718251793,-65.0,0.0,-65.0,0.0
419.6,-60.41097778623765,0.0,-63.20573831008845,0.019389185195280198,-63.20573831008845,0.019389185195280198,-65.0,0.0,-65.0,0.0
419.70000000000005,-60.333922897306465,0.0,-63.20520699173555,0.01900525360491263,-63.20520699173555,0.01900525360491263,-65.0,0.0,-65.0,0.0
419.8,-60.25725328281993,0.0,-63.204866494592174,0.018628924369393788,-63.204866494592174,0.018628924369393788,-65.0,0.0,-65.0,0.0
419.90000000000003,-60.18096701640583,0.0,-63.20471213864321,0.018260046952011673,-63.20471213864321,0.018260046952011673,-65.0,0.0,-65.0,0.0
420.0,-60.1050621813238,0.0,-63.20473934105155,0.017898473796880903,-63.20473934105155,0.017898473796880903,-65.0,0.0,-65.0,0.0
420.1,-60.02953687041718,0.0,-63.20494361421133,0.017544060269918383,-63.20494361421133,0.017544060269918383,-65.0,0.0,-65.0,0.0
420.20000000000005,-59.95438918606509,0.0,-63.20532056383978,0.017196664600987753,-63.20532056383978,0.017196664600987753,-65.0,0.0,-65.0,0.0
420.3,-59.87961724013477,0.0,-63.20586588710698,0.016856147827189437,-63.20586588710698,0.016856147827189437,-65.0,0.0,-65.0,0.0
420.40000000000003,-59.8052191539341,0.0,-63.20657537080281,0.01652237373727363,-63.20657537080281,0.01652237373727363,-65.0,0.0,-65.0,0.0
420.5,-59.73119305816443,0.0,-63.20744488954022,0.01619520881715399,-63.20744488954022,0.01619520881715399,-65.0,0.0,-65.0,0.0
420.6,-59.6575370928736,0.0,-63.20847040399427,0.015874522196500207,-63.20847040399427,0.015874522196500207,-65.0,0.0,-65.0,0.0
420.70000000000005,-59.58424940740924,0.0,-63.2096479591761,0.015560185596388141,-63.2096479591761,0.015560185596388141,-65.0,0.0,-65.0,0.0
420.8,-59.511328160372194,0.0,-63.210973682741226,0.015252073277986538,-63.210973682741226,0.015252073277986538,-65.0,0.0,-65.0,0.0
420.90000000000003,-59.43877151957033,0.0,-63.21244378333139,0.014950061992259818,-63.21244378333139,0.014950061992259818,-65.0,0.0,-65.0,0.0
421.0,-59.36657766197248,0.0,-63.2140545489494,0.01465403093066682,-63.2140545489494,0.01465403093066682,-65.0,0.0,-65.0,0.0
421.1,-59.294744773662615,0.0,-63.215802345366235,0.014363861676835774,-63.215802345366235,0.014363861676835774,-65.0,0.0,-65.0,0.0
421.20000000000005,-59.2232710497943,0.0,-63.2176836145598,0.01407943815919617,-63.2176836145598,0.01407943815919617,-65.0,0.0,-65.0,0.0
421.3,-59.15215469454533,0.0,-63.21969487318473,0.01380064660454859,-63.21969487318473,0.01380064660454859,-65.0,0.0,-65.0,0.0
421.40000000000003,-59.0813939210726,0.0,-63.22183271107253,0.013527375492553905,-63.22183271107253,0.013527375492553905,-65.0,0.0,-65.0,0.0
421.5,-59.01098695146724,0.0,-63.2240937897616,0.013259515511123653,-63.2240937897616,0.013259515511123653,-65.0,0.0,-65.0,0.0
421.6,-58.9409320167099,0.0,-63.22647484105645,0.012996959512693747,-63.22647484105645,0.012996959512693747,-65.0,0.0,-65.0,0.0
421.70000000000005,-58.87122735662635,0.0,-63.22897266561549,0.012739602471364023,-63.22897266561549,0.012739602471364023,-65.0,0.0,-65.0,0.0
421.8,-58.801871219843214,0.0,-63.23158413156697,0.012487341440886476,-63.23158413156697,0.012487341440886476,-65.0,0.0,-65.0,0.0
421.90000000000003,-58.732861863744,0.0,-63.23430617315239,0.01224007551348539,-63.23430617315239,0.01224007551348539,-65.0,0.0,-65.0,0.0
422.0,-58.66419755442528,0.0,-63.23713578939688,0.011997705779492879,-63.23713578939688,0.011997705779492879,-65.0,0.0,-65.0,0.0
422.1,-58.59587656665315,0.0,-63.240070042806,0.01176013528778371,-63.240070042806,0.01176013528778371,-65.0,0.0,-65.0,0.0
422.20000000000005,-58.52789718381989,0.0,-63.24310605808848,0.011527269006993548,-63.24310605808848,0.011527269006993548,-65.0,0.0,-65.0,0.0
422.3,-58.460257697900786,0.0,-63.246241020904286,0.011299013787505153,-63.246241020904286,0.011299013787505153,-65.0,0.0,-65.0,0.0
422.40000000000003,-58.39295640941128,0.0,-63.249472176637674,0.011075278324187287,-63.249472176637674,0.011075278324187287,-65.0,0.0,-65.0,0.0
422.5,-58.325991627364225,0.0,-63.25279682919455,0.010855973119871442,-63.25279682919455,0.010855973119871442,-65.0,0.0,-65.0,0.0
422.6,-58.2593616692274,0.0,-63.256212339823804,0.010641010449551784,-63.256212339823804,0.010641010449551784,-65.0,0.0,-65.0,0.0
422.70000000000005,-58.193064860881265,0.0,-63.259716125962036,0.010430304325293979,-63.259716125962036,0.010430304325293979,-65.0,0.0,-65.0,0.0
422.8,-58.12709953657686,0.0,-63.26330566010131,0.01022377046183887,-63.26330566010131,0.01022377046183887,-65.0,0.0,-65.0,0.0
422.90000000000003,-58.06146403889397,0.0,-63.26697846867936,0.010021326242887253,-63.26697846867936,0.010021326242887253,-65.0,0.0,-65.0,0.0
423.0,-57.9961567186995,0.0,-63.27073213099194,0.009822890688052255,-63.27073213099194,0.009822890688052255,-65.0,0.0,-65.0,0.0
423.1,-57.931175935106005,0.0,-63.274564278126746,0.0096283844204661,-63.274564278126746,0.0096283844204661,-65.0,0.0,-65.0,0.0
423.20000000000005,-57.86652005543048,0.0,-63.2784725919186,0.009437729635028303,-63.2784725919186,0.009437729635028303,-65.0,0.0,-65.0,0.0
423.3,-57.80218745515332,0.0,-63.28245480392537,0.00925085006728259,-63.28245480392537,0.00925085006728259,-65.0,0.0,-65.0,0.0
423.40000000000003,-57.738176517877555,0.0,-63.286508694424285,0.009067670962910102,-63.286508694424285,0.009067670962910102,-65.0,0.0,-65.0,0.0
423.5,-57.674485635288164,0.0,-63.29063209142825,0.00888811904782667,-63.29063209142825,0.00888811904782667,-65.0,0.0,-65.0,0.0
423.6,-57.61111320711172,0.0,-63.29482286972167,0.008712122498872201,-63.29482286972167,0.008712122498872201,-65.0,0.0,-65.0,0.0
423.70000000000005,-57.54805764107616,0.0,-63.299078949915526,0.008539610915080466,-63.299078949915526,0.008539610915080466,-65.0,0.0,-65.0,0.0
423.8,-57.48531735287078,0.0,-63.30339829752119,0.008370515289517759,-63.30339829752119,0.008370515289517759,-65.0,0.0,-65.0,0.0
423.90000000000003,-57.42289076610643,0.0,-63.30777892204274,0.008204767981679217,-63.30777892204274,0.008204767981679217,-65.0,0.0,-65.0,0.0
424.0,-57.360776312275895,0.0,-63.312218876087314,0.008042302690431713,-63.312218876087314,0.008042302690431713,-65.0,0.0,-65.0,0.0
424.1,-57.298972430714514,0.0,-63.31671625449313,0.007883054427492514,-63.31671625449313,0.007883054427492514,-65.0,0.0,-65.0,0.0
424.20000000000005,-57.23747756856094,0.0,-63.32126919347495,0.007726959491433105,-63.32126919347495,0.007726959491433105,-65.0,0.0,-65.0,0.0
424.3,-57.176290180718134,0.0,-63.32587586978647,0.00757395544219777,-63.32587586978647,0.00757395544219777,-65.0,0.0,-65.0,0.0
424.40000000000003,-57.11540872981454,0.0,-63.33053449989948,0.007423981076126733,-63.33053449989948,0.007423981076126733,-65.0,0.0,-65.0,0.0
424.5,-57.054831686165464,0.0,-63.335243339199245,0.007276976401473881,-63.335243339199245,0.007276976401473881,-65.0,0.0,-65.0,0.0
424.6,-56.994557527734635,0.0,-63.340000681196045,0.007132882614409264,-63.340000681196045,0.007132882614409264,-65.0,0.0,-65.0,0.0
424.70000000000005,-56.934584740095964,0.0,-63.34480485675232,0.006991642075496781,-63.34480485675232,0.006991642075496781,-65.0,0.0,-65.0,0.0
424.8,-56.87491181639548,0.0,-63.34965423332524,0.006853198286637633,-63.34965423332524,0.006853198286637633,-65.0,0.0,-65.0,0.0
424.90000000000003,-56.8155372573135,0.0,-63.354547214224375,0.006717495868470336,-63.354547214224375,0.006717495868470336,-65.0,0.0,-65.0,0.0
425.0,-56.75645957102693,0.0,-63.359482237884144,0.006584480538218233,-63.359482237884144,0.006584480538218233,-65.0,0.0,-65.0,0.0
425.1,-56.6976772731718,0.0,-63.36445777715073,0.006454099087975662,-63.36445777715073,0.006454099087975662,-65.0,0.0,-65.0,0.0
425.20000000000005,-56.63918888680594,0.0,-63.369472338583265,0.006326299363424083,-63.369472338583265,0.006326299363424083,-65.0,0.0,-65.0,0.0
425.3,-56.58099294237191,0.0,-63.374524461768864,0.006201030242969656,-63.374524461768864,0.006201030242969656,-65.0,0.0,-65.0,0.0
425.40000000000003,-56.52308797766005,0.0,-63.37961271865137,0.006078241617293923,-63.37961271865137,0.006078241617293923,-65.0,0.0,-65.0,0.0
425.5,-56.465472537771745,0.0,-63.384735712873464,0.00595788436930941,-63.384735712873464,0.00595788436930941,-65.0,0.0,-65.0,0.0
425.6,-56.408145175082886,0.0,-63.38989207913184,0.005839910354512139,-63.38989207913184,0.005839910354512139,-65.0,0.0,-65.0,0.0
425.70000000000005,-56.35110444920747,0.0,-63.39508048254532,0.005724272381723181,-63.39508048254532,0.005724272381723181,-65.0,0.0,-65.0,0.0
425.8,-56.29434892696143,0.0,-63.40029961803548,0.0056109241942115615,-63.40029961803548,0.0056109241942115615,-65.0,0.0,-65.0,0.0
425.90000000000003,-56.23787718232663,0.0,-63.40554820971971,0.005499820451190947,-63.40554820971971,0.005499820451190947,-65.0,0.0,-65.0,0.0
426.0,-56.18168779641499,0.0,-63.41082501031627,0.005390916709682727,-63.41082501031627,0.005390916709682727,-65.0,0.0,-65.0,0.0
426.1,-56.12577935743292,0.0,-63.416128800561324,0.0052841694067382265,-63.416128800561324,0.0052841694067382265,-65.0,0.0,-65.0,0.0
426.20000000000005,-56.070150460645756,0.0,-63.42145838863751,0.005179535842012953,-63.42145838863751,0.005179535842012953,-65.0,0.0,-65.0,0.0
426.3,-56.01479970834253,0.0,-63.42681260961398,0.0050769741606858845,-63.42681260961398,0.0050769741606858845,-65.0,0.0,-65.0,0.0
426.40000000000003,-55.959725709800814,0.0,-63.432190324897554,0.004976443336716981,-63.432190324897554,0.004976443336716981,-65.0,0.0,-65.0,0.0
426.5,-55.90492708125181,0.0,-63.43759042169485,0.004877903156436227,-63.43759042169485,0.004877903156436227,-65.0,0.0,-65.0,0.0
426.6,-55.85040244584555,0.0,-63.443011812485146,0.004781314202457624,-63.443011812485146,0.004781314202457624,-65.0,0.0,-65.0,0.0
426.70000000000005,-55.796150433616326,0.0,-63.44845343450376,0.004686637837911709,-63.44845343450376,0.004686637837911709,-65.0,0.0,-65.0,0.0
426.8,-55.742169681448246,0.0,-63.453914249235744,0.004593836190990297,-63.453914249235744,0.004593836190990297,-65.0,0.0,-65.0,0.0
426.90000000000003,-55.688458833041004,0.0,-63.45939324191966,0.004502872139797247,-63.45939324191966,0.004502872139797247,-65.0,0.0,-65.0,0.0
427.0,-55.635016538875796,0.0,-63.464889421061315,0.004413709297499212,-63.464889421061315,0.004413709297499212,-65.0,0.0,-65.0,0.0
427.1,-55.581841456181415,0.0,-63.470401817957125,0.004326311997770419,-63.470401817957125,0.004326311997770419,-65.0,0.0,-65.0,0.0
427.20000000000005,-55.52893224890051,0.0,-63.47592948622707,0.004240645280525662,-63.47592948622707,0.004240645280525662,-65.0,0.0,-65.0,0.0
427.3,-55.47628758765601,0.0,-63.48147150135697,0.004156674877935807,-63.48147150135697,0.004156674877935807,-65.0,0.0,-65.0,0.0
427.40000000000003,-55.42390614971773,0.0,-63.48702696024983,0.004074367200720197,-63.48702696024983,0.004074367200720197,-65.0,0.0,-65.0,0.0
427.5,-55.37178661896914,0.0,-63.49259498078622,0.003993689324710495,-63.49259498078622,0.003993689324710495,-65.0,0.0,-65.0,0.0
427.6,-55.31992768587429,0.0,-63.49817470139345,0.003914608977680579,-63.49817470139345,0.003914608977680579,-65.0,0.0,-65.0,0.0
427.70000000000005,-55.26832804744492,0.0,-63.50376528062327,0.003837094526437217,-63.50376528062327,0.003837094526437217,-65.0,0.0,-65.0,0.0
427.8,-55.21698640720769,0.0,-63.50936589673807,0.0037611149641663725,-63.50936589673807,0.0037611149641663725,-65.0,0.0,-65.0,0.0
427.90000000000003,-55.16590147517165,0.0,-63.514975747305364,0.0036866398980300624,-63.514975747305364,0.0036866398980300624,-65.0,0.0,-65.0,0.0
428.0,-55.11507196779579,0.0,-63.520594048800334,0.0036136395370088186,-63.520594048800334,0.0036136395370088186,-65.0,0.0,-65.0,0.0
428.1,-55.06449660795681,0.0,-63.52622003621634,0.0035420846799848814,-63.52622003621634,0.0035420846799848814,-65.0,0.0,-65.0,0.0
428.20000000000005,-55.01417412491703,0.0,-63.531852962683224,0.0034719467040613635,-63.531852962683224,0.0034719467040613635,-65.0,0.0,-65.0,0.0
428.3,-54.96410325429244,0.0,-63.53749209909325,0.0034031975531127103,-63.53749209909325,0.0034031975531127103,-65.0,0.0,-65.0,0.0
428.40000000000003,-54.91428273802098,0.0,-63.5431367337345,0.0033358097265618744,-63.5431367337345,0.0033358097265618744,-65.0,0.0,-65.0,0.0
428.5,-54.86471132433088,0.0,-63.54878617193164,0.0032697562683797195,-63.54878617193164,0.0032697562683797195,-65.0,0.0,-65.0,0.0
428.6,-54.815387767709225,0.0,-63.554439735693826,0.0032050107563022477,-63.554439735693826,0.0032050107563022477,-65.0,0.0,-65.0,0.0
428.70000000000005,-54.76631082887068,0.0,-63.56009676336973,0.0031415472912613433,-63.56009676336973,0.0031415472912613433,-65.0,0.0,-65.0,0.0
428.8,-54.71747927472632,0.0,-63.56575660930937,0.0030793404870247993,-63.56575660930937,0.0030793404870247993,-65.0,0.0,-65.0,0.0
428.90000000000003,-54.66889187835269,0.0,-63.5714186435328,0.0030183654600414857,-63.5714186435328,0.0030183654600414857,-65.0,0.0,-65.0,0.0
429.0,-54.620547418960925,0.0,-63.57708225140539,0.0029585978194875983,-63.57708225140539,0.0029585978194875983,-65.0,0.0,-65.0,0.0
429.1,-54.57244468186612,0.0,-63.58274683331961,0.002900013657510003,-63.58274683331961,0.002900013657510003,-65.0,0.0,-65.0,0.0
429.20000000000005,-54.52458245845679,0.0,-63.588411804383185,0.002842589539662776,-63.588411804383185,0.002842589539662776,-65.0,0.0,-65.0,0.0
429.3,-54.47695954616451,0.0,-63.5940765941135,0.002786302495533113,-63.5940765941135,0.002786302495533113,-65.0,0.0,-65.0,0.0
429.40000000000003,-54.42957474843369,0.0,-63.59974064613816,0.0027311300095528585,-63.59974064613816,0.0027311300095528585,-65.0,0.0,-65.0,0.0
429.5,-54.38242687469152,0.0,-63.60540341790147,0.0026770500119919776,-63.60540341790147,0.0026770500119919776,-65.0,0.0,-65.0,0.0
429.6,-54.33551474031806,0.0,-63.611064380376895,0.0026240408701303695,-63.611064380376895,0.0026240408701303695,-65.0,0.0,-65.0,0.0
429.70000000000005,-54.28883716661647,0.0,-63.61672301778521,0.002572081379604492,-63.61672301778521,0.002572081379604492,-65.0,0.0,-65.0,0.0
429.8,-54.242392980783386,0.0,-63.62237882731832,0.0025211507559253317,-63.62237882731832,0.0025211507559253317,-65.0,0.0,-65.0,0.0
429.90000000000003,-54.19618101587947,0.0,-63.62803131886865,0.0024712286261643333,-63.62803131886865,0.0024712286261643333,-65.0,0.0,-65.0,0.0
430.0,-54.15020011080007,0.0,-63.633680014763904,0.002422295020803955,-63.633680014763904,0.002422295020803955,-65.0,0.0,-65.0,0.0
430.1,-54.10444911024607,0.0,-63.63932444950721,0.002374330365749596,-63.63932444950721,0.002374330365749596,-65.0,0.0,-65.0,0.0
430.20000000000005,-54.05892686469484,0.0,-63.644964169522424,0.002327315474499697,-63.644964169522424,0.002327315474499697,-65.0,0.0,-65.0,0.0
430.3,-54.013632230371364,0.0,-63.65059873290458,0.0022812315404708845,-63.65059873290458,0.0022812315404708845,-65.0,0.0,-65.0,0.0
430.40000000000003,-53.96856406921951,0.0,-63.65622770917532,0.0022360601294750867,-63.65622770917532,0.0022360601294750867,-65.0,0.0,-65.0,0.0
430.5,-53.92372124887341,0.0,-63.66185067904327,0.0021917831723456114,-63.66185067904327,0.0021917831723456114,-65.0,0.0,-65.0,0.0
430.6,-53.87910264262904,0.0,-63.667467234169195,0.0021483829577092395,-63.667467234169195,0.0021483829577092395,-65.0,0.0,-65.0,0.0
430.70000000000005,-53.8347071294159,0.0,-63.673076976935896,0.0021058421249014396,-63.673076976935896,0.0021058421249014396,-65.0,0.0,-65.0,0.0
430.8,-53.790533593768814,0.0,-63.67867952022271,0.0020641436570218693,-63.67867952022271,0.0020641436570218693,-65.0,0.0,-65.0,0.0
430.90000000000003,-53.74658092579997,0.0,-63.68427448718453,0.0020232708741273905,-63.68427448718453,0.0020232708741273905,-65.0,0.0,-65.0,0.0
431.0,-53.702848021170965,0.0,-63.68986151103533,0.001983207426559867,-63.68986151103533,0.001983207426559867,-65.0,0.0,-65.0,0.0
431.1,-53.65933378106511,0.0,-63.69544023483595,0.001943937288406086,-63.69544023483595,0.001943937288406086,-65.0,0.0,-65.0,0.0
431.20000000000005,-53.61603711215978,0.0,-63.701010311286225,0.0019054447510871769,-63.701010311286225,0.0019054447510871769,-65.0,0.0,-65.0,0.0
431.3,-53.572956926598984,0.0,-63.706571402521256,0.0018677144170749713,-63.706571402521256,0.0018677144170749713,-65.0,0.0,-65.0,0.0
431.40000000000003,-53.53009214196599,0.0,-63.712123179911785,0.0018307311937327865,-63.712123179911785,0.0018307311937327865,-65.0,0.0,-65.0,0.0
431.5,-53.48744168125616,0.0,-63.71766532386859,0.0017944802872781696,-63.71766532386859,0.0017944802872781696,-65.0,0.0,-65.0,0.0
431.6,-53.445004472849874,0.0,-63.72319752365081,0.0017589471968651868,-63.72319752365081,0.0017589471968651868,-65.0,0.0,-65.0,0.0
431.70000000000005,-53.402779450485625,0.0,-63.72871947717817,0.001724117708783892,-63.72871947717817,0.001724117708783892,-65.0,0.0,-65.0,0.0
431.8,-53.36076555323319,0.0,-63.73423089084689,0.0016899778907746535,-63.73423089084689,0.0016899778907746535,-65.0,0.0,-65.0,0.0
431.90000000000003,-53.31896172546703,0.0,-63.73973147934942,0.001656514086455064,-63.73973147934942,0.001656514086455064,-65.0,0.0,-65.0,0.0
432.0,-53.27736691683969,0.0,-63.74522096549775,0.0016237129098572054,-63.74522096549775,0.0016237129098572054,-65.0,0.0,-65.0,0.0
432.1,-53.23598008225549,0.0,-63.750699080050225,0.0015915612400730838,-63.750699080050225,0.0015915612400730838,-65.0,0.0,-65.0,0.0
432.20000000000005,-53.19480018184421,0.0,-63.75616556154197,0.0015600462160060909,-63.75616556154197,0.0015600462160060909,-65.0,0.0,-65.0,0.0
432.3,-53.153826180934985,0.0,-63.761620156118646,0.001529155231226394,-63.761620156118646,0.001529155231226394,-65.0,0.0,-65.0,0.0
432.40000000000003,-53.11305705003031,0.0,-63.76706261737359,0.001498875928928196,-63.76706261737359,0.001498875928928196,-65.0,0.0,-65.0,0.0
432.5,-53.07249176478015,0.0,-63.77249270618823,0.0014691961969868481,-63.77249270618823,0.0014691961969868481,-65.0,0.0,-65.0,0.0
432.6,-53.03212930595625,0.0,-63.77791019057573,0.0014401041631138388,-63.77791019057573,0.0014401041631138388,-65.0,0.0,-65.0,0.0
432.70000000000005,-52.99196865942647,0.0,-63.7833148455278,0.0014115881901077198,-63.7833148455278,0.0014115881901077198,-65.0,0.0,-65.0,0.0
432.8,-52.952008816129336,0.0,-63.78870645286456,0.0013836368711990707,-63.78870645286456,0.0013836368711990707,-65.0,0.0,-65.0,0.0
432.90000000000003,-52.91224877204869,0.0,-63.79408480108749,0.0013562390254876389,-63.79408480108749,0.0013562390254876389,-65.0,0.0,-65.0,0.0
433.0,-52.87268752818845,0.0,-63.799449685235324,0.0013293836934698303,-63.799449685235324,0.0013293836934698303,-65.0,0.0,-65.0,0.0
433.1,-52.83332409054751,0.0,-63.80480090674282,0.001303060132654762,-63.80480090674282,0.001303060132654762,-65.0,0.0,-65.0,0.0
433.20000000000005,-52.79415747009477,0.0,-63.81013827330247,0.0012772578132671222,-63.81013827330247,0.0012772578132671222,-65.0,0.0,-65.0,0.0
433.3,-52.755186682744295,0.0,-63.81546159872894,0.0012519664140351206,-63.81546159872894,0.0012519664140351206,-65.0,0.0,-65.0,0.0
433.40000000000003,-52.71641074933057,0.0,-63.82077070282626,0.001227175818061841,-63.82077070282626,0.001227175818061841,-65.0,0.0,-65.0,0.0
433.5,-52.67782869558392,0.0,-63.82606541125774,0.0012028761087783486,-63.82606541125774,0.0012028761087783486,-65.0,0.0,-65.0,0.0
433.6,-52.639439552106,0.0,-63.83134555541846,0.0011790575659769295,-63.83134555541846,0.0011790575659769295,-65.0,0.0,-65.0,0.0
433.70000000000005,-52.601242354345466,0.0,-63.8366109723104,0.0011557106619228784,-63.8366109723104,0.0011557106619228784,-65.0,0.0,-65.0,0.0
433.8,-52.563236142573736,0.0,-63.84186150442008,0.0011328260575432774,-63.84186150442008,0.0011328260575432774,-65.0,0.0,-65.0,0.0
433.90000000000003,-52.52541996186087,0.0,-63.847096999598634,0.0011103945986912424,-63.847096999598634,0.0011103945986912424,-65.0,0.0,-65.0,0.0
434.0,-52.48779286205156,0.0,-63.8523173109444,0.0010884073124841427,-63.8523173109444,0.0010884073124841427,-65.0,0.0,-65.0,0.0
434.1,-52.45035389774131,0.0,-63.85752229668782,0.0010668554037143276,-63.85752229668782,0.0010668554037143276,-65.0,0.0,-65.0,0.0
434.20000000000005,-52.4131021282526,0.0,-63.862711820078715,0.0010457302513309267,-63.862711820078715,0.0010457302513309267,-65.0,0.0,-65.0,0.0
434.3,-52.37603661761134,0.0,-63.86788574927583,0.001025023404991314,-63.86788574927583,0.001025023404991314,-65.0,0.0,-65.0,0.0
434.40000000000003,-52.33915643452328,0.0,-63.87304395723861,0.001004726581680859,-63.87304395723861,0.001004726581680859,-65.0,0.0,-65.0,0.0
434.5,-52.30246065235067,0.0,-63.878186321621214,0.0009848316623996092,-63.878186321621214,0.0009848316623996092,-65.0,0.0,-65.0,0.0
434.6,-52.265948349088916,0.0,-63.88331272466865,0.0009653306889145832,-63.88331272466865,0.0009653306889145832,-65.0,0.0,-65.0,0.0
434.70000000000005,-52.22961860734347,0.0,-63.88842305311502,0.0009462158605763705,-63.88842305311502,0.0009462158605763705,-65.0,0.0,-65.0,0.0
434.8,-52.19347051430675,0.0,-63.89351719808384,0.0009274795311987681,-63.89351719808384,0.0009274795311987681,-65.0,0.0,-65.0,0.0
434.90000000000003,-52.15750316173522,0.0,-63.89859505499042,0.0009091142060002038,-63.89859505499042,0.0009091142060002038,-65.0,0.0,-65.0,0.0
435.0,-52.12171564592654,0.0,-63.903656523446166,0.0008911125386057239,-63.903656523446166,0.0008911125386057239,-65.0,0.0,-65.0,0.0
435.1,-52.08610706769691,0.0,-63.90870150716488,0.0008734673281083453,-63.90870150716488,0.0008734673281083453,-65.0,0.0,-65.0,0.0
435.20000000000005,-52.05067653235842,0.0,-63.91372991387096,0.0008561715161885964,-63.91372991387096,0.0008561715161885964,-65.0,0.0,-65.0,0.0
435.3,-52.01542314969663,0.0,-63.91874165520946,0.0008392181842910953,-63.91874165520946,0.0008392181842910953,-65.0,0.0,-65.0,0.0
435.40000000000003,-51.980346033948145,0.0,-63.923736646657986,0.0008226005508570356,-63.923736646657986,0.0008226005508570356,-65.0,0.0,-65.0,0.0
435.5,-51.9454443037784,0.0,-63.92871480744039,0.0008063119686114724,-63.92871480744039,0.0008063119686114724,-65.0,0.0,-65.0,0.0
435.6,-51.91071708225951,0.0,-63.93367606044224,0.0007903459219043233,-63.93367606044224,0.0007903459219043233,-65.0,0.0,-65.0,0.0
435.70000000000005,-51.876163496848214,0.0,-63.938620332127975,0.0007746960241040221,-63.938620332127975,0.0007746960241040221,-65.0,0.0,-65.0,0.0
435.8,-51.84178267936397,0.0,-63.94354755245981,0.0007593560150427806,-63.94354755245981,0.0007593560150427806,-65.0,0.0,-65.0,0.0
435.90000000000003,-51.807573765967156,0.0,-63.948457654818256,0.000744319758512438,-63.948457654818256,0.000744319758512438,-65.0,0.0,-65.0,0.0
436.0,-51.77353589713732,0.0,-63.95335057592426,0.0007295812398098962,-63.95335057592426,0.0007295812398098962,-65.0,0.0,-65.0,0.0
436.1,-51.739668217651634,0.0,-63.95822625576297,0.000715134563331158,-63.95822625576297,0.000715134563331158,-65.0,0.0,-65.0,0.0
436.20000000000005,-51.70596987656337,0.0,-63.96308463750905,0.0007009739502130067,-63.96308463750905,0.0007009739502130067,-65.0,0.0,-65.0,0.0
436.3,-51.672440027180556,0.0,-63.96792566745349,0.0006870937360213847,-63.96792566745349,0.0006870937360213847,-65.0,0.0,-65.0,0.0
436.40000000000003,-51.63907782704465,0.0,-63.97274929493198,0.0006734883684855433,-63.97274929493198,0.0006734883684855433,-65.0,0.0,-65.0,0.0
436.5,-51.60588243790943,0.0,-63.97755547225468,0.0006601524052770606,-63.97755547225468,0.0006601524052770606,-65.0,0.0,-65.0,0.0
436.6,-51.57285302571988,0.0,-63.98234415463749,0.0006470805118328382,-63.98234415463749,0.0006470805118328382,-65.0,0.0,-65.0,0.0
436.70000000000005,-51.53998876059128,0.0,-63.98711530013469,0.0006342674592212041,-63.98711530013469,0.0006342674592212041,-65.0,0.0,-65.0,0.0
436.8,-51.507288816788325,0.0,-63.99186886957299,0.0006217081220502708,-63.99186886957299,0.0006217081220502708,-65.0,0.0,-65.0,0.0
436.90000000000003,-51.47475237270438,0.0,-63.996604826486916,0.0006093974764177098,-63.996604826486916,0.0006093974764177098,-65.0,0.0,-65.0,0.0
437.0,-51.442378610840855,0.0,-64.00132313705554,0.0005973305979011238,-64.00132313705554,0.0005973305979011238,-65.0,0.0,-65.0,0.0
437.1,-51.41016671778665,0.0,-64.00602377004047,0.0005855026595882124,-64.00602377004047,0.0005855026595882124,-65.0,0.0,-65.0,0.0
437.20000000000005,-51.37811588419772,0.0,-64.0107066967252,0.0005739089301459425,-64.0107066967252,0.0005739089301459425,-65.0,0.0,-65.0,0.0
437.3,-51.34622530477673,0.0,-64.0153718908556,0.0005625447719279521,-64.0153718908556,0.0005625447719279521,-65.0,0.0,-65.0,0.0
437.40000000000003,-51.31449417825284,0.0,-64.02001932858177,0.0005514056391194298,-64.02001932858177,0.0005514056391194298,-65.0,0.0,-65.0,0.0
437.5,-51.28292170736158,0.0,-64.0246489884009,0.0005404870759187286,-64.0246489884009,0.0005404870759187286,-65.0,0.0,-65.0,0.0
437.6,-51.251507098824774,0.0,-64.02926085110151,0.0005297847147549853,-64.02926085110151,0.0005297847147549853,-65.0,0.0,-65.0,0.0
437.70000000000005,-51.22024956333065,0.0,-64.03385489970873,0.0005192942745410343,-64.03385489970873,0.0005192942745410343,-65.0,0.0,-65.0,0.0
437.8,-51.189148315514,0.0,-64.03843111943071,0.0005090115589609158,-64.03843111943071,0.0005090115589609158,-65.0,0.0,-65.0,0.0
437.90000000000003,-51.15820257393643,0.0,-64.04298949760616,0.000498932454791293,-64.04298949760616,0.000498932454791293,-65.0,0.0,-65.0,0.0
438.0,-51.127411561066744,0.0,-64.047530023653,0.000489052930256108,-64.047530023653,0.000489052930256108,-65.0,0.0,-65.0,0.0
438.1,-51.09677450326141,0.0,-64.05205268901803,0.0004793690334138181,-64.05205268901803,0.0004793690334138181,-65.0,0.0,-65.0,0.0
438.20000000000005,-51.0662906307451,0.0,-64.05655748712765,0.00046987689057656615,-64.05655748712765,0.00046987689057656615,-65.0,0.0,-65.0,0.0
438.3,-51.03595917759137,0.0,-64.06104441333963,0.00046057270476065356,-64.06104441333963,0.00046057270476065356,-65.0,0.0,-65.0,0.0
438.40000000000003,-51.00577938170341,0.0,-64.06551346489584,0.0004514527541676965,-64.06551346489584,0.0004514527541676965,-65.0,0.0,-65.0,0.0
438.5,-50.975750484794894,0.0,-64.06996464087602,0.0004425133906958568,-64.06996464087602,0.0004425133906958568,-65.0,0.0,-65.0,0.0
438.6,-50.94587173237092,0.0,-64.0743979421524,0.0004337510384805527,-64.0743979421524,0.0004337510384805527,-65.0,0.0,-65.0,0.0
438.70000000000005,-50.916142373709064,0.0,-64.0788133713454,0.0004251621924640651,-64.0788133713454,0.0004251621924640651,-65.0,0.0,-65.0,0.0
438.8,-50.88656166184052,0.0,-64.08321093278018,0.000416743416993468,-64.08321093278018,0.000416743416993468,-65.0,0.0,-65.0,0.0
438.90000000000003,-50.857128853531314,0.0,-64.08759063244405,0.0004084913444463212,-64.08759063244405,0.0004084913444463212,-65.0,0.0,-65.0,0.0
439.0,-50.827843209263655,0.0,-64.09195247794489,0.0004004026738835768,-64.09195247794489,0.0004004026738835768,-65.0,0.0,-65.0,0.0
439.1,-50.79870399321734,0.0,-64.0962964784703,0.0003924741697291594,-64.0962964784703,0.0003924741697291594,-65.0,0.0,-65.0,0.0
439.20000000000005,-50.76971047325125,0.0,-64.1006226447477,0.0003847026604756923,-64.1006226447477,0.0003847026604756923,-65.0,0.0,-65.0,0.0
439.3,-50.740861920884996,0.0,-64.10493098900525,0.00037708503741585274,-64.10493098900525,0.00037708503741585274,-65.0,0.0,-65.0,0.0
439.40000000000003,-50.712157611280574,0.0,-64.10922152493353,0.00036961825339884704,-64.10922152493353,0.00036961825339884704,-65.0,0.0,-65.0,0.0
439.5,-50.68359682322417,0.0,-64.11349426764805,0.00036229932161150995,-64.11349426764805,0.00036229932161150995,-65.0,0.0,-65.0,0.0
439.6,-50.65517883910805,0.0,-64.11774923365262,0.0003551253143835395,-64.11774923365262,0.0003551253143835395,-65.0,0.0,-65.0,0.0
439.70000000000005,-50.626902944912516,0.0,-64.12198644080334,0.0003480933620163898,-64.12198644080334,0.0003480933620163898,-65.0,0.0,-65.0,0.0
439.8,-50.59876843018795,0.0,-64.1262059082735,0.00034120065163535337,-64.1262059082735,0.00034120065163535337,-65.0,0.0,-65.0,0.0
439.90000000000003,-50.57077458803701,0.0,-64.13040765651911,0.00033444442606437376,-64.13040765651911,0.00033444442606437376,-65.0,0.0,-65.0,0.0
440.0,-50.54292071509683,0.0,-64.13459170724515,0.0003278219827231384,-64.13459170724515,0.0003278219827231384,-65.0,0.0,-65.0,0.0
440.1,-50.515206111521344,0.0,-64.13875808337265,0.0003213306725460103,-64.13875808337265,0.0003213306725460103,-65.0,0.0,-65.0,0.0
440.20000000000005,-50.48763008096374,0.0,-64.14290680900632,0.0003149678989223667,-64.14290680900632,0.0003149678989223667,-65.0,0.0,-65.0,0.0
440.3,-50.46019193055892,0.0,-64.14703790940295,0.00030873111665792,-64.14703790940295,0.00030873111665792,-65.0,0.0,-65.0,0.0
440.40000000000003,-50.43289097090613,0.0,-64.15115141094046,0.0003026178309566063,-64.15115141094046,0.0003026178309566063,-65.0,0.0,-65.0,0.0
440.5,-50.4057265160516,0.0,-64.15524734108755,0.0002966255964226334,-64.15524734108755,0.0002966255964226334,-65.0,0.0,-65.0,0.0
440.6,-50.37869788347135,0.0,-64.15932572837407,0.00029075201608229025,-64.15932572837407,0.00029075201608229025,-65.0,0.0,-65.0,0.0
440.70000000000005,-50.35180439405399,0.0,-64.16338660236198,0.0002849947404251253,-64.16338660236198,0.0002849947404251253,-65.0,0.0,-65.0,0.0
440.8,-50.32504537208372,0.0,-64.16742999361693,0.0002793514664641109,-64.16742999361693,0.0002793514664641109,-65.0,0.0,-65.0,0.0
440.90000000000003,-50.298420145223304,0.0,-64.17145593368045,0.000273819936814418,-64.17145593368045,0.000273819936814418,-65.0,0.0,-65.0,0.0
441.0,-50.27192804449719,0.0,-64.17546445504266,0.0002683979387904321,-64.17546445504266,0.0002683979387904321,-65.0,0.0,-65.0,0.0
441.1,-50.2455684042747,0.0,-64.17945559111568,0.0002630833035206492,-64.17945559111568,0.0002630833035206492,-65.0,0.0,-65.0,0.0
441.20000000000005,-50.21934056225333,0.0,-64.18342937620757,0.00025787390508009875,-64.18342937620757,0.00025787390508009875,-65.0,0.0,-65.0,0.0
441.3,-50.19324385944206,0.0,-64.1873858454967,0.0002527676596399449,-64.1873858454967,0.0002527676596399449,-65.0,0.0,-65.0,0.0
441.40000000000003,-50.16727764014485,0.0,-64.19132503500691,0.00024776252463392745,-64.19132503500691,0.00024776252463392745,-65.0,0.0,-65.0,0.0
441.5,-50.14144125194413,0.0,-64.19524698158291,0.00024285649794130796,-64.19524698158291,0.00024285649794130796,-65.0,0.0,-65.0,0.0
441.6,-50.11573404568441,0.0,-64.19915172286646,0.0002380476170859948,-64.19915172286646,0.0002380476170859948,-65.0,0.0,-65.0,0.0
441.70000000000005,-50.09015537545599,0.0,-64.20303929727291,0.00023333395845152657,-64.20303929727291,0.00023333395845152657,-65.0,0.0,-65.0,0.0
441.8,-50.064704598578714,0.0,-64.20690974396828,0.0002287136365115999,-64.20690974396828,0.0002287136365115999,-65.0,0.0,-65.0,0.0
441.90000000000003,-50.03938107558582,0.0,-64.2107631028469,0.0002241848030758337,-64.2107631028469,0.0002241848030758337,-65.0,0.0,-65.0,0.0
442.0,-50.01418417020789,0.0,-64.2145994145094,0.00021974564655046836,-64.2145994145094,0.00021974564655046836,-65.0,0.0,-65.0,0.0
442.1,-65.0,0.0,-64.17841872024124,0.08021539439121371,-64.17841872024124,0.08021539439121371,-65.0,0.0,-65.0,0.0
442.20000000000005,-65.0,0.0,-64.14321311505951,0.07862702316104582,-64.14321311505951,0.07862702316104582,-65.0,0.0,-65.0,0.0
442.3,-65.0,0.0,-64.10896199758996,0.07707010378851663,-64.10896199758996,0.07707010378851663,-65.0,0.0,-65.0,0.0
442.40000000000003,-65.0,0.0,-64.07564518085945,0.07554401348511793,-64.07564518085945,0.07554401348511793,-65.0,0.0,-65.0,0.0
442.5,-65.0,0.0,-64.04324288405796,0.07404814179438021,-64.04324288405796,0.07404814179438021,-65.0,0.0,-65.0,0.0
442.6,-65.0,0.0,-64.01173572446383,0.07258189034768198,-64.01173572446383,0.07258189034768198,-65.0,0.0,-65.0,0.0
442.70000000000005,-65.0,0.0,-63.98110470952906,0.07114467262489425,-63.98110470952906,0.07114467262489425,-65.0,0.0,-65.0,0.0
442.8,-65.0,0.0,-63.951331229121536,0.06973591371976477,-63.951331229121536,0.06973591371976477,-65.0,0.0,-65.0,0.0
442.90000000000003,-65.0,0.0,-63.92239704792095,0.06835505010994779,-63.92239704792095,0.06835505010994779,-65.0,0.0,-65.0,0.0
443.0,-65.0,0.0,-63.894284297965555,0.06700152943158759,-63.894284297965555,0.06700152943158759,-65.0,0.0,-65.0,0.0
443.1,-65.0,0.0,-63.86697547134654,0.06567481025836568,-63.86697547134654,0.06567481025836568,-65.0,0.0,-65.0,0.0
443.20000000000005,-65.0,0.0,-63.84045341304735,0.06437436188492292,-63.84045341304735,0.06437436188492292,-65.0,0.0,-65.0,0.0
443.3,-65.0,0.0,-63.81470131392483,0.0630996641145704,-63.81470131392483,0.0630996641145704,-65.0,0.0,-65.0,0.0
443.40000000000003,-65.0,0.0,-63.789702703829605,0.061850207051203775,-63.789702703829605,0.061850207051203775,-65.0,0.0,-65.0,0.0
443.5,-65.0,0.0,-63.76544144486279,0.06062549089533806,-63.76544144486279,0.06062549089533806,-65.0,0.0,-65.0,0.0
443.6,-65.0,0.0,-63.741901724766386,0.05942502574418113,-63.741901724766386,0.05942502574418113,-65.0,0.0,-65.0,0.0
443.70000000000005,-65.0,0.0,-63.71906805044472,0.058248331395666125,-63.71906805044472,0.058248331395666125,-65.0,0.0,-65.0,0.0
443.8,-65.0,0.0,-63.696925241614316,0.057094937156364156,-63.696925241614316,0.057094937156364156,-65.0,0.0,-65.0,0.0
443.90000000000003,-65.0,0.0,-63.675458424579645,0.05596438165320071,-63.675458424579645,0.05596438165320071,-65.0,0.0,-65.0,0.0
444.0,-65.0,0.0,-63.654653026132294,0.05485621264890025,-63.654653026132294,0.05485621264890025,-65.0,0.0,-65.0,0.0
444.1,-64.9,0.0,-63.63449476757109,0.05376998686108527,-63.63449476757109,0.05376998686108527,-65.0,0.0,-65.0,0.0
444.20000000000005,-64.8005,0.0,-63.61496965884076,0.052705269784957445,-63.61496965884076,0.052705269784957445,-65.0,0.0,-65.0,0.0
444.3,-64.7014975,0.0,-63.59606399278681,0.0516616355194899,-63.59606399278681,0.0516616355194899,-65.0,0.0,-65.0,0.0
444.40000000000003,-64.6029900125,0.0,-63.57776433952434,0.05063866659706114,-63.57776433952434,0.05063866659706114,-65.0,0.0,-65.0,0.0
444.5,-64.5049750624375,0.0,-63.56005754091849,0.049635953816462436,-63.56005754091849,0.049635953816462436,-65.0,0.0,-65.0,0.0
444.6,-64.4074501871253,0.0,-63.54293070517429,0.04865309607921185,-63.54293070517429,0.04865309607921185,-65.0,0.0,-65.0,0.0
444.70000000000005,-64.31041293618968,0.0,-63.52637120153387,0.04768970022910955,-63.52637120153387,0.04768970022910955,-65.0,0.0,-65.0,0.0
444.8,-64.21386087150873,0.0,-63.51036665507871,0.046745380894970046,-63.51036665507871,0.046745380894970046,-65.0,0.0,-65.0,0.0
444.90000000000003,-64.11779156715119,0.0,-63.494904941635085,0.04581976033646858,-63.494904941635085,0.04581976033646858,-65.0,0.0,-65.0,0.0
445.0,-64.02220260931543,0.0,-63.47997418278039,0.04491246829303999,-63.47997418278039,0.04491246829303999,-65.0,0.0,-65.0,0.0
445.1,-63.92709159626885,0.0,-63.4655627409486,0.04402314183576951,-63.4655627409486,0.04402314183576951,-65.0,0.0,-65.0,0.0
445.20000000000005,-63.832456138287505,0.0,-63.45165921463275,0.04315142522221639,-63.45165921463275,0.04315142522221639,-65.0,0.0,-65.0,0.0
445.3,-63.73829385759607,0.0,-63.43825243368253,0.042296969754112165,-63.43825243368253,0.042296969754112165,-65.0,0.0,-65.0,0.0
445.40000000000003,-63.64460238830809,0.0,-63.425331454695176,0.0414594336378767,-63.425331454695176,0.0414594336378767,-65.0,0.0,-65.0,0.0
445.5,-63.55137937636655,0.0,-63.41288555649775,0.0406384818478962,-63.41288555649775,0.0406384818478962,-65.0,0.0,-65.0,0.0
445.6,-63.45862247948472,0.0,-63.400904235719004,0.03983378599250851,-63.400904235719004,0.03983378599250851,-65.0,0.0,-65.0,0.0
445.70000000000005,-63.366329367087296,0.0,-63.38937720244909,0.03904502418264205,-63.38937720244909,0.03904502418264205,-65.0,0.0,-65.0,0.0
445.8,-63.27449772025186,0.0,-63.37829437598532,0.038271880903055916,-63.37829437598532,0.038271880903055916,-65.0,0.0,-65.0,0.0
445.90000000000003,-63.1831252316506,0.0,-63.36764588066233,0.037514046886129554,-63.36764588066233,0.037514046886129554,-65.0,0.0,-65.0,0.0
446.0,-63.09220960549235,0.0,-63.35742204176494,0.036771218988151604,-63.35742204176494,0.036771218988151604,-65.0,0.0,-65.0,0.0
446.1,-63.001748557464886,0.0,-63.34761338152209,0.036043100068058366,-63.34761338152209,0.036043100068058366,-65.0,0.0,-65.0,0.0
446.20000000000005,-62.91173981467756,0.0,-63.33821061518019,0.03532939886857343,-63.33821061518019,0.03532939886857343,-65.0,0.0,-65.0,0.0
446.3,-62.822181115604174,0.0,-63.329204647154434,0.034629829899700856,-63.329204647154434,0.034629829899700856,-65.0,0.0,-65.0,0.0
446.40000000000003,-62.733070210026156,0.0,-63.3205865672564,0.033944113324525384,-63.3205865672564,0.033944113324525384,-65.0,0.0,-65.0,0.0
446.5,-62.644404858976024,0.0,-63.31234764699648,0.033271974847273934,-63.31234764699648,0.033271974847273934,-65.0,0.0,-65.0,0.0
446.6,-62.556182834681145,0.0,-63.3044793359597,0.03261314560359364,-63.3044793359597,0.03261314560359364,-65.0,0.0,-65.0,0.0
446.70000000000005,-62.46840192050774,0.0,-63.296973258253395,0.031967362053002525,-63.296973258253395,0.031967362053002525,-65.0,0.0,-65.0,0.0
446.8,-62.3810599109052,0.0,-63.28982120902539,0.031334365873469786,-63.28982120902539,0.031334365873469786,-65.0,0.0,-65.0,0.0
446.90000000000003,-62.29415461135068,0.0,-63.283015151051224,0.03071390385808355,-63.283015151051224,0.03071390385808355,-65.0,0.0,-65.0,0.0
447.0,-62.207683838293924,0.0,-63.27654721138909,0.030105727813764728,-63.27654721138909,0.030105727813764728,-65.0,0.0,-65.0,0.0
447.1,-62.12164541910246,0.0,-63.270409678101146,0.029509594461986467,-63.270409678101146,0.029509594461986467,-65.0,0.0,-65.0,0.0
447.20000000000005,-62.036037192006944,0.0,-63.26459499703991,0.028925265341459505,-63.26459499703991,0.028925265341459505,-65.0,0.0,-65.0,0.0
447.3,-61.95085700604691,0.0,-63.25909576869834,0.028352506712744478,-63.25909576869834,0.028352506712744478,-65.0,0.0,-65.0,0.0
447.40000000000003,-61.866102721016674,0.0,-63.25390474512247,0.02779108946475301,-63.25390474512247,0.02779108946475301,-65.0,0.0,-65.0,0.0
447.5,-61.78177220741159,0.0,-63.24901482688531,0.027240789023100242,-63.24901482688531,0.027240789023100242,-65.0,0.0,-65.0,0.0
447.6,-61.69786334637453,0.0,-63.24441906012075,0.02670138526027208,-63.24441906012075,0.02670138526027208,-65.0,0.0,-65.0,0.0
447.70000000000005,-61.61437402964266,0.0,-63.24011063361636,0.026172662407571243,-63.24011063361636,0.026172662407571243,-65.0,0.0,-65.0,0.0
447.8,-61.53130215949445,0.0,-63.236082875963874,0.02565440896880692,-63.236082875963874,0.02565440896880692,-65.0,0.0,-65.0,0.0
447.90000000000003,-61.44864564869698,0.0,-63.232329252766206,0.025146417635693467,-63.232329252766206,0.025146417635693467,-65.0,0.0,-65.0,0.0
448.0,-61.3664024204535,0.0,-63.22884336389991,0.02464848520492433,-63.22884336389991,0.02464848520492433,-65.0,0.0,-65.0,0.0
448.1,-61.28457040835123,0.0,-63.22561894083197,0.024160412496888013,-63.22561894083197,0.024160412496888013,-65.0,0.0,-65.0,0.0
448.20000000000005,-61.203147556309474,0.0,-63.222649843989814,0.023682004275993578,-63.222649843989814,0.023682004275993578,-65.0,0.0,-65.0,0.0
448.3,-61.122131818527926,0.0,-63.21993006018358,0.02321306917257381,-63.21993006018358,0.02321306917257381,-65.0,0.0,-65.0,0.0
448.40000000000003,-61.041521159435284,0.0,-63.217453700079496,0.022753419606334785,-63.217453700079496,0.022753419606334785,-65.0,0.0,-65.0,0.0
448.5,-60.96131355363811,0.0,-63.215214995723436,0.02230287171132127,-63.215214995723436,0.02230287171132127,-65.0,0.0,-65.0,0.0
448.6,-60.88150698586992,0.0,-63.213208298113635,0.021861245262367872,-63.213208298113635,0.021861245262367872,-65.0,0.0,-65.0,0.0
448.70000000000005,-60.80209945094057,0.0,-63.21142807482156,0.021428363603006578,-63.21142807482156,0.021428363603006578,-65.0,0.0,-65.0,0.0
448.8,-60.72308895368587,0.0,-63.20986890766005,0.02100405357480181,-63.20986890766005,0.02100405357480181,-65.0,0.0,-65.0,0.0
448.90000000000003,-60.644473508917436,0.0,-63.20852549039771,0.02058814544808474,-63.20852549039771,0.02058814544808474,-65.0,0.0,-65.0,0.0
449.0,-60.566251141372845,0.0,-63.2073926265187,0.020180472854059175,-63.2073926265187,0.020180472854059175,-65.0,0.0,-65.0,0.0
449.1,-60.488419885665984,0.0,-63.206465227026975,0.019780872718251793,-63.206465227026975,0.019780872718251793,-65.0,0.0,-65.0,0.0
449.20000000000005,-60.41097778623765,0.0,-63.2057383082942,0.019389185195280198,-63.2057383082942,0.019389185195280198,-65.0,0.0,-65.0,0.0
449.3,-60.333922897306465,0.0,-63.20520698995028,0.01900525360491263,-63.20520698995028,0.01900525360491263,-65.0,0.0,-65.0,0.0
449.40000000000003,-60.25725328281993,0.0,-63.20486649281583,0.018628924369393788,-63.20486649281583,0.018628924369393788,-65.0,0.0,-65.0,0.0
449.5,-60.18096701640583,0.0,-63.20471213687575,0.018260046952011673,-63.20471213687575,0.018260046952011673,-65.0,0.0,-65.0,0.0
449.6,-60.1050621813238,0.0,-63.20473933929293,0.017898473796880903,-63.20473933929293,0.017898473796880903,-65.0,0.0,-65.0,0.0
449.70000000000005,-60.02953687041718,0.0,-63.204943612461506,0.017544060269918383,-63.204943612461506,0.017544060269918383,-65.0,0.0,-65.0,0.0
449.8,-59.95438918606509,0.0,-63.205320562098706,0.017196664600987753,-63.205320562098706,0.017196664600987753,-65.0,0.0,-65.0,0.0
449.90000000000003,-59.87961724013477,0.0,-63.20586588537462,0.016856147827189437,-63.20586588537462,0.016856147827189437,-65.0,0.0,-65.0,0.0
450.0,-59.8052191539341,0.0,-63.20657536907911,0.01652237373727363,-63.20657536907911,0.01652237373727363,-65.0,0.0,-65.0,0.0
450.1,-59.73119305816443,0.0,-63.20744488782514,0.01619520881715399,-63.20744488782514,0.01619520881715399,-65.0,0.0,-65.0,0.0
450.20000000000005,-59.6575370928736,0.0,-63.208470402287766,0.015874522196500207,-63.208470402287766,0.015874522196500207,-65.0,0.0,-65.0,0.0
450.3,-59.58424940740924,0.0,-63.20964795747813,0.015560185596388141,-63.20964795747813,0.015560185596388141,-65.0,0.0,-65.0,0.0
450.40000000000003,-59.511328160372194,0.0,-63.21097368105175,0.015252073277986538,-63.21097368105175,0.015252073277986538,-65.0,0.0,-65.0,0.0
450.5,-59.43877151957033,0.0,-63.21244378165036,0.014950061992259818,-63.21244378165036,0.014950061992259818,-65.0,0.0,-65.0,0.0
450.6,-59.36657766197248,0.0,-63.214054547276774,0.01465403093066682,-63.214054547276774,0.01465403093066682,-65.0,0.0,-65.0,0.0
450.70000000000005,-59.294744773662615,0.0,-63.215802343701974,0.014363861676835774,-63.215802343701974,0.014363861676835774,-65.0,0.0,-65.0,0.0
450.8,-59.2232710497943,0.0,-63.21768361290387,0.01407943815919617,-63.21768361290387,0.01407943815919617,-65.0,0.0,-65.0,0.0
450.90000000000003,-59.15215469454533,0.0,-63.21969487153707,0.01380064660454859,-63.21969487153707,0.01380064660454859,-65.0,0.0,-65.0,0.0
451.0,-59.0813939210726,0.0,-63.22183270943311,0.013527375492553905,-63.22183270943311,0.013527375492553905,-65.0,0.0,-65.0,0.0
451.1,-59.01098695146724,0.0,-63.22409378813038,0.013259515511123653,-63.22409378813038,0.013259515511123653,-65.0,0.0,-65.0,0.0
451.20000000000005,-58.9409320167099,0.0,-63.226474839433386,0.012996959512693747,-63.226474839433386,0.012996959512693747,-65.0,0.0,-65.0,0.0
451.3,-58.87122735662635,0.0,-63.22897266400054,0.012739602471364023,-63.22897266400054,0.012739602471364023,-65.0,0.0,-65.0,0.0
451.40000000000003,-58.801871219843214,0.0,-63.23158412996009,0.012487341440886476,-63.23158412996009,0.012487341440886476,-65.0,0.0,-65.0,0.0
451.5,-58.732861863744,0.0,-63.23430617155355,0.01224007551348539,-63.23430617155355,0.01224007551348539,-65.0,0.0,-65.0,0.0
451.6,-58.66419755442528,0.0,-63.23713578780603,0.011997705779492879,-63.23713578780603,0.011997705779492879,-65.0,0.0,-65.0,0.0
451.70000000000005,-58.59587656665315,0.0,-63.24007004122311,0.01176013528778371,-63.24007004122311,0.01176013528778371,-65.0,0.0,-65.0,0.0
451.8,-58.52789718381989,0.0,-63.243106056513504,0.011527269006993548,-63.243106056513504,0.011527269006993548,-65.0,0.0,-65.0,0.0
451.90000000000003,-58.460257697900786,0.0,-63.246241019337184,0.011299013787505153,-63.246241019337184,0.011299013787505153,-65.0,0.0,-65.0,0.0
452.0,-58.39295640941128,0.0,-63.2494721750784,0.011075278324187287,-63.2494721750784,0.011075278324187287,-65.0,0.0,-65.0,0.0
452.1,-58.325991627364225,0.0,-63.252796827643074,0.010855973119871442,-63.252796827643074,0.010855973119871442,-65.0,0.0,-65.0,0.0
452.20000000000005,-58.2593616692274,0.0,-63.256212338280086,0.010641010449551784,-63.256212338280086,0.010641010449551784,-65.0,0.0,-65.0,0.0
452.3,-58.193064860881265,0.0,-63.25971612442604,0.010430304325293979,-63.25971612442604,0.010430304325293979,-65.0,0.0,-65.0,0.0
452.40000000000003,-58.12709953657686,0.0,-63.26330565857299,0.01022377046183887,-63.26330565857299,0.01022377046183887,-65.0,0.0,-65.0,0.0
452.5,-58.06146403889397,0.0,-63.26697846715868,0.010021326242887253,-63.26697846715868,0.010021326242887253,-65.0,0.0,-65.0,0.0
452.6,-57.9961567186995,0.0,-63.27073212947886,0.009822890688052255,-63.27073212947886,0.009822890688052255,-65.0,0.0,-65.0,0.0
452.70000000000005,-57.931175935106005,0.0,-63.274564276621234,0.0096283844204661,-63.274564276621234,0.0096283844204661,-65.0,0.0,-65.0,0.0
452.8,-57.86652005543048,0.0,-63.27847259042061,0.009437729635028303,-63.27847259042061,0.009437729635028303,-65.0,0.0,-65.0,0.0
452.90000000000003,-57.80218745515332,0.0,-63.28245480243487,0.00925085006728259,-63.28245480243487,0.00925085006728259,-65.0,0.0,-65.0,0.0
453.0,-57.738176517877555,0.0,-63.28650869294124,0.009067670962910102,-63.28650869294124,0.009067670962910102,-65.0,0.0,-65.0,0.0
453.1,-57.674485635288164,0.0,-63.290632089952624,0.00888811904782667,-63.290632089952624,0.00888811904782667,-65.0,0.0,-65.0,0.0
453.20000000000005,-57.61111320711172,0.0,-63.294822868253426,0.008712122498872201,-63.294822868253426,0.008712122498872201,-65.0,0.0,-65.0,0.0
453.3,-57.54805764107616,0.0,-63.29907894845462,0.008539610915080466,-63.29907894845462,0.008539610915080466,-65.0,0.0,-65.0,0.0
453.40000000000003,-57.48531735287078,0.0,-63.30339829606759,0.008370515289517759,-63.30339829606759,0.008370515289517759,-65.0,0.0,-65.0,0.0
453.5,-57.42289076610643,0.0,-63.30777892059641,0.008204767981679217,-63.30777892059641,0.008204767981679217,-65.0,0.0,-65.0,0.0
453.6,-57.360776312275895,0.0,-63.31221887464822,0.008042302690431713,-63.31221887464822,0.008042302690431713,-65.0,0.0,-65.0,0.0
453.70000000000005,-57.298972430714514,0.0,-63.31671625306123,0.007883054427492514,-63.31671625306123,0.007883054427492514,-65.0,0.0,-65.0,0.0
453.8,-57.23747756856094,0.0,-63.32126919205021,0.007726959491433105,-63.32126919205021,0.007726959491433105,-65.0,0.0,-65.0,0.0
453.90000000000003,-57.176290180718134,0.0,-63.32587586836886,0.00757395544219777,-63.32587586836886,0.00757395544219777,-65.0,0.0,-65.0,0.0
454.0,-57.11540872981454,0.0,-63.33053449848895,0.007423981076126733,-63.33053449848895,0.007423981076126733,-65.0,0.0,-65.0,0.0
454.1,-57.054831686165464,0.0,-63.33524333779577,0.007276976401473881,-63.33524333779577,0.007276976401473881,-65.0,0.0,-65.0,0.0
454.20000000000005,-56.994557527734635,0.0,-63.34000067979958,0.007132882614409264,-63.34000067979958,0.007132882614409264,-65.0,0.0,-65.0,0.0
454.3,-56.934584740095964,0.0,-63.34480485536283,0.006991642075496781,-63.34480485536283,0.006991642075496781,-65.0,0.0,-65.0,0.0
454.40000000000003,-56.87491181639548,0.0,-63.3496542319427,0.006853198286637633,-63.3496542319427,0.006853198286637633,-65.0,0.0,-65.0,0.0
454.5,-56.8155372573135,0.0,-63.35454721284875,0.006717495868470336,-63.35454721284875,0.006717495868470336,-65.0,0.0,-65.0,0.0
454.6,-56.75645957102693,0.0,-63.3594822365154,0.006584480538218233,-63.3594822365154,0.006584480538218233,-65.0,0.0,-65.0,0.0
454.70000000000005,-56.6976772731718,0.0,-63.364457775788836,0.006454099087975662,-63.364457775788836,0.006454099087975662,-65.0,0.0,-65.0,0.0
454.8,-56.63918888680594,0.0,-63.36947233722818,0.006326299363424083,-63.36947233722818,0.006326299363424083,-65.0,0.0,-65.0,0.0
454.90000000000003,-56.58099294237191,0.0,-63.37452446042055,0.006201030242969656,-63.37452446042055,0.006201030242969656,-65.0,0.0,-65.0,0.0
455.0,-56.52308797766005,0.0,-63.379612717309804,0.006078241617293923,-63.379612717309804,0.006078241617293923,-65.0,0.0,-65.0,0.0
455.1,-56.465472537771745,0.0,-63.3847357115386,0.00595788436930941,-63.3847357115386,0.00595788436930941,-65.0,0.0,-65.0,0.0
455.20000000000005,-56.408145175082886,0.0,-63.38989207780365,0.005839910354512139,-63.38989207780365,0.005839910354512139,-65.0,0.0,-65.0,0.0
455.3,-56.35110444920747,0.0,-63.39508048122377,0.005724272381723181,-63.39508048122377,0.005724272381723181,-65.0,0.0,-65.0,0.0
455.40000000000003,-56.29434892696143,0.0,-63.400299616720545,0.0056109241942115615,-63.400299616720545,0.0056109241942115615,-65.0,0.0,-65.0,0.0
455.5,-56.23787718232663,0.0,-63.405548208411346,0.005499820451190947,-63.405548208411346,0.005499820451190947,-65.0,0.0,-65.0,0.0
455.6,-56.18168779641499,0.0,-63.410825009014445,0.005390916709682727,-63.410825009014445,0.005390916709682727,-65.0,0.0,-65.0,0.0
455.70000000000005,-56.12577935743292,0.0,-63.416128799266005,0.0052841694067382265,-63.416128799266005,0.0052841694067382265,-65.0,0.0,-65.0,0.0
455.8,-56.070150460645756,0.0,-63.42145838734867,0.005179535842012953,-63.42145838734867,0.005179535842012953,-65.0,0.0,-65.0,0.0
455.90000000000003,-56.01479970834253,0.0,-63.42681260833159,0.0050769741606858845,-63.42681260833159,0.0050769741606858845,-65.0,0.0,-65.0,0.0
456.0,-55.959725709800814,0.0,-63.43219032362157,0.004976443336716981,-63.43219032362157,0.004976443336716981,-65.0,0.0,-65.0,0.0
456.1,-55.90492708125181,0.0,-63.437590420425245,0.004877903156436227,-63.437590420425245,0.004877903156436227,-65.0,0.0,-65.0,0.0
456.20000000000005,-55.85040244584555,0.0,-63.44301181122189,0.004781314202457624,-63.44301181122189,0.004781314202457624,-65.0,0.0,-65.0,0.0
456.3,-55.796150433616326,0.0,-63.448453433246826,0.004686637837911709,-63.448453433246826,0.004686637837911709,-65.0,0.0,-65.0,0.0
456.40000000000003,-55.742169681448246,0.0,-63.4539142479851,0.004593836190990297,-63.4539142479851,0.004593836190990297,-65.0,0.0,-65.0,0.0
456.5,-55.688458833041004,0.0,-63.459393240675276,0.004502872139797247,-63.459393240675276,0.004502872139797247,-65.0,0.0,-65.0,0.0
456.6,-55.635016538875796,0.0,-63.46488941982315,0.004413709297499212,-63.46488941982315,0.004413709297499212,-65.0,0.0,-65.0,0.0
456.70000000000005,-55.581841456181415,0.0,-63.47040181672515,0.004326311997770419,-63.47040181672515,0.004326311997770419,-65.0,0.0,-65.0,0.0
456.8,-55.52893224890051,0.0,-63.47592948500126,0.004240645280525662,-63.47592948500126,0.004240645280525662,-65.0,0.0,-65.0,0.0
456.90000000000003,-55.47628758765601,0.0,-63.48147150013728,0.004156674877935807,-63.48147150013728,0.004156674877935807,-65.0,0.0,-65.0,0.0
457.0,-55.42390614971773,0.0,-63.487026959036235,0.004074367200720197,-63.487026959036235,0.004074367200720197,-65.0,0.0,-65.0,0.0
457.1,-55.37178661896914,0.0,-63.4925949795787,0.003993689324710495,-63.4925949795787,0.003993689324710495,-65.0,0.0,-65.0,0.0
457.20000000000005,-55.31992768587429,0.0,-63.49817470019197,0.003914608977680579,-63.49817470019197,0.003914608977680579,-65.0,0.0,-65.0,0.0
457.3,-55.26832804744492,0.0,-63.50376527942779,0.003837094526437217,-63.50376527942779,0.003837094526437217,-65.0,0.0,-65.0,0.0
457.40000000000003,-55.21698640720769,0.0,-63.50936589554857,0.0037611149641663725,-63.50936589554857,0.0037611149641663725,-65.0,0.0,-65.0,0.0
457.5,-55.16590147517165,0.0,-63.51497574612181,0.0036866398980300624,-63.51497574612181,0.0036866398980300624,-65.0,0.0,-65.0,0.0
457.6,-55.11507196779579,0.0,-63.5205940476227,0.0036136395370088186,-63.5205940476227,0.0036136395370088186,-65.0,0.0,-65.0,0.0
457.70000000000005,-55.06449660795681,0.0,-63.526220035044595,0.0035420846799848814,-63.526220035044595,0.0035420846799848814,-65.0,0.0,-65.0,0.0
457.8,-55.01417412491703,0.0,-63.531852961517345,0.0034719467040613635,-63.531852961517345,0.0034719467040613635,-65.0,0.0,-65.0,0.0
457.90000000000003,-54.96410325429244,0.0,-63.5374920979332,0.0034031975531127103,-63.5374920979332,0.0034031975531127103,-65.0,0.0,-65.0,0.0
458.0,-54.91428273802098,0.0,-63.54313673258026,0.0033358097265618744,-63.54313673258026,0.0033358097265618744,-65.0,0.0,-65.0,0.0
458.1,-54.86471132433088,0.0,-63.54878617078317,0.0032697562683797195,-63.54878617078317,0.0032697562683797195,-65.0,0.0,-65.0,0.0
458.20000000000005,-54.815387767709225,0.0,-63.5544397345511,0.0032050107563022477,-63.5544397345511,0.0032050107563022477,-65.0,0.0,-65.0,0.0
458.3,-54.76631082887068,0.0,-63.56009676223272,0.0031415472912613433,-63.56009676223272,0.0031415472912613433,-65.0,0.0,-65.0,0.0
458.40000000000003,-54.71747927472632,0.0,-63.56575660817804,0.0030793404870247993,-63.56575660817804,0.0030793404870247993,-65.0,0.0,-65.0,0.0
458.5,-54.66889187835269,0.0,-63.57141864240713,0.0030183654600414857,-63.57141864240713,0.0030183654600414857,-65.0,0.0,-65.0,0.0
458.6,-54.620547418960925,0.0,-63.57708225028535,0.0029585978194875983,-63.57708225028535,0.0029585978194875983,-65.0,0.0,-65.0,0.0
458.70000000000005,-54.57244468186612,0.0,-63.58274683220517,0.002900013657510003,-63.58274683220517,0.002900013657510003,-65.0,0.0,-65.0,0.0
458.8,-54.52458245845679,0.0,-63.58841180327431,0.002842589539662776,-63.58841180327431,0.002842589539662776,-65.0,0.0,-65.0,0.0
458.90000000000003,-54.47695954616451,0.0,-63.59407659301017,0.002786302495533113,-63.59407659301017,0.002786302495533113,-65.0,0.0,-65.0,0.0
459.0,-54.42957474843369,0.0,-63.59974064504034,0.0027311300095528585,-63.59974064504034,0.0027311300095528585,-65.0,0.0,-65.0,0.0
459.1,-54.38242687469152,0.0,-63.605403416809146,0.0026770500119919776,-63.605403416809146,0.0026770500119919776,-65.0,0.0,-65.0,0.0
459.20000000000005,-54.33551474031806,0.0,-63.611064379290035,0.0026240408701303695,-63.611064379290035,0.0026240408701303695,-65.0,0.0,-65.0,0.0
459.3,-54.28883716661647,0.0,-63.61672301670378,0.002572081379604492,-63.61672301670378,0.002572081379604492,-65.0,0.0,-65.0,0.0
459.40000000000003,-54.242392980783386,0.0,-63.6223788262423,0.0025211507559253317,-63.6223788262423,0.0025211507559253317,-65.0,0.0,-65.0,0.0
459.5,-54.19618101587947,0.0,-63.628031317798005,0.0024712286261643333,-63.628031317798005,0.0024712286261643333,-65.0,0.0,-65.0,0.0
459.6,-54.15020011080007,0.0,-63.633680013698616,0.002422295020803955,-63.633680013698616,0.002422295020803955,-65.0,0.0,-65.0,0.0
459.70000000000005,-54.10444911024607,0.0,-63.63932444844725,0.002374330365749596,-63.63932444844725,0.002374330365749596,-65.0,0.0,-65.0,0.0
459.8,-54.05892686469484,0.0,-63.64496416846776,0.002327315474499697,-63.64496416846776,0.002327315474499697,-65.0,0.0,-65.0,0.0
459.90000000000003,-54.013632230371364,0.0,-63.65059873185518,0.0022812315404708845,-63.65059873185518,0.0022812315404708845,-65.0,0.0,-65.0,0.0
460.0,-53.96856406921951,0.0,-63.65622770813117,0.0022360601294750867,-63.65622770813117,0.0022360601294750867,-65.0,0.0,-65.0,0.0
460.1,-53.92372124887341,0.0,-63.66185067800434,0.0021917831723456114,-63.66185067800434,0.0021917831723456114,-65.0,0.0,-65.0,0.0
460.20000000000005,-53.87910264262904,0.0,-63.66746723313547,0.0021483829577092395,-63.66746723313547,0.0021483829577092395,-65.0,0.0,-65.0,0.0
460.3,-53.8347071294159,0.0,-63.67307697590734,0.0021058421249014396,-63.67307697590734,0.0021058421249014396,-65.0,0.0,-65.0,0.0
460.40000000000003,-53.790533593768814,0.0,-63.67867951919929,0.0020641436570218693,-63.67867951919929,0.0020641436570218693,-65.0,0.0,-65.0,0.0
460.5,-53.74658092579997,0.0,-63.68427448616623,0.0020232708741273905,-63.68427448616623,0.0020232708741273905,-65.0,0.0,-65.0,0.0
460.6,-53.702848021170965,0.0,-63.68986151002212,0.001983207426559867,-63.68986151002212,0.001983207426559867,-65.0,0.0,-65.0,0.0
460.70000000000005,-53.65933378106511,0.0,-63.6954402338278,0.001943937288406086,-63.6954402338278,0.001943937288406086,-65.0,0.0,-65.0,0.0
460.8,-53.61603711215978,0.0,-63.701010310283124,0.0019054447510871769,-63.701010310283124,0.0019054447510871769,-65.0,0.0,-65.0,0.0
460.90000000000003,-53.572956926598984,0.0,-63.70657140152317,0.0018677144170749713,-63.70657140152317,0.0018677144170749713,-65.0,0.0,-65.0,0.0
461.0,-53.53009214196599,0.0,-63.71212317891869,0.0018307311937327865,-63.71212317891869,0.0018307311937327865,-65.0,0.0,-65.0,0.0
461.1,-53.48744168125616,0.0,-63.71766532288046,0.0017944802872781696,-63.71766532288046,0.0017944802872781696,-65.0,0.0,-65.0,0.0
461.20000000000005,-53.445004472849874,0.0,-63.72319752266762,0.0017589471968651868,-63.72319752266762,0.0017589471968651868,-65.0,0.0,-65.0,0.0
461.3,-53.402779450485625,0.0,-63.72871947619989,0.001724117708783892,-63.72871947619989,0.001724117708783892,-65.0,0.0,-65.0,0.0
461.40000000000003,-53.36076555323319,0.0,-63.73423088987351,0.0016899778907746535,-63.73423088987351,0.0016899778907746535,-65.0,0.0,-65.0,0.0
461.5,-53.31896172546703,0.0,-63.73973147838091,0.001656514086455064,-63.73973147838091,0.001656514086455064,-65.0,0.0,-65.0,0.0
461.6,-53.27736691683969,0.0,-63.74522096453408,0.0016237129098572054,-63.74522096453408,0.0016237129098572054,-65.0,0.0,-65.0,0.0
461.70000000000005,-53.23598008225549,0.0,-63.75069907909137,0.0015915612400730838,-63.75069907909137,0.0015915612400730838,-65.0,0.0,-65.0,0.0
461.8,-53.19480018184421,0.0,-63.75616556058791,0.0015600462160060909,-63.75616556058791,0.0015600462160060909,-65.0,0.0,-65.0,0.0
461.90000000000003,-53.153826180934985,0.0,-63.76162015516935,0.001529155231226394,-63.76162015516935,0.001529155231226394,-65.0,0.0,-65.0,0.0
462.0,-53.11305705003031,0.0,-63.767062616429044,0.001498875928928196,-63.767062616429044,0.001498875928928196,-65.0,0.0,-65.0,0.0
462.1,-53.07249176478015,0.0,-63.7724927052484,0.0014691961969868481,-63.7724927052484,0.0014691961969868481,-65.0,0.0,-65.0,0.0
462.20000000000005,-53.03212930595625,0.0,-63.77791018964061,0.0014401041631138388,-63.77791018964061,0.0014401041631138388,-65.0,0.0,-65.0,0.0
462.3,-52.99196865942647,0.0,-63.78331484459735,0.0014115881901077198,-63.78331484459735,0.0014115881901077198,-65.0,0.0,-65.0,0.0
462.40000000000003,-52.952008816129336,0.0,-63.788706451938765,0.0013836368711990707,-63.788706451938765,0.0013836368711990707,-65.0,0.0,-65.0,0.0
462.5,-52.91224877204869,0.0,-63.794084800166324,0.0013562390254876389,-63.794084800166324,0.0013562390254876389,-65.0,0.0,-65.0,0.0
462.6,-52.87268752818845,0.0,-63.79944968431876,0.0013293836934698303,-63.79944968431876,0.0013293836934698303,-65.0,0.0,-65.0,0.0
462.70000000000005,-52.83332409054751,0.0,-63.80480090583084,0.001303060132654762,-63.80480090583084,0.001303060132654762,-65.0,0.0,-65.0,0.0
462.8,-52.79415747009477,0.0,-63.81013827239505,0.0012772578132671222,-63.81013827239505,0.0012772578132671222,-65.0,0.0,-65.0,0.0
462.90000000000003,-52.755186682744295,0.0,-63.81546159782606,0.0012519664140351206,-63.81546159782606,0.0012519664140351206,-65.0,0.0,-65.0,0.0
463.0,-52.71641074933057,0.0,-63.8207707019279,0.001227175818061841,-63.8207707019279,0.001227175818061841,-65.0,0.0,-65.0,0.0
463.1,-52.67782869558392,0.0,-63.82606541036387,0.0012028761087783486,-63.82606541036387,0.0012028761087783486,-65.0,0.0,-65.0,0.0
463.20000000000005,-52.639439552106,0.0,-63.83134555452906,0.0011790575659769295,-63.83134555452906,0.0011790575659769295,-65.0,0.0,-65.0,0.0
463.3,-52.601242354345466,0.0,-63.83661097142545,0.0011557106619228784,-63.83661097142545,0.0011557106619228784,-65.0,0.0,-65.0,0.0
463.40000000000003,-52.563236142573736,0.0,-63.841861503539555,0.0011328260575432774,-63.841861503539555,0.0011328260575432774,-65.0,0.0,-65.0,0.0
463.5,-52.52541996186087,0.0,-63.84709699872251,0.0011103945986912424,-63.84709699872251,0.0011103945986912424,-65.0,0.0,-65.0,0.0
463.6,-52.48779286205156,0.0,-63.85231731007266,0.0010884073124841427,-63.85231731007266,0.0010884073124841427,-65.0,0.0,-65.0,0.0
463.70000000000005,-52.45035389774131,0.0,-63.85752229582044,0.0010668554037143276,-63.85752229582044,0.0010668554037143276,-65.0,0.0,-65.0,0.0
463.8,-52.4131021282526,0.0,-63.86271181921567,0.0010457302513309267,-63.86271181921567,0.0010457302513309267,-65.0,0.0,-65.0,0.0
463.90000000000003,-52.37603661761134,0.0,-63.867885748417095,0.001025023404991314,-63.867885748417095,0.001025023404991314,-65.0,0.0,-65.0,0.0
464.0,-52.33915643452328,0.0,-63.873043956384166,0.001004726581680859,-63.873043956384166,0.001004726581680859,-65.0,0.0,-65.0,0.0
464.1,-52.30246065235067,0.0,-63.87818632077104,0.0009848316623996092,-63.87818632077104,0.0009848316623996092,-65.0,0.0,-65.0,0.0
464.20000000000005,-52.265948349088916,0.0,-63.88331272382273,0.0009653306889145832,-63.88331272382273,0.0009653306889145832,-65.0,0.0,-65.0,0.0
464.3,-52.22961860734347,0.0,-63.88842305227333,0.0009462158605763705,-63.88842305227333,0.0009462158605763705,-65.0,0.0,-65.0,0.0
464.40000000000003,-52.19347051430675,0.0,-63.89351719724637,0.0009274795311987681,-63.89351719724637,0.0009274795311987681,-65.0,0.0,-65.0,0.0
464.5,-52.15750316173522,0.0,-63.898595054157134,0.0009091142060002038,-63.898595054157134,0.0009091142060002038,-65.0,0.0,-65.0,0.0
464.6,-52.12171564592654,0.0,-63.90365652261705,0.0008911125386057239,-63.90365652261705,0.0008911125386057239,-65.0,0.0,-65.0,0.0
464.70000000000005,-52.08610706769691,0.0,-63.90870150633991,0.0008734673281083453,-63.90870150633991,0.0008734673281083453,-65.0,0.0,-65.0,0.0
464.8,-52.05067653235842,0.0,-63.91372991305011,0.0008561715161885964,-63.91372991305011,0.0008561715161885964,-65.0,0.0,-65.0,0.0
464.90000000000003,-52.01542314969663,0.0,-63.91874165439272,0.0008392181842910953,-63.91874165439272,0.0008392181842910953,-65.0,0.0,-65.0,0.0
465.0,-51.980346033948145,0.0,-63.923736645845324,0.0008226005508570356,-63.923736645845324,0.0008226005508570356,-65.0,0.0,-65.0,0.0
465.1,-51.9454443037784,0.0,-63.92871480663179,0.0008063119686114724,-63.92871480663179,0.0008063119686114724,-65.0,0.0,-65.0,0.0
465.20000000000005,-51.91071708225951,0.0,-63.933676059637676,0.0007903459219043233,-63.933676059637676,0.0007903459219043233,-65.0,0.0,-65.0,0.0
465.3,-51.876163496848214,0.0,-63.938620331327435,0.0007746960241040221,-63.938620331327435,0.0007746960241040221,-65.0,0.0,-65.0,0.0
465.40000000000003,-51.84178267936397,0.0,-63.94354755166328,0.0007593560150427806,-63.94354755166328,0.0007593560150427806,-65.0,0.0,-65.0,0.0
465.5,-51.807573765967156,0.0,-63.94845765402571,0.000744319758512438,-63.94845765402571,0.000744319758512438,-65.0,0.0,-65.0,0.0
465.6,-51.77353589713732,0.0,-63.95335057513567,0.0007295812398098962,-63.95335057513567,0.0007295812398098962,-65.0,0.0,-65.0,0.0
465.70000000000005,-51.739668217651634,0.0,-63.95822625497833,0.000715134563331158,-63.95822625497833,0.000715134563331158,-65.0,0.0,-65.0,0.0
465.8,-51.70596987656337,0.0,-63.96308463672833,0.0007009739502130067,-63.96308463672833,0.0007009739502130067,-65.0,0.0,-65.0,0.0
465.90000000000003,-51.672440027180556,0.0,-63.96792566667668,0.0006870937360213847,-63.96792566667668,0.0006870937360213847,-65.0,0.0,-65.0,0.0
466.0,-51.63907782704465,0.0,-63.97274929415905,0.0006734883684855433,-63.97274929415905,0.0006734883684855433,-65.0,0.0,-65.0,0.0
466.1,-51.60588243790943,0.0,-63.977555471485616,0.0006601524052770606,-63.977555471485616,0.0006601524052770606,-65.0,0.0,-65.0,0.0
466.20000000000005,-51.57285302571988,0.0,-63.98234415387227,0.0006470805118328382,-63.98234415387227,0.0006470805118328382,-65.0,0.0,-65.0,0.0
466.3,-51.53998876059128,0.0,-63.9871152993733,0.0006342674592212041,-63.9871152993733,0.0006342674592212041,-65.0,0.0,-65.0,0.0
466.40000000000003,-51.507288816788325,0.0,-63.99186886881541,0.0006217081220502708,-63.99186886881541,0.0006217081220502708,-65.0,0.0,-65.0,0.0
466.5,-51.47475237270438,0.0,-63.99660482573312,0.0006093974764177098,-63.99660482573312,0.0006093974764177098,-65.0,0.0,-65.0,0.0
466.6,-51.442378610840855,0.0,-64.0013231363055,0.0005973305979011238,-64.0013231363055,0.0005973305979011238,-65.0,0.0,-65.0,0.0
466.70000000000005,-51.41016671778665,0.0,-64.00602376929417,0.0005855026595882124,-64.00602376929417,0.0005855026595882124,-65.0,0.0,-65.0,0.0
466.8,-51.37811588419772,0.0,-64.01070669598263,0.0005739089301459425,-64.01070669598263,0.0005739089301459425,-65.0,0.0,-65.0,0.0
466.90000000000003,-51.34622530477673,0.0,-64.01537189011675,0.0005625447719279521,-64.01537189011675,0.0005625447719279521,-65.0,0.0,-65.0,0.0
467.0,-51.31449417825284,0.0,-64.02001932784661,0.0005514056391194298,-64.02001932784661,0.0005514056391194298,-65.0,0.0,-65.0,0.0
467.1,-51.28292170736158,0.0,-64.02464898766942,0.0005404870759187286,-64.02464898766942,0.0005404870759187286,-65.0,0.0,-65.0,0.0
467.20000000000005,-51.251507098824774,0.0,-64.0292608503737,0.0005297847147549853,-64.0292608503737,0.0005297847147549853,-65.0,0.0,-65.0,0.0
467.3,-51.22024956333065,0.0,-64.03385489898456,0.0005192942745410343,-64.03385489898456,0.0005192942745410343,-65.0,0.0,-65.0,0.0
467.40000000000003,-51.189148315514,0.0,-64.03843111871015,0.0005090115589609158,-64.03843111871015,0.0005090115589609158,-65.0,0.0,-65.0,0.0
467.5,-51.15820257393643,0.0,-64.0429894968892,0.000498932454791293,-64.0429894968892,0.000498932454791293,-65.0,0.0,-65.0,0.0
467.6,-51.127411561066744,0.0,-64.04753002293963,0.000489052930256108,-64.04753002293963,0.000489052930256108,-65.0,0.0,-65.0,0.0
467.70000000000005,-51.09677450326141,0.0,-64.05205268830822,0.0004793690334138181,-64.05205268830822,0.0004793690334138181,-65.0,0.0,-65.0,0.0
467.8,-51.0662906307451,0.0,-64.0565574864214,0.00046987689057656615,-64.0565574864214,0.00046987689057656615,-65.0,0.0,-65.0,0.0
467.90000000000003,-51.03595917759137,0.0,-64.0610444126369,0.00046057270476065356,-64.0610444126369,0.00046057270476065356,-65.0,0.0,-65.0,0.0
468.0,-51.00577938170341,0.0,-64.06551346419664,0.0004514527541676965,-64.06551346419664,0.0004514527541676965,-65.0,0.0,-65.0,0.0
468.1,-50.975750484794894,0.0,-64.06996464018032,0.0004425133906958568,-64.06996464018032,0.0004425133906958568,-65.0,0.0,-65.0,0.0
468.20000000000005,-50.94587173237092,0.0,-64.07439794146018,0.0004337510384805527,-64.07439794146018,0.0004337510384805527,-65.0,0.0,-65.0,0.0
468.3,-50.916142373709064,0.0,-64.07881337065665,0.0004251621924640651,-64.07881337065665,0.0004251621924640651,-65.0,0.0,-65.0,0.0
468.40000000000003,-50.88656166184052,0.0,-64.08321093209487,0.000416743416993468,-64.08321093209487,0.000416743416993468,-65.0,0.0,-65.0,0.0
468.5,-50.857128853531314,0.0,-64.08759063176217,0.0004084913444463212,-64.08759063176217,0.0004084913444463212,-65.0,0.0,-65.0,0.0
468.6,-50.827843209263655,0.0,-64.09195247726642,0.0004004026738835768,-64.09195247726642,0.0004004026738835768,-65.0,0.0,-65.0,0.0
468.70000000000005,-50.79870399321734,0.0,-64.09629647779522,0.0003924741697291594,-64.09629647779522,0.0003924741697291594,-65.0,0.0,-65.0,0.0
468.8,-50.76971047325125,0.0,-64.10062264407601,0.0003847026604756923,-64.10062264407601,0.0003847026604756923,-65.0,0.0,-65.0,0.0
468.90000000000003,-50.740861920884996,0.0,-64.10493098833692,0.00037708503741585274,-64.10493098833692,0.00037708503741585274,-65.0,0.0,-65.0,0.0
469.0,-50.712157611280574,0.0,-64.10922152426853,0.00036961825339884704,-64.10922152426853,0.00036961825339884704,-65.0,0.0,-65.0,0.0
469.1,-50.68359682322417,0.0,-64.11349426698638,0.00036229932161150995,-64.11349426698638,0.00036229932161150995,-65.0,0.0,-65.0,0.0
469.20000000000005,-50.65517883910805,0.0,-64.11774923299426,0.0003551253143835395,-64.11774923299426,0.0003551253143835395,-65.0,0.0,-65.0,0.0
469.3,-50.626902944912516,0.0,-64.12198644014828,0.0003480933620163898,-64.12198644014828,0.0003480933620163898,-65.0,0.0,-65.0,0.0
469.40000000000003,-50.59876843018795,0.0,-64.12620590762172,0.00034120065163535337,-64.12620590762172,0.00034120065163535337,-65.0,0.0,-65.0,0.0
469.5,-50.57077458803701,0.0,-64.13040765587058,0.00033444442606437376,-64.13040765587058,0.00033444442606437376,-65.0,0.0,-65.0,0.0
469.6,-50.54292071509683,0.0,-64.13459170659986,0.0003278219827231384,-64.13459170659986,0.0003278219827231384,-65.0,0.0,-65.0,0.0
469.70000000000005,-50.515206111521344,0.0,-64.13875808273059,0.0003213306725460103,-64.13875808273059,0.0003213306725460103,-65.0,0.0,-65.0,0.0
469.8,-50.48763008096374,0.0,-64.14290680836747,0.0003149678989223667,-64.14290680836747,0.0003149678989223667,-65.0,0.0,-65.0,0.0
469.90000000000003,-50.46019193055892,0.0,-64.1470379087673,0.00030873111665792,-64.1470379087673,0.00030873111665792,-65.0,0.0,-65.0,0.0
470.0,-50.43289097090613,0.0,-64.15115141030799,0.0003026178309566063,-64.15115141030799,0.0003026178309566063,-65.0,0.0,-65.0,0.0
470.1,-50.4057265160516,0.0,-64.15524734045823,0.0002966255964226334,-64.15524734045823,0.0002966255964226334,-65.0,0.0,-65.0,0.0
470.20000000000005,-50.37869788347135,0.0,-64.1593257277479,0.00029075201608229025,-64.1593257277479,0.00029075201608229025,-65.0,0.0,-65.0,0.0
470.3,-50.35180439405399,0.0,-64.16338660173895,0.0002849947404251253,-64.16338660173895,0.0002849947404251253,-65.0,0.0,-65.0,0.0
470.40000000000003,-50.32504537208372,0.0,-64.16742999299703,0.0002793514664641109,-64.16742999299703,0.0002793514664641109,-65.0,0.0,-65.0,0.0
470.5,-50.298420145223304,0.0,-64.17145593306364,0.000273819936814418,-64.17145593306364,0.000273819936814418,-65.0,0.0,-65.0,0.0
470.6,-50.27192804449719,0.0,-64.17546445442893,0.0002683979387904321,-64.17546445442893,0.0002683979387904321,-65.0,0.0,-65.0,0.0
470.70000000000005,-50.2455684042747,0.0,-64.17945559050503,0.0002630833035206492,-64.17945559050503,0.0002630833035206492,-65.0,0.0,-65.0,0.0
470.8,-50.21934056225333,0.0,-64.18342937559996,0.00025787390508009875,-64.18342937559996,0.00025787390508009875,-65.0,0.0,-65.0,0.0
470.90000000000003,-50.19324385944206,0.0,-64.18738584489213,0.0002527676596399449,-64.18738584489213,0.0002527676596399449,-65.0,0.0,-65.0,0.0
471.0,-50.16727764014485,0.0,-64.19132503440535,0.00024776252463392745,-64.19132503440535,0.00024776252463392745,-65.0,0.0,-65.0,0.0
471.1,-50.14144125194413,0.0,-64.19524698098435,0.00024285649794130796,-64.19524698098435,0.00024285649794130796,-65.0,0.0,-65.0,0.0
471.20000000000005,-50.11573404568441,0.0,-64.19915172227088,0.0002380476170859948,-64.19915172227088,0.0002380476170859948,-65.0,0.0,-65.0,0.0
471.3,-50.09015537545599,0.0,-64.2030392966803,0.00023333395845152657,-64.2030392966803,0.00023333395845152657,-65.0,0.0,-65.0,0.0
471.40000000000003,-50.064704598578714,0.0,-64.20690974337865,0.0002287136365115999,-64.20690974337865,0.0002287136365115999,-65.0,0.0,-65.0,0.0
471.5,-50.03938107558582,0.0,-64.21076310226022,0.0002241848030758337,-64.21076310226022,0.0002241848030758337,-65.0,0.0,-65.0,0.0
471.6,-50.01418417020789,0.0,-64.21459941392564,0.00021974564655046836,-64.21459941392564,0.00021974564655046836,-65.0,0.0,-65.0,0.0
471.70000000000005,-65.0,0.0,-64.1784187196604,0.08021539439121371,-64.1784187196604,0.08021539439121371,-65.0,0.0,-65.0,0.0
471.8,-65.0,0.0,-64.14321311448157,0.07862702316104582,-64.14321311448157,0.07862702316104582,-65.0,0.0,-65.0,0.0
471.90000000000003,-65.0,0.0,-64.1089619970149,0.07707010378851663,-64.1089619970149,0.07707010378851663,-65.0,0.0,-65.0,0.0
472.0,-65.0,0.0,-64.07564518028727,0.07554401348511793,-64.07564518028727,0.07554401348511793,-65.0,0.0,-65.0,0.0
472.1,-65.0,0.0,-64.04324288348865,0.07404814179438021,-64.04324288348865,0.07404814179438021,-65.0,0.0,-65.0,0.0
472.20000000000005,-65.0,0.0,-64.01173572389736,0.07258189034768198,-64.01173572389736,0.07258189034768198,-65.0,0.0,-65.0,0.0
472.3,-65.0,0.0,-63.981104708965425,0.07114467262489425,-63.981104708965425,0.07114467262489425,-65.0,0.0,-65.0,0.0
472.40000000000003,-65.0,0.0,-63.95133122856072,0.06973591371976477,-63.95133122856072,0.06973591371976477,-65.0,0.0,-65.0,0.0
472.5,-65.0,0.0,-63.92239704736294,0.06835505010994779,-63.92239704736294,0.06835505010994779,-65.0,0.0,-65.0,0.0
472.6,-65.0,0.0,-63.89428429741034,0.06700152943158759,-63.89428429741034,0.06700152943158759,-65.0,0.0,-65.0,0.0
472.70000000000005,-65.0,0.0,-63.8669754707941,0.06567481025836568,-63.8669754707941,0.06567481025836568,-65.0,0.0,-65.0,0.0
472.8,-65.0,0.0,-63.84045341249767,0.06437436188492292,-63.84045341249767,0.06437436188492292,-65.0,0.0,-65.0,0.0
472.90000000000003,-65.0,0.0,-63.8147013133779,0.0630996641145704,-63.8147013133779,0.0630996641145704,-65.0,0.0,-65.0,0.0
473.0,-65.0,0.0,-63.789702703285414,0.061850207051203775,-63.789702703285414,0.061850207051203775,-65.0,0.0,-65.0,0.0
473.1,-65.0,0.0,-63.76544144432132,0.06062549089533806,-63.76544144432132,0.06062549089533806,-65.0,0.0,-65.0,0.0
473.20000000000005,-65.0,0.0,-63.741901724227624,0.05942502574418113,-63.741901724227624,0.05942502574418113,-65.0,0.0,-65.0,0.0
473.3,-65.0,0.0,-63.71906804990865,0.058248331395666125,-63.71906804990865,0.058248331395666125,-65.0,0.0,-65.0,0.0
473.40000000000003,-65.0,0.0,-63.696925241080926,0.057094937156364156,-63.696925241080926,0.057094937156364156,-65.0,0.0,-65.0,0.0
473.5,-65.0,0.0,-63.67545842404892,0.05596438165320071,-63.67545842404892,0.05596438165320071,-65.0,0.0,-65.0,0.0
473.6,-65.0,0.0,-63.654653025604226,0.05485621264890025,-63.654653025604226,0.05485621264890025,-65.0,0.0,-65.0,0.0
473.70000000000005,-64.9,0.0,-63.63449476704566,0.05376998686108527,-63.63449476704566,0.05376998686108527,-65.0,0.0,-65.0,0.0
473.8,-64.8005,0.0,-63.61496965831795,0.052705269784957445,-63.61496965831795,0.052705269784957445,-65.0,0.0,-65.0,0.0
473.90000000000003,-64.7014975,0.0,-63.59606399226662,0.0516616355194899,-63.59606399226662,0.0516616355194899,-65.0,0.0,-65.0,0.0
474.0,-64.6029900125,0.0,-63.577764339006755,0.05063866659706114,-63.577764339006755,0.05063866659706114,-65.0,0.0,-65.0,0.0
474.1,-64.5049750624375,0.0,-63.56005754040349,0.049635953816462436,-63.56005754040349,0.049635953816462436,-65.0,0.0,-65.0,0.0
474.20000000000005,-64.4074501871253,0.0,-63.54293070466187,0.04865309607921185,-63.54293070466187,0.04865309607921185,-65.0,0.0,-65.0,0.0
474.3,-64.31041293618968,0.0,-63.526371201024006,0.04768970022910955,-63.526371201024006,0.04768970022910955,-65.0,0.0,-65.0,0.0
474.40000000000003,-64.21386087150873,0.0,-63.5103666545714,0.046745380894970046,-63.5103666545714,0.046745380894970046,-65.0,0.0,-65.0,0.0
474.5,-64.11779156715119,0.0,-63.49490494113031,0.04581976033646858,-63.49490494113031,0.04581976033646858,-65.0,0.0,-65.0,0.0
474.6,-64.02220260931543,0.0,-63.479974182278134,0.04491246829303999,-63.479974182278134,0.04491246829303999,-65.0,0.0,-65.0,0.0
474.70000000000005,-63.92709159626885,0.0,-63.46556274044886,0.04402314183576951,-63.46556274044886,0.04402314183576951,-65.0,0.0,-65.0,0.0
474.8,-63.832456138287505,0.0,-63.45165921413551,0.04315142522221639,-63.45165921413551,0.04315142522221639,-65.0,0.0,-65.0,0.0
474.90000000000003,-63.73829385759607,0.0,-63.43825243318778,0.042296969754112165,-63.43825243318778,0.042296969754112165,-65.0,0.0,-65.0,0.0
475.0,-63.64460238830809,0.0,-63.4253314542029,0.0414594336378767,-63.4253314542029,0.0414594336378767,-65.0,0.0,-65.0,0.0
475.1,-63.55137937636655,0.0,-63.412885556007936,0.0406384818478962,-63.412885556007936,0.0406384818478962,-65.0,0.0,-65.0,0.0
475.20000000000005,-63.45862247948472,0.0,-63.40090423523164,0.03983378599250851,-63.40090423523164,0.03983378599250851,-65.0,0.0,-65.0,0.0
475.3,-63.366329367087296,0.0,-63.389377201964166,0.03904502418264205,-63.389377201964166,0.03904502418264205,-65.0,0.0,-65.0,0.0
475.40000000000003,-63.27449772025186,0.0,-63.37829437550282,0.038271880903055916,-63.37829437550282,0.038271880903055916,-65.0,0.0,-65.0,0.0
475.5,-63.1831252316506,0.0,-63.36764588018224,0.037514046886129554,-63.36764588018224,0.037514046886129554,-65.0,0.0,-65.0,0.0
475.6,-63.09220960549235,0.0,-63.35742204128725,0.036771218988151604,-63.35742204128725,0.036771218988151604,-65.0,0.0,-65.0,0.0
475.70000000000005,-63.001748557464886,0.0,-63.347613381046784,0.036043100068058366,-63.347613381046784,0.036043100068058366,-65.0,0.0,-65.0,0.0
475.8,-62.91173981467756,0.0,-63.338210614707265,0.03532939886857343,-63.338210614707265,0.03532939886857343,-65.0,0.0,-65.0,0.0
475.90000000000003,-62.822181115604174,0.0,-63.32920464668388,0.034629829899700856,-63.32920464668388,0.034629829899700856,-65.0,0.0,-65.0,0.0
476.0,-62.733070210026156,0.0,-63.320586566788194,0.033944113324525384,-63.320586566788194,0.033944113324525384,-65.0,0.0,-65.0,0.0
476.1,-62.644404858976024,0.0,-63.31234764653062,0.033271974847273934,-63.31234764653062,0.033271974847273934,-65.0,0.0,-65.0,0.0
476.20000000000005,-62.556182834681145,0.0,-63.30447933549617,0.03261314560359364,-63.30447933549617,0.03261314560359364,-65.0,0.0,-65.0,0.0
476.3,-62.46840192050774,0.0,-63.29697325779219,0.031967362053002525,-63.29697325779219,0.031967362053002525,-65.0,0.0,-65.0,0.0
476.40000000000003,-62.3810599109052,0.0,-63.289821208566494,0.031334365873469786,-63.289821208566494,0.031334365873469786,-65.0,0.0,-65.0,0.0
476.5,-62.29415461135068,0.0,-63.28301515059462,0.03071390385808355,-63.28301515059462,0.03071390385808355,-65.0,0.0,-65.0,0.0
476.6,-62.207683838293924,0.0,-63.276547210934766,0.030105727813764728,-63.276547210934766,0.030105727813764728,-65.0,0.0,-65.0,0.0
476.70000000000005,-62.12164541910246,0.0,-63.2704096776491,0.029509594461986467,-63.2704096776491,0.029509594461986467,-65.0,0.0,-65.0,0.0
476.8,-62.036037192006944,0.0,-63.26459499659013,0.028925265341459505,-63.26459499659013,0.028925265341459505,-65.0,0.0,-65.0,0.0
476.90000000000003,-61.95085700604691,0.0,-63.2590957682508,0.028352506712744478,-63.2590957682508,0.028352506712744478,-65.0,0.0,-65.0,0.0
477.0,-61.866102721016674,0.0,-63.25390474467717,0.02779108946475301,-63.25390474467717,0.02779108946475301,-65.0,0.0,-65.0,0.0
477.1,-61.78177220741159,0.0,-63.249014826442234,0.027240789023100242,-63.249014826442234,0.027240789023100242,-65.0,0.0,-65.0,0.0
477.20000000000005,-61.69786334637453,0.0,-63.244419059679885,0.02670138526027208,-63.244419059679885,0.02670138526027208,-65.0,0.0,-65.0,0.0
477.3,-61.61437402964266,0.0,-63.2401106331777,0.026172662407571243,-63.2401106331777,0.026172662407571243,-65.0,0.0,-65.0,0.0
477.40000000000003,-61.53130215949445,0.0,-63.23608287552741,0.02565440896880692,-63.23608287552741,0.02565440896880692,-65.0,0.0,-65.0,0.0
477.5,-61.44864564869698,0.0,-63.23232925233192,0.025146417635693467,-63.23232925233192,0.025146417635693467,-65.0,0.0,-65.0,0.0
477.6,-61.3664024204535,0.0,-63.2288433634678,0.02464848520492433,-63.2288433634678,0.02464848520492433,-65.0,0.0,-65.0,0.0
477.70000000000005,-61.28457040835123,0.0,-63.22561894040202,0.024160412496888013,-63.22561894040202,0.024160412496888013,-65.0,0.0,-65.0,0.0
477.8,-61.203147556309474,0.0,-63.22264984356202,0.023682004275993578,-63.22264984356202,0.023682004275993578,-65.0,0.0,-65.0,0.0
477.90000000000003,-61.122131818527926,0.0,-63.21993005975792,0.02321306917257381,-63.21993005975792,0.02321306917257381,-65.0,0.0,-65.0,0.0
478.0,-61.041521159435284,0.0,-63.21745369965596,0.022753419606334785,-63.21745369965596,0.022753419606334785,-65.0,0.0,-65.0,0.0
478.1,-60.96131355363811,0.0,-63.21521499530202,0.02230287171132127,-63.21521499530202,0.02230287171132127,-65.0,0.0,-65.0,0.0
478.20000000000005,-60.88150698586992,0.0,-63.21320829769432,0.021861245262367872,-63.21320829769432,0.021861245262367872,-65.0,0.0,-65.0,0.0
478.3,-60.80209945094057,0.0,-63.211428074404346,0.021428363603006578,-63.211428074404346,0.021428363603006578,-65.0,0.0,-65.0,0.0
478.40000000000003,-60.72308895368587,0.0,-63.209868907244925,0.02100405357480181,-63.209868907244925,0.02100405357480181,-65.0,0.0,-65.0,0.0
478.5,-60.644473508917436,0.0,-63.20852548998466,0.02058814544808474,-63.20852548998466,0.02058814544808474,-65.0,0.0,-65.0,0.0
478.6,-60.566251141372845,0.0,-63.207392626107705,0.020180472854059175,-63.207392626107705,0.020180472854059175,-65.0,0.0,-65.0,0.0
478.70000000000005,-60.488419885665984,0.0,-63.20646522661804,0.019780872718251793,-63.20646522661804,0.019780872718251793,-65.0,0.0,-65.0,0.0
478.8,-60.41097778623765,0.0,-63.205738307887316,0.019389185195280198,-63.205738307887316,0.019389185195280198,-65.0,0.0,-65.0,0.0
478.90000000000003,-60.333922897306465,0.0,-63.205206989545424,0.01900525360491263,-63.205206989545424,0.01900525360491263,-65.0,0.0,-65.0,0.0
479.0,-60.25725328281993,0.0,-63.204866492413,0.018628924369393788,-63.204866492413,0.018628924369393788,-65.0,0.0,-65.0,0.0
479.1,-60.18096701640583,0.0,-63.204712136474924,0.018260046952011673,-63.204712136474924,0.018260046952011673,-65.0,0.0,-65.0,0.0
479.20000000000005,-60.1050621813238,0.0,-63.20473933889411,0.017898473796880903,-63.20473933889411,0.017898473796880903,-65.0,0.0,-65.0,0.0
479.3,-60.02953687041718,0.0,-63.204943612064675,0.017544060269918383,-63.204943612064675,0.017544060269918383,-65.0,0.0,-65.0,0.0
479.40000000000003,-59.95438918606509,0.0,-63.20532056170386,0.017196664600987753,-63.20532056170386,0.017196664600987753,-65.0,0.0,-65.0,0.0
479.5,-59.87961724013477,0.0,-63.20586588498174,0.016856147827189437,-63.20586588498174,0.016856147827189437,-65.0,0.0,-65.0,0.0
479.6,-59.8052191539341,0.0,-63.20657536868819,0.01652237373727363,-63.20657536868819,0.01652237373727363,-65.0,0.0,-65.0,0.0
479.70000000000005,-59.73119305816443,0.0,-63.207444887436175,0.01619520881715399,-63.207444887436175,0.01619520881715399,-65.0,0.0,-65.0,0.0
479.8,-59.6575370928736,0.0,-63.20847040190075,0.015874522196500207,-63.20847040190075,0.015874522196500207,-65.0,0.0,-65.0,0.0
479.90000000000003,-59.58424940740924,0.0,-63.20964795709305,0.015560185596388141,-63.20964795709305,0.015560185596388141,-65.0,0.0,-65.0,0.0
480.0,-59.511328160372194,0.0,-63.21097368066859,0.015252073277986538,-63.21097368066859,0.015252073277986538,-65.0,0.0,-65.0,0.0
480.1,-59.43877151957033,0.0,-63.212443781269116,0.014950061992259818,-63.212443781269116,0.014950061992259818,-65.0,0.0,-65.0,0.0
480.20000000000005,-59.36657766197248,0.0,-63.21405454689744,0.01465403093066682,-63.21405454689744,0.01465403093066682,-65.0,0.0,-65.0,0.0
480.3,-59.294744773662615,0.0,-63.21580234332453,0.014363861676835774,-63.21580234332453,0.014363861676835774,-65.0,0.0,-65.0,0.0
480.40000000000003,-59.2232710497943,0.0,-63.21768361252831,0.01407943815919617,-63.21768361252831,0.01407943815919617,-65.0,0.0,-65.0,0.0
480.5,-59.15215469454533,0.0,-63.2196948711634,0.01380064660454859,-63.2196948711634,0.01380064660454859,-65.0,0.0,-65.0,0.0
480.6,-59.0813939210726,0.0,-63.2218327090613,0.013527375492553905,-63.2218327090613,0.013527375492553905,-65.0,0.0,-65.0,0.0
480.70000000000005,-59.01098695146724,0.0,-63.22409378776044,0.013259515511123653,-63.22409378776044,0.013259515511123653,-65.0,0.0,-65.0,0.0
480.8,-58.9409320167099,0.0,-63.22647483906529,0.012996959512693747,-63.22647483906529,0.012996959512693747,-65.0,0.0,-65.0,0.0
480.90000000000003,-58.87122735662635,0.0,-63.22897266363428,0.012739602471364023,-63.22897266363428,0.012739602471364023,-65.0,0.0,-65.0,0.0
481.0,-58.801871219843214,0.0,-63.23158412959567,0.012487341440886476,-63.23158412959567,0.012487341440886476,-65.0,0.0,-65.0,0.0
481.1,-58.732861863744,0.0,-63.234306171190944,0.01224007551348539,-63.234306171190944,0.01224007551348539,-65.0,0.0,-65.0,0.0
481.20000000000005,-58.66419755442528,0.0,-63.23713578744524,0.011997705779492879,-63.23713578744524,0.011997705779492879,-65.0,0.0,-65.0,0.0
481.3,-58.59587656665315,0.0,-63.24007004086412,0.01176013528778371,-63.24007004086412,0.01176013528778371,-65.0,0.0,-65.0,0.0
481.40000000000003,-58.52789718381989,0.0,-63.2431060561563,0.011527269006993548,-63.2431060561563,0.011527269006993548,-65.0,0.0,-65.0,0.0
481.5,-58.460257697900786,0.0,-63.24624101898176,0.011299013787505153,-63.24624101898176,0.011299013787505153,-65.0,0.0,-65.0,0.0
481.6,-58.39295640941128,0.0,-63.24947217472476,0.011075278324187287,-63.24947217472476,0.011075278324187287,-65.0,0.0,-65.0,0.0
481.70000000000005,-58.325991627364225,0.0,-63.2527968272912,0.010855973119871442,-63.2527968272912,0.010855973119871442,-65.0,0.0,-65.0,0.0
481.8,-58.2593616692274,0.0,-63.256212337929966,0.010641010449551784,-63.256212337929966,0.010641010449551784,-65.0,0.0,-65.0,0.0
481.90000000000003,-58.193064860881265,0.0,-63.25971612407767,0.010430304325293979,-63.25971612407767,0.010430304325293979,-65.0,0.0,-65.0,0.0
482.0,-58.12709953657686,0.0,-63.263305658226365,0.01022377046183887,-63.263305658226365,0.01022377046183887,-65.0,0.0,-65.0,0.0
482.1,-58.06146403889397,0.0,-63.26697846681379,0.010021326242887253,-63.26697846681379,0.010021326242887253,-65.0,0.0,-65.0,0.0
482.20000000000005,-57.9961567186995,0.0,-63.270732129135695,0.009822890688052255,-63.270732129135695,0.009822890688052255,-65.0,0.0,-65.0,0.0
482.3,-57.931175935106005,0.0,-63.27456427627978,0.0096283844204661,-63.27456427627978,0.0096283844204661,-65.0,0.0,-65.0,0.0
482.40000000000003,-57.86652005543048,0.0,-63.27847259008087,0.009437729635028303,-63.27847259008087,0.009437729635028303,-65.0,0.0,-65.0,0.0
482.5,-57.80218745515332,0.0,-63.28245480209682,0.00925085006728259,-63.28245480209682,0.00925085006728259,-65.0,0.0,-65.0,0.0
482.6,-57.738176517877555,0.0,-63.28650869260488,0.009067670962910102,-63.28650869260488,0.009067670962910102,-65.0,0.0,-65.0,0.0
482.70000000000005,-57.674485635288164,0.0,-63.290632089617944,0.00888811904782667,-63.290632089617944,0.00888811904782667,-65.0,0.0,-65.0,0.0
482.8,-57.61111320711172,0.0,-63.294822867920416,0.008712122498872201,-63.294822867920416,0.008712122498872201,-65.0,0.0,-65.0,0.0
482.90000000000003,-57.54805764107616,0.0,-63.299078948123274,0.008539610915080466,-63.299078948123274,0.008539610915080466,-65.0,0.0,-65.0,0.0
483.0,-57.48531735287078,0.0,-63.3033982957379,0.008370515289517759,-63.3033982957379,0.008370515289517759,-65.0,0.0,-65.0,0.0
483.1,-57.42289076610643,0.0,-63.30777892026837,0.008204767981679217,-63.30777892026837,0.008204767981679217,-65.0,0.0,-65.0,0.0
483.20000000000005,-57.360776312275895,0.0,-63.312218874321815,0.008042302690431713,-63.312218874321815,0.008042302690431713,-65.0,0.0,-65.0,0.0
483.3,-57.298972430714514,0.0,-63.31671625273646,0.007883054427492514,-63.31671625273646,0.007883054427492514,-65.0,0.0,-65.0,0.0
483.40000000000003,-57.23747756856094,0.0,-63.32126919172706,0.007726959491433105,-63.32126919172706,0.007726959491433105,-65.0,0.0,-65.0,0.0
483.5,-57.176290180718134,0.0,-63.325875868047326,0.00757395544219777,-63.325875868047326,0.00757395544219777,-65.0,0.0,-65.0,0.0
483.6,-57.11540872981454,0.0,-63.33053449816903,0.007423981076126733,-63.33053449816903,0.007423981076126733,-65.0,0.0,-65.0,0.0
483.70000000000005,-57.054831686165464,0.0,-63.33524333747745,0.007276976401473881,-63.33524333747745,0.007276976401473881,-65.0,0.0,-65.0,0.0
483.8,-56.994557527734635,0.0,-63.340000679482856,0.007132882614409264,-63.340000679482856,0.007132882614409264,-65.0,0.0,-65.0,0.0
483.90000000000003,-56.934584740095964,0.0,-63.34480485504769,0.006991642075496781,-63.34480485504769,0.006991642075496781,-65.0,0.0,-65.0,0.0
484.0,-56.87491181639548,0.0,-63.34965423162913,0.006853198286637633,-63.34965423162913,0.006853198286637633,-65.0,0.0,-65.0,0.0
484.1,-56.8155372573135,0.0,-63.35454721253675,0.006717495868470336,-63.35454721253675,0.006717495868470336,-65.0,0.0,-65.0,0.0
484.20000000000005,-56.75645957102693,0.0,-63.35948223620496,0.006584480538218233,-63.35948223620496,0.006584480538218233,-65.0,0.0,-65.0,0.0
484.3,-56.6976772731718,0.0,-63.36445777547995,0.006454099087975662,-63.36445777547995,0.006454099087975662,-65.0,0.0,-65.0,0.0
484.40000000000003,-56.63918888680594,0.0,-63.369472336920836,0.006326299363424083,-63.369472336920836,0.006326299363424083,-65.0,0.0,-65.0,0.0
484.5,-56.58099294237191,0.0,-63.37452446011475,0.006201030242969656,-63.37452446011475,0.006201030242969656,-65.0,0.0,-65.0,0.0
484.6,-56.52308797766005,0.0,-63.37961271700553,0.006078241617293923,-63.37961271700553,0.006078241617293923,-65.0,0.0,-65.0,0.0
484.70000000000005,-56.465472537771745,0.0,-63.38473571123585,0.00595788436930941,-63.38473571123585,0.00595788436930941,-65.0,0.0,-65.0,0.0
484.8,-56.408145175082886,0.0,-63.38989207750241,0.005839910354512139,-63.38989207750241,0.005839910354512139,-65.0,0.0,-65.0,0.0
484.90000000000003,-56.35110444920747,0.0,-63.39508048092404,0.005724272381723181,-63.39508048092404,0.005724272381723181,-65.0,0.0,-65.0,0.0
485.0,-56.29434892696143,0.0,-63.40029961642231,0.0056109241942115615,-63.40029961642231,0.0056109241942115615,-65.0,0.0,-65.0,0.0
485.1,-56.23787718232663,0.0,-63.4055482081146,0.005499820451190947,-63.4055482081146,0.005499820451190947,-65.0,0.0,-65.0,0.0
485.20000000000005,-56.18168779641499,0.0,-63.410825008719186,0.005390916709682727,-63.410825008719186,0.005390916709682727,-65.0,0.0,-65.0,0.0
485.3,-56.12577935743292,0.0,-63.416128798972224,0.0052841694067382265,-63.416128798972224,0.0052841694067382265,-65.0,0.0,-65.0,0.0
485.40000000000003,-56.070150460645756,0.0,-63.421458387056354,0.005179535842012953,-63.421458387056354,0.005179535842012953,-65.0,0.0,-65.0,0.0
485.5,-56.01479970834253,0.0,-63.42681260804073,0.0050769741606858845,-63.42681260804073,0.0050769741606858845,-65.0,0.0,-65.0,0.0
485.6,-55.959725709800814,0.0,-63.432190323332165,0.004976443336716981,-63.432190323332165,0.004976443336716981,-65.0,0.0,-65.0,0.0
485.70000000000005,-55.90492708125181,0.0,-63.43759042013728,0.004877903156436227,-63.43759042013728,0.004877903156436227,-65.0,0.0,-65.0,0.0
485.8,-55.85040244584555,0.0,-63.44301181093537,0.004781314202457624,-63.44301181093537,0.004781314202457624,-65.0,0.0,-65.0,0.0
485.90000000000003,-55.796150433616326,0.0,-63.448453432961735,0.004686637837911709,-63.448453432961735,0.004686637837911709,-65.0,0.0,-65.0,0.0
486.0,-55.742169681448246,0.0,-63.453914247701434,0.004593836190990297,-63.453914247701434,0.004593836190990297,-65.0,0.0,-65.0,0.0
486.1,-55.688458833041004,0.0,-63.45939324039303,0.004502872139797247,-63.45939324039303,0.004502872139797247,-65.0,0.0,-65.0,0.0
486.20000000000005,-55.635016538875796,0.0,-63.46488941954231,0.004413709297499212,-63.46488941954231,0.004413709297499212,-65.0,0.0,-65.0,0.0
486.3,-55.581841456181415,0.0,-63.470401816445715,0.004326311997770419,-63.470401816445715,0.004326311997770419,-65.0,0.0,-65.0,0.0
486.40000000000003,-55.52893224890051,0.0,-63.475929484723224,0.004240645280525662,-63.475929484723224,0.004240645280525662,-65.0,0.0,-65.0,0.0
486.5,-55.47628758765601,0.0,-63.48147149986064,0.004156674877935807,-63.48147149986064,0.004156674877935807,-65.0,0.0,-65.0,0.0
486.6,-55.42390614971773,0.0,-63.48702695876098,0.004074367200720197,-63.48702695876098,0.004074367200720197,-65.0,0.0,-65.0,0.0
486.70000000000005,-55.37178661896914,0.0,-63.49259497930482,0.003993689324710495,-63.49259497930482,0.003993689324710495,-65.0,0.0,-65.0,0.0
486.8,-55.31992768587429,0.0,-63.49817469991945,0.003914608977680579,-63.49817469991945,0.003914608977680579,-65.0,0.0,-65.0,0.0
486.90000000000003,-55.26832804744492,0.0,-63.50376527915664,0.003837094526437217,-63.50376527915664,0.003837094526437217,-65.0,0.0,-65.0,0.0
487.0,-55.21698640720769,0.0,-63.50936589527877,0.0037611149641663725,-63.50936589527877,0.0037611149641663725,-65.0,0.0,-65.0,0.0
487.1,-55.16590147517165,0.0,-63.51497574585336,0.0036866398980300624,-63.51497574585336,0.0036866398980300624,-65.0,0.0,-65.0,0.0
487.20000000000005,-55.11507196779579,0.0,-63.520594047355594,0.0036136395370088186,-63.520594047355594,0.0036136395370088186,-65.0,0.0,-65.0,0.0
487.3,-55.06449660795681,0.0,-63.526220034778824,0.0035420846799848814,-63.526220034778824,0.0035420846799848814,-65.0,0.0,-65.0,0.0
487.40000000000003,-55.01417412491703,0.0,-63.5318529612529,0.0034719467040613635,-63.5318529612529,0.0034719467040613635,-65.0,0.0,-65.0,0.0
487.5,-54.96410325429244,0.0,-63.53749209767008,0.0034031975531127103,-63.53749209767008,0.0034031975531127103,-65.0,0.0,-65.0,0.0
487.6,-54.91428273802098,0.0,-63.54313673231845,0.0033358097265618744,-63.54313673231845,0.0033358097265618744,-65.0,0.0,-65.0,0.0
487.70000000000005,-54.86471132433088,0.0,-63.54878617052267,0.0032697562683797195,-63.54878617052267,0.0032697562683797195,-65.0,0.0,-65.0,0.0
487.8,-54.815387767709225,0.0,-63.554439734291904,0.0032050107563022477,-63.554439734291904,0.0032050107563022477,-65.0,0.0,-65.0,0.0
487.90000000000003,-54.76631082887068,0.0,-63.56009676197481,0.0031415472912613433,-63.56009676197481,0.0031415472912613433,-65.0,0.0,-65.0,0.0
488.0,-54.71747927472632,0.0,-63.56575660792142,0.0030793404870247993,-63.56575660792142,0.0030793404870247993,-65.0,0.0,-65.0,0.0
488.1,-54.66889187835269,0.0,-63.57141864215179,0.0030183654600414857,-63.57141864215179,0.0030183654600414857,-65.0,0.0,-65.0,0.0
488.20000000000005,-54.620547418960925,0.0,-63.57708225003129,0.0029585978194875983,-63.57708225003129,0.0029585978194875983,-65.0,0.0,-65.0,0.0
488.3,-54.57244468186612,0.0,-63.58274683195238,0.002900013657510003,-63.58274683195238,0.002900013657510003,-65.0,0.0,-65.0,0.0
488.40000000000003,-54.52458245845679,0.0,-63.58841180302279,0.002842589539662776,-63.58841180302279,0.002842589539662776,-65.0,0.0,-65.0,0.0
488.5,-54.47695954616451,0.0,-63.594076592759905,0.002786302495533113,-63.594076592759905,0.002786302495533113,-65.0,0.0,-65.0,0.0
488.6,-54.42957474843369,0.0,-63.59974064479133,0.0027311300095528585,-63.59974064479133,0.0027311300095528585,-65.0,0.0,-65.0,0.0
488.70000000000005,-54.38242687469152,0.0,-63.60540341656138,0.0026770500119919776,-63.60540341656138,0.0026770500119919776,-65.0,0.0,-65.0,0.0
488.8,-54.33551474031806,0.0,-63.611064379043505,0.0026240408701303695,-63.611064379043505,0.0026240408701303695,-65.0,0.0,-65.0,0.0
488.90000000000003,-54.28883716661647,0.0,-63.61672301645849,0.002572081379604492,-63.61672301645849,0.002572081379604492,-65.0,0.0,-65.0,0.0
489.0,-54.242392980783386,0.0,-63.62237882599823,0.0025211507559253317,-63.62237882599823,0.0025211507559253317,-65.0,0.0,-65.0,0.0
489.1,-54.19618101587947,0.0,-63.62803131755516,0.0024712286261643333,-63.62803131755516,0.0024712286261643333,-65.0,0.0,-65.0,0.0
489.20000000000005,-54.15020011080007,0.0,-63.63368001345698,0.002422295020803955,-63.63368001345698,0.002422295020803955,-65.0,0.0,-65.0,0.0
489.3,-54.10444911024607,0.0,-63.63932444820682,0.002374330365749596,-63.63932444820682,0.002374330365749596,-65.0,0.0,-65.0,0.0
489.40000000000003,-54.05892686469484,0.0,-63.64496416822854,0.002327315474499697,-63.64496416822854,0.002327315474499697,-65.0,0.0,-65.0,0.0
489.5,-54.013632230371364,0.0,-63.650598731617166,0.0022812315404708845,-63.650598731617166,0.0022812315404708845,-65.0,0.0,-65.0,0.0
489.6,-53.96856406921951,0.0,-63.656227707894345,0.0022360601294750867,-63.656227707894345,0.0022360601294750867,-65.0,0.0,-65.0,0.0
489.70000000000005,-53.92372124887341,0.0,-63.6618506777687,0.0021917831723456114,-63.6618506777687,0.0021917831723456114,-65.0,0.0,-65.0,0.0
489.8,-53.87910264262904,0.0,-63.667467232901,0.0021483829577092395,-63.667467232901,0.0021483829577092395,-65.0,0.0,-65.0,0.0
489.90000000000003,-53.8347071294159,0.0,-63.67307697567404,0.0021058421249014396,-63.67307697567404,0.0021058421249014396,-65.0,0.0,-65.0,0.0
490.0,-53.790533593768814,0.0,-63.678679518967165,0.0020641436570218693,-63.678679518967165,0.0020641436570218693,-65.0,0.0,-65.0,0.0
490.1,-53.74658092579997,0.0,-63.68427448593526,0.0020232708741273905,-63.68427448593526,0.0020232708741273905,-65.0,0.0,-65.0,0.0
490.20000000000005,-53.702848021170965,0.0,-63.68986150979231,0.001983207426559867,-63.68986150979231,0.001983207426559867,-65.0,0.0,-65.0,0.0
490.3,-53.65933378106511,0.0,-63.69544023359914,0.001943937288406086,-63.69544023359914,0.001943937288406086,-65.0,0.0,-65.0,0.0
490.40000000000003,-53.61603711215978,0.0,-63.7010103100556,0.0019054447510871769,-63.7010103100556,0.0019054447510871769,-65.0,0.0,-65.0,0.0
490.5,-53.572956926598984,0.0,-63.706571401296785,0.0018677144170749713,-63.706571401296785,0.0018677144170749713,-65.0,0.0,-65.0,0.0
490.6,-53.53009214196599,0.0,-63.71212317869343,0.0018307311937327865,-63.71212317869343,0.0018307311937327865,-65.0,0.0,-65.0,0.0
490.70000000000005,-53.48744168125616,0.0,-63.71766532265632,0.0017944802872781696,-63.71766532265632,0.0017944802872781696,-65.0,0.0,-65.0,0.0
490.8,-53.445004472849874,0.0,-63.72319752244461,0.0017589471968651868,-63.72319752244461,0.0017589471968651868,-65.0,0.0,-65.0,0.0
490.90000000000003,-53.402779450485625,0.0,-63.72871947597799,0.001724117708783892,-63.72871947597799,0.001724117708783892,-65.0,0.0,-65.0,0.0
491.0,-53.36076555323319,0.0,-63.734230889652714,0.0016899778907746535,-63.734230889652714,0.0016899778907746535,-65.0,0.0,-65.0,0.0
491.1,-53.31896172546703,0.0,-63.739731478161225,0.001656514086455064,-63.739731478161225,0.001656514086455064,-65.0,0.0,-65.0,0.0
491.20000000000005,-53.27736691683969,0.0,-63.74522096431549,0.0016237129098572054,-63.74522096431549,0.0016237129098572054,-65.0,0.0,-65.0,0.0
491.3,-53.23598008225549,0.0,-63.75069907887388,0.0015915612400730838,-63.75069907887388,0.0015915612400730838,-65.0,0.0,-65.0,0.0
491.40000000000003,-53.19480018184421,0.0,-63.75616556037151,0.0015600462160060909,-63.75616556037151,0.0015600462160060909,-65.0,0.0,-65.0,0.0
491.5,-53.153826180934985,0.0,-63.76162015495404,0.001529155231226394,-63.76162015495404,0.001529155231226394,-65.0,0.0,-65.0,0.0
491.6,-53.11305705003031,0.0,-63.7670626162148,0.001498875928928196,-63.7670626162148,0.001498875928928196,-65.0,0.0,-65.0,0.0
491.70000000000005,-53.07249176478015,0.0,-63.77249270503523,0.0014691961969868481,-63.77249270503523,0.0014691961969868481,-65.0,0.0,-65.0,0.0
491.8,-53.03212930595625,0.0,-63.7779101894285,0.0014401041631138388,-63.7779101894285,0.0014401041631138388,-65.0,0.0,-65.0,0.0
491.90000000000003,-52.99196865942647,0.0,-63.783314844386304,0.0014115881901077198,-63.783314844386304,0.0014115881901077198,-65.0,0.0,-65.0,0.0
492.0,-52.952008816129336,0.0,-63.78870645172877,0.0013836368711990707,-63.78870645172877,0.0013836368711990707,-65.0,0.0,-65.0,0.0
492.1,-52.91224877204869,0.0,-63.79408479995738,0.0013562390254876389,-63.79408479995738,0.0013562390254876389,-65.0,0.0,-65.0,0.0
492.20000000000005,-52.87268752818845,0.0,-63.79944968411086,0.0013293836934698303,-63.79944968411086,0.0013293836934698303,-65.0,0.0,-65.0,0.0
492.3,-52.83332409054751,0.0,-63.80480090562398,0.001303060132654762,-63.80480090562398,0.001303060132654762,-65.0,0.0,-65.0,0.0
492.40000000000003,-52.79415747009477,0.0,-63.81013827218923,0.0012772578132671222,-63.81013827218923,0.0012772578132671222,-65.0,0.0,-65.0,0.0
492.5,-52.755186682744295,0.0,-63.815461597621265,0.0012519664140351206,-63.815461597621265,0.0012519664140351206,-65.0,0.0,-65.0,0.0
492.6,-52.71641074933057,0.0,-63.82077070172413,0.001227175818061841,-63.82077070172413,0.001227175818061841,-65.0,0.0,-65.0,0.0
492.70000000000005,-52.67782869558392,0.0,-63.82606541016112,0.0012028761087783486,-63.82606541016112,0.0012028761087783486,-65.0,0.0,-65.0,0.0
492.8,-52.639439552106,0.0,-63.83134555432733,0.0011790575659769295,-63.83134555432733,0.0011790575659769295,-65.0,0.0,-65.0,0.0
492.90000000000003,-52.601242354345466,0.0,-63.83661097122473,0.0011557106619228784,-63.83661097122473,0.0011557106619228784,-65.0,0.0,-65.0,0.0
493.0,-52.563236142573736,0.0,-63.841861503339835,0.0011328260575432774,-63.841861503339835,0.0011328260575432774,-65.0,0.0,-65.0,0.0
493.1,-52.52541996186087,0.0,-63.84709699852379,0.0011103945986912424,-63.84709699852379,0.0011103945986912424,-65.0,0.0,-65.0,0.0
493.20000000000005,-52.48779286205156,0.0,-63.85231730987493,0.0010884073124841427,-63.85231730987493,0.0010884073124841427,-65.0,0.0,-65.0,0.0
493.3,-52.45035389774131,0.0,-63.857522295623696,0.0010668554037143276,-63.857522295623696,0.0010668554037143276,-65.0,0.0,-65.0,0.0
493.40000000000003,-52.4131021282526,0.0,-63.862711819019914,0.0010457302513309267,-63.862711819019914,0.0010457302513309267,-65.0,0.0,-65.0,0.0
493.5,-52.37603661761134,0.0,-63.86788574822232,0.001025023404991314,-63.86788574822232,0.001025023404991314,-65.0,0.0,-65.0,0.0
493.6,-52.33915643452328,0.0,-63.87304395619037,0.001004726581680859,-63.87304395619037,0.001004726581680859,-65.0,0.0,-65.0,0.0
493.70000000000005,-52.30246065235067,0.0,-63.87818632057822,0.0009848316623996092,-63.87818632057822,0.0009848316623996092,-65.0,0.0,-65.0,0.0
493.8,-52.265948349088916,0.0,-63.88331272363087,0.0009653306889145832,-63.88331272363087,0.0009653306889145832,-65.0,0.0,-65.0,0.0
493.90000000000003,-52.22961860734347,0.0,-63.88842305208243,0.0009462158605763705,-63.88842305208243,0.0009462158605763705,-65.0,0.0,-65.0,0.0
494.0,-52.19347051430675,0.0,-63.89351719705642,0.0009274795311987681,-63.89351719705642,0.0009274795311987681,-65.0,0.0,-65.0,0.0
494.1,-52.15750316173522,0.0,-63.89859505396814,0.0009091142060002038,-63.89859505396814,0.0009091142060002038,-65.0,0.0,-65.0,0.0
494.20000000000005,-52.12171564592654,0.0,-63.903656522428996,0.0008911125386057239,-63.903656522428996,0.0008911125386057239,-65.0,0.0,-65.0,0.0
494.3,-52.08610706769691,0.0,-63.908701506152795,0.0008734673281083453,-63.908701506152795,0.0008734673281083453,-65.0,0.0,-65.0,0.0
494.40000000000003,-52.05067653235842,0.0,-63.913729912863936,0.0008561715161885964,-63.913729912863936,0.0008561715161885964,-65.0,0.0,-65.0,0.0
494.5,-52.01542314969663,0.0,-63.91874165420747,0.0008392181842910953,-63.91874165420747,0.0008392181842910953,-65.0,0.0,-65.0,0.0
494.6,-51.980346033948145,0.0,-63.92373664566101,0.0008226005508570356,-63.92373664566101,0.0008226005508570356,-65.0,0.0,-65.0,0.0
494.70000000000005,-51.9454443037784,0.0,-63.9287148064484,0.0008063119686114724,-63.9287148064484,0.0008063119686114724,-65.0,0.0,-65.0,0.0
494.8,-51.91071708225951,0.0,-63.9336760594552,0.0007903459219043233,-63.9336760594552,0.0007903459219043233,-65.0,0.0,-65.0,0.0
494.90000000000003,-51.876163496848214,0.0,-63.93862033114588,0.0007746960241040221,-63.93862033114588,0.0007746960241040221,-65.0,0.0,-65.0,0.0
495.0,-51.84178267936397,0.0,-63.943547551482624,0.0007593560150427806,-63.943547551482624,0.0007593560150427806,-65.0,0.0,-65.0,0.0
495.1,-51.807573765967156,0.0,-63.948457653845956,0.000744319758512438,-63.948457653845956,0.000744319758512438,-65.0,0.0,-65.0,0.0
495.20000000000005,-51.77353589713732,0.0,-63.95335057495682,0.0007295812398098962,-63.95335057495682,0.0007295812398098962,-65.0,0.0,-65.0,0.0
495.3,-51.739668217651634,0.0,-63.95822625480037,0.000715134563331158,-63.95822625480037,0.000715134563331158,-65.0,0.0,-65.0,0.0
495.40000000000003,-51.70596987656337,0.0,-63.963084636551265,0.0007009739502130067,-63.963084636551265,0.0007009739502130067,-65.0,0.0,-65.0,0.0
495.5,-51.672440027180556,0.0,-63.9679256665005,0.0006870937360213847,-63.9679256665005,0.0006870937360213847,-65.0,0.0,-65.0,0.0
495.6,-51.63907782704465,0.0,-63.97274929398375,0.0006734883684855433,-63.97274929398375,0.0006734883684855433,-65.0,0.0,-65.0,0.0
495.70000000000005,-51.60588243790943,0.0,-63.9775554713112,0.0006601524052770606,-63.9775554713112,0.0006601524052770606,-65.0,0.0,-65.0,0.0
495.8,-51.57285302571988,0.0,-63.982344153698726,0.0006470805118328382,-63.982344153698726,0.0006470805118328382,-65.0,0.0,-65.0,0.0
495.90000000000003,-51.53998876059128,0.0,-63.987115299200624,0.0006342674592212041,-63.987115299200624,0.0006342674592212041,-65.0,0.0,-65.0,0.0
496.0,-51.507288816788325,0.0,-63.99186886864359,0.0006217081220502708,-63.99186886864359,0.0006217081220502708,-65.0,0.0,-65.0,0.0
496.1,-51.47475237270438,0.0,-63.996604825562166,0.0006093974764177098,-63.996604825562166,0.0006093974764177098,-65.0,0.0,-65.0,0.0
496.20000000000005,-51.442378610840855,0.0,-64.0013231361354,0.0005973305979011238,-64.0013231361354,0.0005973305979011238,-65.0,0.0,-65.0,0.0
496.3,-51.41016671778665,0.0,-64.00602376912492,0.0005855026595882124,-64.00602376912492,0.0005855026595882124,-65.0,0.0,-65.0,0.0
496.40000000000003,-51.37811588419772,0.0,-64.01070669581422,0.0005739089301459425,-64.01070669581422,0.0005739089301459425,-65.0,0.0,-65.0,0.0
496.5,-51.34622530477673,0.0,-64.01537188994918,0.0005625447719279521,-64.01537188994918,0.0005625447719279521,-65.0,0.0,-65.0,0.0
496.6,-51.31449417825284,0.0,-64.02001932767988,0.0005514056391194298,-64.02001932767988,0.0005514056391194298,-65.0,0.0,-65.0,0.0
496.70000000000005,-51.28292170736158,0.0,-64.02464898750351,0.0005404870759187286,-64.02464898750351,0.0005404870759187286,-65.0,0.0,-65.0,0.0
496.8,-51.251507098824774,0.0,-64.02926085020862,0.0005297847147549853,-64.02926085020862,0.0005297847147549853,-65.0,0.0,-65.0,0.0
496.90000000000003,-51.22024956333065,0.0,-64.03385489882031,0.0005192942745410343,-64.03385489882031,0.0005192942745410343,-65.0,0.0,-65.0,0.0
497.0,-51.189148315514,0.0,-64.03843111854673,0.0005090115589609158,-64.03843111854673,0.0005090115589609158,-65.0,0.0,-65.0,0.0
497.1,-51.15820257393643,0.0,-64.04298949672659,0.000498932454791293,-64.04298949672659,0.000498932454791293,-65.0,0.0,-65.0,0.0
497.20000000000005,-51.127411561066744,0.0,-64.04753002277783,0.000489052930256108,-64.04753002277783,0.000489052930256108,-65.0,0.0,-65.0,0.0
497.3,-51.09677450326141,0.0,-64.05205268814724,0.0004793690334138181,-64.05205268814724,0.0004793690334138181,-65.0,0.0,-65.0,0.0
497.40000000000003,-51.0662906307451,0.0,-64.05655748626121,0.00046987689057656615,-64.05655748626121,0.00046987689057656615,-65.0,0.0,-65.0,0.0
497.5,-51.03595917759137,0.0,-64.06104441247753,0.00046057270476065356,-64.06104441247753,0.00046057270476065356,-65.0,0.0,-65.0,0.0
497.6,-51.00577938170341,0.0,-64.06551346403806,0.0004514527541676965,-64.06551346403806,0.0004514527541676965,-65.0,0.0,-65.0,0.0
497.70000000000005,-50.975750484794894,0.0,-64.06996464002252,0.0004425133906958568,-64.06996464002252,0.0004425133906958568,-65.0,0.0,-65.0,0.0
497.8,-50.94587173237092,0.0,-64.07439794130316,0.0004337510384805527,-64.07439794130316,0.0004337510384805527,-65.0,0.0,-65.0,0.0
497.90000000000003,-50.916142373709064,0.0,-64.07881337050041,0.0004251621924640651,-64.07881337050041,0.0004251621924640651,-65.0,0.0,-65.0,0.0
498.0,-50.88656166184052,0.0,-64.08321093193942,0.000416743416993468,-64.08321093193942,0.000416743416993468,-65.0,0.0,-65.0,0.0
498.1,-50.857128853531314,0.0,-64.0875906316075,0.0004084913444463212,-64.0875906316075,0.0004084913444463212,-65.0,0.0,-65.0,0.0
498.20000000000005,-50.827843209263655,0.0,-64.09195247711251,0.0004004026738835768,-64.09195247711251,0.0004004026738835768,-65.0,0.0,-65.0,0.0
498.3,-50.79870399321734,0.0,-64.09629647764208,0.0003924741697291594,-64.09629647764208,0.0003924741697291594,-65.0,0.0,-65.0,0.0
498.40000000000003,-50.76971047325125,0.0,-64.10062264392364,0.0003847026604756923,-64.10062264392364,0.0003847026604756923,-65.0,0.0,-65.0,0.0
498.5,-50.740861920884996,0.0,-64.10493098818532,0.00037708503741585274,-64.10493098818532,0.00037708503741585274,-65.0,0.0,-65.0,0.0
498.6,-50.712157611280574,0.0,-64.10922152411769,0.00036961825339884704,-64.10922152411769,0.00036961825339884704,-65.0,0.0,-65.0,0.0
498.70000000000005,-50.68359682322417,0.0,-64.1134942668363,0.00036229932161150995,-64.1134942668363,0.00036229932161150995,-65.0,0.0,-65.0,0.0
498.8,-50.65517883910805,0.0,-64.11774923284493,0.0003551253143835395,-64.11774923284493,0.0003551253143835395,-65.0,0.0,-65.0,0.0
498.90000000000003,-50.626902944912516,0.0,-64.1219864399997,0.0003480933620163898,-64.1219864399997,0.0003480933620163898,-65.0,0.0,-65.0,0.0
499.0,-50.59876843018795,0.0,-64.12620590747389,0.00034120065163535337,-64.12620590747389,0.00034120065163535337,-65.0,0.0,-65.0,0.0
499.1,-50.57077458803701,0.0,-64.13040765572349,0.00033444442606437376,-64.13040765572349,0.00033444442606437376,-65.0,0.0,-65.0,0.0
499.20000000000005,-50.54292071509683,0.0,-64.1345917064535,0.0003278219827231384,-64.1345917064535,0.0003278219827231384,-65.0,0.0,-65.0,0.0
499.3,-50.515206111521344,0.0,-64.13875808258497,0.0003213306725460103,-64.13875808258497,0.0003213306725460103,-65.0,0.0,-65.0,0.0
499.40000000000003,-50.48763008096374,0.0,-64.14290680822259,0.0003149678989223667,-64.14290680822259,0.0003149678989223667,-65.0,0.0,-65.0,0.0
499.5,-50.46019193055892,0.0,-64.14703790862315,0.00030873111665792,-64.14703790862315,0.00030873111665792,-65.0,0.0,-65.0,0.0
499.6,-50.43289097090613,0.0,-64.15115141016456,0.0003026178309566063,-64.15115141016456,0.0003026178309566063,-65.0,0.0,-65.0,0.0
499.70000000000005,-50.4057265160516,0.0,-64.15524734031553,0.0002966255964226334,-64.15524734031553,0.0002966255964226334,-65.0,0.0,-65.0,0.0
499.8,-50.37869788347135,0.0,-64.1593257276059,0.00029075201608229025,-64.1593257276059,0.00029075201608229025,-65.0,0.0,-65.0,0.0
499.90000000000003,-50.35180439405399,0.0,-64.16338660159767,0.0002849947404251253,-64.16338660159767,0.0002849947404251253,-65.0,0.0,-65.0,0.0
500.0,-50.32504537208372,0.0,-64.16742999285644,0.0002793514664641109,-64.16742999285644,0.0002793514664641109,-65.0,0.0,-65.0,0.0
