time_ms,current_nA,numerical_voltage_mv,analytical_voltage_mv,error_mv
0.000000000000000000e+00,2.000000000000000111e-01,-6.500000000000000000e+01,-6.500000000000000000e+01,0.000000000000000000e+00
1.000000000000000056e-01,2.000000000000000111e-01,-6.490000000000000568e+01,-6.490024958385365039e+01,2.495838536447081424e-04
2.000000000000000111e-01,2.000000000000000111e-01,-6.480049999999999955e+01,-6.480099667498336657e+01,4.966749833670291991e-04
3.000000000000000444e-01,2.000000000000000111e-01,-6.470149750000000211e+01,-6.470223879206125162e+01,7.412920612495099704e-04
4.000000000000000222e-01,2.000000000000000111e-01,-6.460299001250000117e+01,-6.460397346613510194e+01,9.834536351007727717e-04
5.000000000000000000e-01,2.000000000000000111e-01,-6.450497506243749513e+01,-6.450619824056664697e+01,1.223178129151847315e-03
6.000000000000000888e-01,2.000000000000000111e-01,-6.440745018712530623e+01,-6.440891067097015821e+01,1.460483844851978574e-03
7.000000000000000666e-01,2.000000000000000111e-01,-6.431041293618967813e+01,-6.431210832515132836e+01,1.695388961650223791e-03
8.000000000000000444e-01,2.000000000000000111e-01,-6.421386087150872868e+01,-6.421578878304646310e+01,1.927911537734416925e-03
9.000000000000000222e-01,2.000000000000000111e-01,-6.411779156715118688e+01,-6.411994963666199965e+01,2.158069510812765657e-03
1.000000000000000000e+00,2.000000000000000111e-01,-6.402220260931542839e+01,-6.402458849001428121e+01,2.385880698852815840e-03
1.100000000000000089e+00,2.000000000000000111e-01,-6.392709159626885196e+01,-6.392970295906967948e+01,2.611362800827521369e-03
1.200000000000000178e+00,2.000000000000000111e-01,-6.383245613828750464e+01,-6.383529067168497306e+01,2.834533397468419480e-03
1.300000000000000044e+00,2.000000000000000111e-01,-6.373829385759606936e+01,-6.374134926754806685e+01,3.055409951997489770e-03
1.400000000000000133e+00,2.000000000000000111e-01,-6.364460238830808692e+01,-6.364787639811896724e+01,3.274009810880329496e-03
1.500000000000000000e+00,2.000000000000000111e-01,-6.355137937636654755e+01,-6.355486972657105582e+01,3.490350204508274601e-03
1.600000000000000089e+00,2.000000000000000111e-01,-6.345862247948471691e+01,-6.346232692773271822e+01,3.704448248001313004e-03
1.700000000000000178e+00,2.000000000000000111e-01,-6.336632936708729602e+01,-6.337024568802915070e+01,3.916320941854678495e-03
1.800000000000000044e+00,2.000000000000000111e-01,-6.327449772025185837e+01,-6.327862370542456460e+01,4.125985172706236881e-03
1.900000000000000133e+00,2.000000000000000111e-01,-6.318312523165059957e+01,-6.318745868936462529e+01,4.333457714025712448e-03
2.000000000000000000e+00,2.000000000000000111e-01,-6.309220960549235002e+01,-6.309674836071918946e+01,4.538755226839441548e-03
2.100000000000000089e+00,2.000000000000000111e-01,-6.300174855746488589e+01,-6.300649045172531260e+01,4.741894260426704477e-03
2.200000000000000178e+00,2.000000000000000111e-01,-6.291173981467755993e+01,-6.291668270593056178e+01,4.942891253001846508e-03
2.300000000000000266e+00,2.000000000000000111e-01,-6.282218111560417384e+01,-6.282732287813662708e+01,5.141762532453242329e-03
2.400000000000000355e+00,2.000000000000000111e-01,-6.273307021002615613e+01,-6.273840873434315313e+01,5.338524316996995367e-03
2.500000000000000000e+00,2.000000000000000111e-01,-6.264440485897602429e+01,-6.264993805169191177e+01,5.533192715887480517e-03
2.600000000000000089e+00,2.000000000000000111e-01,-6.255618283468114527e+01,-6.256190861841122342e+01,5.725783730078148892e-03
2.700000000000000178e+00,2.000000000000000111e-01,-6.246840192050773766e+01,-6.247431823376069104e+01,5.916313252953386836e-03
2.800000000000000266e+00,2.000000000000000111e-01,-6.238105991090520064e+01,-6.238716470797611890e+01,6.104797070918266400e-03
2.900000000000000355e+00,2.000000000000000111e-01,-6.229415461135067744e+01,-6.230044586221482916e+01,6.291250864151720634e-03
3.000000000000000000e+00,2.000000000000000111e-01,-6.220768383829392434e+01,-6.221415952850115616e+01,6.475690207231821205e-03
3.100000000000000089e+00,2.000000000000000111e-01,-6.212164541910245674e+01,-6.212830354967226754e+01,6.658130569810793986e-03
3.200000000000000178e+00,2.000000000000000111e-01,-6.203603719200694400e+01,-6.204287577932422693e+01,6.838587317282929234e-03
3.300000000000000266e+00,2.000000000000000111e-01,-6.195085700604690970e+01,-6.195787408175831956e+01,7.017075711409859196e-03
3.400000000000000355e+00,2.000000000000000111e-01,-6.186610272101667363e+01,-6.187329633192767631e+01,7.193610911002679131e-03
3.500000000000000000e+00,2.000000000000000111e-01,-6.178177220741159203e+01,-6.178914041538414637e+01,7.368207972554330354e-03
3.600000000000000089e+00,2.000000000000000111e-01,-6.169786334637453251e+01,-6.170540422822544002e+01,7.540881850907510398e-03
3.700000000000000178e+00,2.000000000000000111e-01,-6.161437402964266141e+01,-6.162208567704251294e+01,7.711647399851528917e-03
3.800000000000000266e+00,2.000000000000000111e-01,-6.153130215949445159e+01,-6.153918267886724891e+01,7.880519372797323285e-03
3.900000000000000355e+00,2.000000000000000111e-01,-6.144864564869698143e+01,-6.145669316112036995e+01,8.047512423388525349e-03
4.000000000000000000e+00,2.000000000000000111e-01,-6.136640242045349680e+01,-6.137461506155963775e+01,8.212641106140949887e-03
4.100000000000000533e+00,2.000000000000000111e-01,-6.128457040835122882e+01,-6.129294632822828959e+01,8.375919877060766794e-03
4.200000000000000178e+00,2.000000000000000111e-01,-6.120314755630947445e+01,-6.121168491940374423e+01,8.537363094269778685e-03
4.299999999999999822e+00,2.000000000000000111e-01,-6.112213181852792587e+01,-6.113082880354653526e+01,8.696985018609382223e-03
4.400000000000000355e+00,2.000000000000000111e-01,-6.104152115943528401e+01,-6.105037595924957117e+01,8.854799814287162008e-03
4.500000000000000000e+00,2.000000000000000111e-01,-6.096131355363810655e+01,-6.097032437518754477e+01,9.010821549438219336e-03
4.600000000000000533e+00,2.000000000000000111e-01,-6.088150698586991894e+01,-6.089067205006667649e+01,9.165064196757555237e-03
4.700000000000000178e+00,2.000000000000000111e-01,-6.080209945094056678e+01,-6.081141699257471345e+01,9.317541634146664364e-03
4.800000000000000711e+00,2.000000000000000111e-01,-6.072308895368586690e+01,-6.073255722133106360e+01,9.468267645196704052e-03
4.900000000000000355e+00,2.000000000000000111e-01,-6.064447350891743582e+01,-6.065409076483736328e+01,9.617255919927458763e-03
5.000000000000000000e+00,2.000000000000000111e-01,-6.056625114137284527e+01,-6.057601566142810157e+01,9.764520055256298292e-03
5.100000000000000533e+00,2.000000000000000111e-01,-6.048841988566598360e+01,-6.049832995922162127e+01,9.910073555637666232e-03
5.200000000000000178e+00,2.000000000000000111e-01,-6.041097778623765180e+01,-6.042103171607132595e+01,1.005392983367414672e-02
5.300000000000000711e+00,2.000000000000000111e-01,-6.033392289730646496e+01,-6.034411899951711433e+01,1.019610221064937150e-02
5.400000000000000355e+00,2.000000000000000111e-01,-6.025725328281993143e+01,-6.026758988673706341e+01,1.033660391713198123e-02
5.500000000000000000e+00,2.000000000000000111e-01,-6.018096701640583035e+01,-6.019144246449936730e+01,1.047544809353695427e-02
5.600000000000000533e+00,2.000000000000000111e-01,-6.010506218132380241e+01,-6.011567482911451066e+01,1.061264779070825170e-02
5.700000000000000178e+00,2.000000000000000111e-01,-6.002953687041718212e+01,-6.004028508638765516e+01,1.074821597047304067e-02
5.800000000000000711e+00,2.000000000000000111e-01,-5.995438918606509304e+01,-5.996527135157130317e+01,1.088216550621012857e-02
5.900000000000000355e+00,2.000000000000000111e-01,-5.987961724013477038e+01,-5.989063174931818878e+01,1.101450918341839724e-02
6.000000000000000000e+00,2.000000000000000111e-01,-5.980521915393409671e+01,-5.981636441363436063e+01,1.114525970026392088e-02
6.100000000000000533e+00,2.000000000000000111e-01,-5.973119305816442903e+01,-5.974246748783255612e+01,1.127442966812708391e-02
6.200000000000000178e+00,2.000000000000000111e-01,-5.965753709287360351e+01,-5.966893912448578874e+01,1.140203161218522609e-02
6.300000000000000711e+00,2.000000000000000111e-01,-5.958424940740923859e+01,-5.959577748538113440e+01,1.152807797189581152e-02
6.400000000000000355e+00,2.000000000000000111e-01,-5.951132816037219442e+01,-5.952298074147381612e+01,1.165258110162170624e-02
6.500000000000000000e+00,2.000000000000000111e-01,-5.943877151957033078e+01,-5.945054707284144513e+01,1.177555327111434735e-02
6.600000000000000533e+00,2.000000000000000111e-01,-5.936657766197247810e+01,-5.937847466863852475e+01,1.189700666604665003e-02
6.700000000000000178e+00,2.000000000000000111e-01,-5.929474477366261453e+01,-5.930676172705119598e+01,1.201695338858144169e-02
6.800000000000000711e+00,2.000000000000000111e-01,-5.922327104979429890e+01,-5.923540645525218906e+01,1.213540545789015823e-02
6.900000000000000355e+00,2.000000000000000111e-01,-5.915215469454533093e+01,-5.916440706935600247e+01,1.225237481067154022e-02
7.000000000000000000e+00,2.000000000000000111e-01,-5.908139392107260335e+01,-5.909376179437426657e+01,1.236787330166322363e-02
7.100000000000000533e+00,2.000000000000000111e-01,-5.901098695146723827e+01,-5.902346886417144844e+01,1.248191270421017407e-02
7.200000000000000178e+00,2.000000000000000111e-01,-5.894093201670990112e+01,-5.895352652142062055e+01,1.259450471071943412e-02
7.300000000000000711e+00,2.000000000000000111e-01,-5.887122735662634909e+01,-5.888393301755957765e+01,1.270566093322855750e-02
7.400000000000000355e+00,2.000000000000000111e-01,-5.880187121984321408e+01,-5.881468661274709575e+01,1.281539290388167274e-02
7.500000000000000000e+00,2.000000000000000111e-01,-5.873286186374399875e+01,-5.874578557581944693e+01,1.292371207544817935e-02
7.600000000000000533e+00,2.000000000000000111e-01,-5.866419755442527872e+01,-5.867722818424711306e+01,1.303062982183433860e-02
7.700000000000000178e+00,2.000000000000000111e-01,-5.859587656665315336e+01,-5.860901272409175533e+01,1.313615743860196972e-02
7.800000000000000711e+00,2.000000000000000111e-01,-5.852789718381988848e+01,-5.854113748996329036e+01,1.324030614340188095e-02
7.900000000000000355e+00,2.000000000000000111e-01,-5.846025769790078641e+01,-5.847360078497735003e+01,1.334308707656362003e-02
8.000000000000000000e+00,2.000000000000000111e-01,-5.839295640941128340e+01,-5.840640092071278389e+01,1.344451130150048357e-02
8.099999999999999645e+00,2.000000000000000111e-01,-5.832599162736422471e+01,-5.833953621716948845e+01,1.354458980526374035e-02
8.200000000000001066e+00,2.000000000000000111e-01,-5.825936166922740256e+01,-5.827300500272638573e+01,1.364333349898316783e-02
8.300000000000000711e+00,2.000000000000000111e-01,-5.819306486088126462e+01,-5.820680561409965748e+01,1.374075321839285380e-02
8.400000000000000355e+00,2.000000000000000111e-01,-5.812709953657685702e+01,-5.814093639630113586e+01,1.383685972427883826e-02
8.500000000000000000e+00,2.000000000000000111e-01,-5.806146403889397334e+01,-5.807539570259694983e+01,1.393166370297649337e-02
8.599999999999999645e+00,2.000000000000000111e-01,-5.799615671869950262e+01,-5.801018189446632789e+01,1.402517576682527078e-02
8.700000000000001066e+00,2.000000000000000111e-01,-5.793117593510600472e+01,-5.794529334156069211e+01,1.411740645468739785e-02
8.800000000000000711e+00,2.000000000000000111e-01,-5.786652005543047750e+01,-5.788072842166282328e+01,1.420836623234578155e-02
8.900000000000000355e+00,2.000000000000000111e-01,-5.780218745515332301e+01,-5.781648552064637414e+01,1.429806549305112640e-02
9.000000000000000000e+00,2.000000000000000111e-01,-5.773817651787755523e+01,-5.775256303243546796e+01,1.438651455791273293e-02
9.099999999999999645e+00,2.000000000000000111e-01,-5.767448563528816408e+01,-5.768895935896456706e+01,1.447372367640298307e-02
9.200000000000001066e+00,2.000000000000000111e-01,-5.761111320711172112e+01,-5.762567291013851900e+01,1.455970302679787665e-02
9.300000000000000711e+00,2.000000000000000111e-01,-5.754805764107616284e+01,-5.756270210379281593e+01,1.464446271665309496e-02
9.400000000000000355e+00,2.000000000000000111e-01,-5.748531735287077993e+01,-5.750004536565401736e+01,1.472801278323743190e-02
9.500000000000000000e+00,2.000000000000000111e-01,-5.742289076610642695e+01,-5.743770112930040028e+01,1.481036319397333045e-02
9.600000000000001421e+00,2.000000000000000111e-01,-5.736077631227589535e+01,-5.737566783612281540e+01,1.489152384692005171e-02
9.700000000000001066e+00,2.000000000000000111e-01,-5.729897243071451385e+01,-5.731394393528570674e+01,1.497150457119289513e-02
9.800000000000000711e+00,2.000000000000000111e-01,-5.723747756856094071e+01,-5.725252788368831602e+01,1.505031512737531330e-02
9.900000000000000355e+00,2.000000000000000111e-01,-5.717629018071813363e+01,-5.719141814592618545e+01,1.512796520805181899e-02
1.000000000000000000e+01,2.000000000000000111e-01,-5.711540872981453987e+01,-5.713061319425266760e+01,1.520446443812772941e-02
1.010000000000000142e+01,2.000000000000000111e-01,-5.705483168616546408e+01,-5.707011150854080483e+01,1.527982237534075693e-02
1.020000000000000107e+01,2.000000000000000111e-01,-5.699455752773463502e+01,-5.700991157624531525e+01,1.535404851068022936e-02
1.030000000000000071e+01,2.000000000000000111e-01,-5.693458474009596415e+01,-5.695001189236474914e+01,1.542715226878499379e-02
1.040000000000000036e+01,2.000000000000000111e-01,-5.687491181639548188e+01,-5.689041095940388715e+01,1.549914300840526948e-02
1.050000000000000000e+01,2.000000000000000111e-01,-5.681553725731350113e+01,-5.683110728733630168e+01,1.557003002280055171e-02
1.060000000000000142e+01,2.000000000000000111e-01,-5.675645957102693018e+01,-5.677209939356710322e+01,1.563982254017304285e-02
1.070000000000000107e+01,2.000000000000000111e-01,-5.669767727317179862e+01,-5.671338580289587128e+01,1.570852972407266179e-02
1.080000000000000071e+01,2.000000000000000111e-01,-5.663918888680593966e+01,-5.665496504747979145e+01,1.577616067385179122e-02
1.090000000000000036e+01,2.000000000000000111e-01,-5.658099294237190691e+01,-5.659683566679692746e+01,1.584272442502054901e-02
1.100000000000000000e+01,2.000000000000000111e-01,-5.652308797766004744e+01,-5.653899620760973477e+01,1.590822994968732473e-02
1.110000000000000142e+01,2.000000000000000111e-01,-5.646547253777174546e+01,-5.648144522392871636e+01,1.597268615697089444e-02
1.120000000000000107e+01,2.000000000000000111e-01,-5.640814517508288617e+01,-5.642418127697629870e+01,1.603610189341253545e-02
1.130000000000000071e+01,2.000000000000000111e-01,-5.635110444920746886e+01,-5.636720293515080726e+01,1.609848594333840310e-02
1.140000000000000036e+01,2.000000000000000111e-01,-5.629434892696143322e+01,-5.631050877399074039e+01,1.615984702930717276e-02
1.150000000000000000e+01,2.000000000000000111e-01,-5.623787718232662769e+01,-5.625409737613911432e+01,1.622019381248662739e-02
1.160000000000000142e+01,2.000000000000000111e-01,-5.618168779641499100e+01,-5.619796733130804256e+01,1.627953489305156154e-02
1.170000000000000107e+01,2.000000000000000111e-01,-5.612577935743291846e+01,-5.614211723624347883e+01,1.633787881056036895e-02
1.180000000000000071e+01,2.000000000000000111e-01,-5.607015046064575614e+01,-5.608654569469013751e+01,1.639523404438136822e-02
1.190000000000000036e+01,2.000000000000000111e-01,-5.601479970834252953e+01,-5.603125131735659181e+01,1.645160901406228504e-02
1.200000000000000000e+01,2.000000000000000111e-01,-5.595972570980081429e+01,-5.597623272188052823e+01,1.650701207971394524e-02
1.210000000000000142e+01,2.000000000000000111e-01,-5.590492708125181309e+01,-5.592148853279418574e+01,1.656145154237265160e-02
1.220000000000000107e+01,2.000000000000000111e-01,-5.585040244584555325e+01,-5.586701738148999397e+01,1.661493564444072035e-02
1.230000000000000071e+01,2.000000000000000111e-01,-5.579615043361632587e+01,-5.581281790618633210e+01,1.666747257000622540e-02
1.240000000000000036e+01,2.000000000000000111e-01,-5.574216968144824591e+01,-5.575888875189349392e+01,1.671907044524800767e-02
1.250000000000000000e+01,2.000000000000000111e-01,-5.568845883304100397e+01,-5.570522857037980202e+01,1.676973733879805195e-02
1.260000000000000142e+01,2.000000000000000111e-01,-5.563501653887579579e+01,-5.565183602013794228e+01,1.681948126214649619e-02
1.270000000000000107e+01,2.000000000000000111e-01,-5.558184145618141514e+01,-5.559870976635136941e+01,1.686831016995427035e-02
1.280000000000000071e+01,2.000000000000000111e-01,-5.552893224890051016e+01,-5.554584848086096827e+01,1.691623196045810573e-02
1.290000000000000036e+01,2.000000000000000111e-01,-5.547628758765601020e+01,-5.549325084213185733e+01,1.696325447584712265e-02
1.300000000000000000e+01,2.000000000000000111e-01,-5.542390614971773033e+01,-5.544091553522032001e+01,1.700938550258968007e-02
1.310000000000000142e+01,2.000000000000000111e-01,-5.537178661896913923e+01,-5.538884125174096340e+01,1.705463277182417414e-02
1.320000000000000107e+01,2.000000000000000111e-01,-5.531992768587429055e+01,-5.533702668983398354e+01,1.709900395969299325e-02
1.330000000000000071e+01,2.000000000000000111e-01,-5.526832804744491767e+01,-5.528547055413263678e+01,1.714250668771910568e-02
1.340000000000000036e+01,2.000000000000000111e-01,-5.521698640720769191e+01,-5.523417155573085324e+01,1.718514852316133101e-02
1.350000000000000000e+01,2.000000000000000111e-01,-5.516590147517165121e+01,-5.518312841215098530e+01,1.722693697933408430e-02
1.360000000000000142e+01,2.000000000000000111e-01,-5.511507196779579232e+01,-5.513233984731179049e+01,1.726787951599817461e-02
1.370000000000000107e+01,2.000000000000000111e-01,-5.506449660795681211e+01,-5.508180459149650687e+01,1.730798353969476011e-02
1.380000000000000071e+01,2.000000000000000111e-01,-5.501417412491702663e+01,-5.503152138132111304e+01,1.734725640408640857e-02
1.390000000000000036e+01,2.000000000000000111e-01,-5.496410325429243926e+01,-5.498148895970271610e+01,1.738570541027684158e-02
1.400000000000000000e+01,2.000000000000000111e-01,-5.491428273802097948e+01,-5.493170607582818832e+01,1.742333780720883851e-02
1.410000000000000142e+01,2.000000000000000111e-01,-5.486471132433087661e+01,-5.488217148512283217e+01,1.746016079195555903e-02
1.420000000000000107e+01,2.000000000000000111e-01,-5.481538776770922539e+01,-5.483288394921930120e+01,1.749618151007581446e-02
1.430000000000000071e+01,2.000000000000000111e-01,-5.476631082887067947e+01,-5.478384223592662750e+01,1.753140705594802284e-02
1.440000000000000036e+01,2.000000000000000111e-01,-5.471747927472632256e+01,-5.473504511919943383e+01,1.756584447311126951e-02
1.450000000000000000e+01,2.000000000000000111e-01,-5.466889187835268871e+01,-5.468649137910725244e+01,1.759950075456373497e-02
1.460000000000000142e+01,2.000000000000000111e-01,-5.462054741896092480e+01,-5.463817980180404987e+01,1.763238284312507176e-02
1.470000000000000107e+01,2.000000000000000111e-01,-5.457244468186612352e+01,-5.459010917949787967e+01,1.766449763175614862e-02
1.480000000000000071e+01,2.000000000000000111e-01,-5.452458245845679130e+01,-5.454227831042068431e+01,1.769585196389300563e-02
1.490000000000000036e+01,2.000000000000000111e-01,-5.447695954616450820e+01,-5.449468599879824637e+01,1.772645263373817670e-02
1.500000000000000000e+01,2.000000000000000111e-01,-5.442957474843368715e+01,-5.444733105482029600e+01,1.775630638660885552e-02
1.510000000000000142e+01,2.000000000000000111e-01,-5.438242687469151804e+01,-5.440021229461075336e+01,1.778541991923532350e-02
1.520000000000000107e+01,2.000000000000000111e-01,-5.433551474031806094e+01,-5.435332854019818427e+01,1.781379988012332660e-02
1.530000000000000071e+01,2.000000000000000111e-01,-5.428883716661646730e+01,-5.430667861948627007e+01,1.784145286980276524e-02
1.540000000000000036e+01,2.000000000000000111e-01,-5.424239298078338578e+01,-5.426026136622456164e+01,1.786838544117586025e-02
1.550000000000000000e+01,2.000000000000000111e-01,-5.419618101587946768e+01,-5.421407561997931168e+01,1.789460409984400258e-02
1.560000000000000142e+01,2.000000000000000111e-01,-5.415020011080007123e+01,-5.416812022610447031e+01,1.792011530439907574e-02
1.570000000000000107e+01,2.000000000000000111e-01,-5.410444911024607251e+01,-5.412239403571278729e+01,1.794492546671477839e-02
1.580000000000000071e+01,2.000000000000000111e-01,-5.405892686469483976e+01,-5.407689590564712034e+01,1.796904095228057940e-02
1.590000000000000036e+01,2.000000000000000111e-01,-5.401363223037136407e+01,-5.403162469845185001e+01,1.799246808048593493e-02
1.600000000000000000e+01,2.000000000000000111e-01,-5.396856406921951077e+01,-5.398657928234442949e+01,1.801521312491871640e-02
1.610000000000000142e+01,2.000000000000000111e-01,-5.392372124887341300e+01,-5.394175853118712638e+01,1.803728231371337642e-02
1.619999999999999929e+01,2.000000000000000111e-01,-5.387910264262904292e+01,-5.389716132445882124e+01,1.805868182977832248e-02
1.630000000000000071e+01,2.000000000000000111e-01,-5.383470712941589653e+01,-5.385278654722702640e+01,1.807941781112987201e-02
1.640000000000000213e+01,2.000000000000000111e-01,-5.379053359376881360e+01,-5.380863309011998297e+01,1.809949635116936406e-02
1.650000000000000000e+01,2.000000000000000111e-01,-5.374658092579996804e+01,-5.376469984929898516e+01,1.811892349901711441e-02
1.660000000000000142e+01,2.000000000000000111e-01,-5.370284802117096490e+01,-5.372098572643071179e+01,1.813770525974689463e-02
1.669999999999999929e+01,2.000000000000000111e-01,-5.365933378106510787e+01,-5.367748962865981355e+01,1.815584759470567633e-02
1.680000000000000071e+01,2.000000000000000111e-01,-5.361603711215978052e+01,-5.363421046858159258e+01,1.817335642181205912e-02
1.690000000000000213e+01,2.000000000000000111e-01,-5.357295692659898378e+01,-5.359114716421478164e+01,1.819023761579785514e-02
1.700000000000000000e+01,2.000000000000000111e-01,-5.353009214196598720e+01,-5.354829863897453635e+01,1.820649700854914954e-02
1.710000000000000142e+01,2.000000000000000111e-01,-5.348744168125615772e+01,-5.350566382164548429e+01,1.822214038932656877e-02
1.719999999999999929e+01,2.000000000000000111e-01,-5.344500447284987388e+01,-5.346324164635497311e+01,1.823717350509923563e-02
1.730000000000000071e+01,2.000000000000000111e-01,-5.340277945048562458e+01,-5.342103105254642514e+01,1.825160206080056469e-02
1.740000000000000213e+01,2.000000000000000111e-01,-5.336076555323319326e+01,-5.337903098495277732e+01,1.826543171958405765e-02
1.750000000000000000e+01,2.000000000000000111e-01,-5.331896172546702672e+01,-5.333724039357016977e+01,1.827866810314304757e-02
1.760000000000000142e+01,2.000000000000000111e-01,-5.327736691683968928e+01,-5.329565823363162735e+01,1.829131679193807258e-02
1.769999999999999929e+01,2.000000000000000111e-01,-5.323598008225548739e+01,-5.325428346558098980e+01,1.830338332550240921e-02
1.780000000000000071e+01,2.000000000000000111e-01,-5.319480018184420800e+01,-5.321311505504691297e+01,1.831487320270497321e-02
1.790000000000000213e+01,2.000000000000000111e-01,-5.315382618093498479e+01,-5.317215197281696959e+01,1.832579188198479869e-02
1.800000000000000000e+01,2.000000000000000111e-01,-5.311305705003030653e+01,-5.313139319481198442e+01,1.833614478167788775e-02
1.810000000000000142e+01,2.000000000000000111e-01,-5.307249176478015329e+01,-5.309083770206037656e+01,1.834593728022326786e-02
1.819999999999999929e+01,2.000000000000000111e-01,-5.303212930595625352e+01,-5.305048448067272204e+01,1.835517471646852528e-02
1.830000000000000071e+01,2.000000000000000111e-01,-5.299196865942646895e+01,-5.301033252181638034e+01,1.836386238991138953e-02
1.840000000000000213e+01,2.000000000000000111e-01,-5.295200881612933586e+01,-5.297038082169028428e+01,1.837200556094842341e-02
1.850000000000000000e+01,2.000000000000000111e-01,-5.291224877204869159e+01,-5.293062838149985794e+01,1.837960945116634548e-02
1.860000000000000142e+01,2.000000000000000111e-01,-5.287268752818845030e+01,-5.289107420743201970e+01,1.838667924356940375e-02
1.869999999999999929e+01,2.000000000000000111e-01,-5.283332409054750656e+01,-5.285171731063037015e+01,1.839322008286359278e-02
1.880000000000000071e+01,2.000000000000000111e-01,-5.279415747009476689e+01,-5.281255670717042250e+01,1.839923707565560562e-02
1.890000000000000213e+01,2.000000000000000111e-01,-5.275518668274429501e+01,-5.277359141803506049e+01,1.840473529076547266e-02
1.900000000000000000e+01,2.000000000000000111e-01,-5.271641074933057070e+01,-5.273482046909002463e+01,1.840971975945393524e-02
1.910000000000000142e+01,2.000000000000000111e-01,-5.267782869558391923e+01,-5.269624289105956905e+01,1.841419547564981940e-02
1.920000000000000284e+01,2.000000000000000111e-01,-5.263943955210599768e+01,-5.265785771950223904e+01,1.841816739624135835e-02
1.930000000000000071e+01,2.000000000000000111e-01,-5.260124235434546591e+01,-5.261966399478674106e+01,1.842164044127514444e-02
1.940000000000000213e+01,2.000000000000000111e-01,-5.256323614257373578e+01,-5.258166076206797612e+01,1.842461949424034628e-02
1.950000000000000000e+01,2.000000000000000111e-01,-5.252541996186086948e+01,-5.254384707126313714e+01,1.842710940226766070e-02
1.960000000000000142e+01,2.000000000000000111e-01,-5.248779286205156325e+01,-5.250622197702799099e+01,1.842911497642774066e-02
1.970000000000000284e+01,2.000000000000000111e-01,-5.245035389774130863e+01,-5.246878453873321746e+01,1.843064099190883098e-02
1.980000000000000071e+01,2.000000000000000111e-01,-5.241310212825260351e+01,-5.243153382044091870e+01,1.843169218831519629e-02
1.990000000000000213e+01,2.000000000000000111e-01,-5.237603661761134077e+01,-5.239446889088117842e+01,1.843227326983765124e-02
2.000000000000000000e+01,2.000000000000000111e-01,-5.233915643452328226e+01,-5.235758882342884846e+01,1.843238890556619936e-02
2.010000000000000142e+01,2.000000000000000111e-01,-5.230246065235066766e+01,-5.232089269608030691e+01,1.843204372963924698e-02
2.020000000000000284e+01,2.000000000000000111e-01,-5.226594834908891585e+01,-5.228437959143046498e+01,1.843124234154913665e-02
2.030000000000000071e+01,2.000000000000000111e-01,-5.222961860734346828e+01,-5.224804859664980938e+01,1.842998930634109911e-02
2.040000000000000213e+01,2.000000000000000111e-01,-5.219347051430675322e+01,-5.221189880346156542e+01,1.842828915481220520e-02
2.050000000000000000e+01,2.000000000000000111e-01,-5.215750316173522094e+01,-5.217592930811903784e+01,1.842614638381689929e-02
2.060000000000000142e+01,2.000000000000000111e-01,-5.212171564592654249e+01,-5.214013921138294450e+01,1.842356545640200238e-02
2.070000000000000284e+01,2.000000000000000111e-01,-5.208610706769690779e+01,-5.210452761849902714e+01,1.842055080211935092e-02
2.080000000000000071e+01,2.000000000000000111e-01,-5.205067653235842329e+01,-5.206909363917560540e+01,1.841710681718211617e-02
2.090000000000000213e+01,2.000000000000000111e-01,-5.201542314969663039e+01,-5.203383638756133678e+01,1.841323786470638879e-02
2.100000000000000000e+01,2.000000000000000111e-01,-5.198034603394814468e+01,-5.199875498222310455e+01,1.840894827495986874e-02
2.110000000000000142e+01,2.000000000000000111e-01,-5.194544430377840172e+01,-5.196384854612394832e+01,1.840424234554660643e-02
2.120000000000000284e+01,2.000000000000000111e-01,-5.191071708225950943e+01,-5.192911620660115091e+01,1.839912434164148181e-02
2.130000000000000071e+01,2.000000000000000111e-01,-5.187616349684821415e+01,-5.189455709534440331e+01,1.839359849618915632e-02
2.140000000000000213e+01,2.000000000000000111e-01,-5.184178267936397333e+01,-5.186017034837413320e+01,1.838766901015986832e-02
2.150000000000000000e+01,2.000000000000000111e-01,-5.180757376596715602e+01,-5.182595510601987598e+01,1.838134005271996330e-02
2.160000000000000142e+01,2.000000000000000111e-01,-5.177353589713732163e+01,-5.179191051289878089e+01,1.837461576145926756e-02
2.170000000000000284e+01,2.000000000000000111e-01,-5.173966821765163360e+01,-5.175803571789425916e+01,1.836750024262556735e-02
2.180000000000000071e+01,2.000000000000000111e-01,-5.170596987656337262e+01,-5.172432987413466776e+01,1.835999757129513910e-02
2.190000000000000213e+01,2.000000000000000111e-01,-5.167244002718055640e+01,-5.169079213897214942e+01,1.835211179159301764e-02
2.200000000000000000e+01,2.000000000000000111e-01,-5.163907782704465177e+01,-5.165742167396159346e+01,1.834384691694168623e-02
2.210000000000000142e+01,2.000000000000000111e-01,-5.160588243790942897e+01,-5.162421764483961795e+01,1.833520693018897418e-02
2.220000000000000284e+01,2.000000000000000111e-01,-5.157285302571987984e+01,-5.159117922150377922e+01,1.832619578389937942e-02
2.230000000000000071e+01,2.000000000000000111e-01,-5.153998876059127809e+01,-5.155830557799177427e+01,1.831681740049617702e-02
2.240000000000000213e+01,2.000000000000000111e-01,-5.150728881678832494e+01,-5.152559589246078531e+01,1.830707567246037115e-02
2.250000000000000000e+01,2.000000000000000111e-01,-5.147475237270437987e+01,-5.149304934716699478e+01,1.829697446261491223e-02
2.260000000000000142e+01,2.000000000000000111e-01,-5.144237861084085495e+01,-5.146066512844505780e+01,1.828651760420285655e-02
2.270000000000000284e+01,2.000000000000000111e-01,-5.141016671778665170e+01,-5.142844242668782329e+01,1.827570890117158342e-02
2.280000000000000071e+01,2.000000000000000111e-01,-5.137811588419771880e+01,-5.139638043632607634e+01,1.826455212835753628e-02
2.290000000000000213e+01,2.000000000000000111e-01,-5.134622530477673052e+01,-5.136447835580838728e+01,1.825305103165675291e-02
2.300000000000000000e+01,2.000000000000000111e-01,-5.131449417825284343e+01,-5.133273538758106724e+01,1.824120932822381747e-02
2.310000000000000142e+01,2.000000000000000111e-01,-5.128292170736158084e+01,-5.130115073806826587e+01,1.822903070668502323e-02
2.320000000000000284e+01,2.000000000000000111e-01,-5.125150709882477429e+01,-5.126972361765210451e+01,1.821651882733021921e-02
2.330000000000000071e+01,2.000000000000000111e-01,-5.122024956333064694e+01,-5.123845324065293028e+01,1.820367732228334035e-02
2.340000000000000213e+01,2.000000000000000111e-01,-5.118914831551399658e+01,-5.120733882530970504e+01,1.819050979570846494e-02
2.350000000000000000e+01,2.000000000000000111e-01,-5.115820257393642834e+01,-5.117637959376040158e+01,1.817701982397323945e-02
2.360000000000000142e+01,2.000000000000000111e-01,-5.112741156106674367e+01,-5.114557477202262703e+01,1.816321095588335766e-02
2.370000000000000284e+01,2.000000000000000111e-01,-5.109677450326140757e+01,-5.111492358997423935e+01,1.814908671283177455e-02
2.380000000000000071e+01,2.000000000000000111e-01,-5.106629063074510100e+01,-5.108442528133408445e+01,1.813465058898344751e-02
2.390000000000000213e+01,2.000000000000000111e-01,-5.103595917759137279e+01,-5.105407908364285419e+01,1.811990605148139366e-02
2.400000000000000000e+01,2.000000000000000111e-01,-5.100577938170341241e+01,-5.102388423824404384e+01,1.810485654063143102e-02
2.410000000000000142e+01,2.000000000000000111e-01,-5.097575048479489368e+01,-5.099383999026493086e+01,1.808950547003718157e-02
2.420000000000000284e+01,2.000000000000000111e-01,-5.094587173237091804e+01,-5.096394558859774548e+01,1.807385622682744497e-02
2.430000000000000071e+01,2.000000000000000111e-01,-5.091614237370906437e+01,-5.093420028588090531e+01,1.805791217184093966e-02
2.440000000000000213e+01,2.000000000000000111e-01,-5.088656166184051699e+01,-5.090460333848028540e+01,1.804167663976841141e-02
2.450000000000000000e+01,2.000000000000000111e-01,-5.085712885353131441e+01,-5.087515400647065178e+01,1.802515293933737439e-02
2.460000000000000142e+01,2.000000000000000111e-01,-5.082784320926365496e+01,-5.084585155361718734e+01,1.800834435353237950e-02
2.470000000000000284e+01,2.000000000000000111e-01,-5.079870399321733743e+01,-5.081669524735703192e+01,1.799125413969449028e-02
2.480000000000000071e+01,2.000000000000000111e-01,-5.076971047325125141e+01,-5.078768435878101428e+01,1.797388552976286746e-02
2.490000000000000213e+01,2.000000000000000111e-01,-5.074086192088499558e+01,-5.075881816261540536e+01,1.795624173040977212e-02
2.500000000000000000e+01,2.000000000000000111e-01,-5.071215761128057409e+01,-5.073009593720379939e+01,1.793832592322530672e-02
2.510000000000000142e+01,2.000000000000000111e-01,-5.068359682322417115e+01,-5.070151696448907330e+01,1.792014126490215631e-02
2.520000000000000284e+01,2.000000000000000111e-01,-5.065517883910805352e+01,-5.067308052999540280e+01,1.790169088734927527e-02
2.530000000000000071e+01,2.000000000000000111e-01,-5.062690294491251564e+01,-5.064478592281047042e+01,1.788297789795478820e-02
2.540000000000000213e+01,2.000000000000000111e-01,-5.059876843018795256e+01,-5.061663243556759539e+01,1.786400537964283330e-02
2.550000000000000000e+01,2.000000000000000111e-01,-5.057077458803701120e+01,-5.058861936442814766e+01,1.784477639113646319e-02
2.560000000000000142e+01,2.000000000000000111e-01,-5.054292071509682671e+01,-5.056074600906388383e+01,1.782529396705712088e-02
2.570000000000000284e+01,2.000000000000000111e-01,-5.051520611152134421e+01,-5.053301167263946780e+01,1.780556111812359177e-02
2.580000000000000071e+01,2.000000000000000111e-01,-5.048763008096373994e+01,-5.050541566179504116e+01,1.778558083130121759e-02
2.590000000000000213e+01,2.000000000000000111e-01,-5.046019193055892060e+01,-5.047795728662890724e+01,1.776535606998663752e-02
2.600000000000000000e+01,2.000000000000000111e-01,-5.043289097090612927e+01,-5.045063586068025074e+01,1.774488977412147506e-02
2.610000000000000142e+01,2.000000000000000111e-01,-5.040572651605160104e+01,-5.042345070091199943e+01,1.772418486039839536e-02
2.620000000000000284e+01,2.000000000000000111e-01,-5.037869788347134659e+01,-5.039640112769373559e+01,1.770324422238900297e-02
2.630000000000000071e+01,2.000000000000000111e-01,-5.035180439405399255e+01,-5.036948646478472824e+01,1.768207073073568836e-02
2.640000000000000213e+01,2.000000000000000111e-01,-5.032504537208372142e+01,-5.034270603931700805e+01,1.766066723328663102e-02
2.650000000000000000e+01,2.000000000000000111e-01,-5.029842014522330373e+01,-5.031605918177852743e+01,1.763903655522369718e-02
2.660000000000000142e+01,2.000000000000000111e-01,-5.027192804449718722e+01,-5.028954522599647703e+01,1.761718149928981347e-02
2.670000000000000284e+01,2.000000000000000111e-01,-5.024556840427469950e+01,-5.026316350912057374e+01,1.759510484587423207e-02
2.680000000000000071e+01,2.000000000000000111e-01,-5.021934056225332910e+01,-5.023691337160651926e+01,1.757280935319016635e-02
2.690000000000000213e+01,2.000000000000000111e-01,-5.019324385944206313e+01,-5.021079415719951555e+01,1.755029775745242659e-02
2.700000000000000000e+01,2.000000000000000111e-01,-5.016727764014485302e+01,-5.018480521291782992e+01,1.752757277297689598e-02
2.710000000000000142e+01,2.000000000000000111e-01,-5.014144125194412993e+01,-5.015894588903651652e+01,1.750463709238658794e-02
2.720000000000000284e+01,2.000000000000000111e-01,-5.011573404568441248e+01,-5.013321553907111650e+01,1.748149338670401676e-02
2.730000000000000071e+01,2.000000000000000111e-01,-5.009015537545599273e+01,-5.010761351976155709e+01,1.745814430556436037e-02
2.740000000000000213e+01,2.000000000000000111e-01,-5.006470459857871447e+01,-5.008213919105600098e+01,1.743459247728651462e-02
2.750000000000000000e+01,2.000000000000000111e-01,-5.003938107558582260e+01,-5.005679191609493017e+01,1.741084050910757242e-02
2.760000000000000142e+01,2.000000000000000111e-01,-5.001418417020789065e+01,-5.003157106119513031e+01,1.738689098723966708e-02
2.770000000000000284e+01,2.000000000000000111e-01,-4.998911324935684775e+01,-5.000647599583392378e+01,1.736274647707602981e-02
2.780000000000000071e+01,2.000000000000000111e-01,-4.996416768311006251e+01,-4.998150609263336719e+01,1.733840952330467644e-02
2.790000000000000213e+01,2.000000000000000111e-01,-4.993934684469451213e+01,-4.995666072734457686e+01,1.731388265006472693e-02
2.800000000000000000e+01,2.000000000000000111e-01,-4.991465011047103673e+01,-4.993193927883213235e+01,1.728916836109561928e-02
2.810000000000000142e+01,2.000000000000000111e-01,-4.989007685991867902e+01,-4.990734112905852271e+01,1.726426913984369094e-02
2.820000000000000284e+01,2.000000000000000111e-01,-4.986562647561908790e+01,-4.988286566306874192e+01,1.723918744965402539e-02
2.830000000000000071e+01,2.000000000000000111e-01,-4.984129834324099306e+01,-4.985851226897484878e+01,1.721392573385571723e-02
2.840000000000000213e+01,2.000000000000000111e-01,-4.981709185152478625e+01,-4.983428033794072576e+01,1.718848641593950788e-02
2.850000000000000000e+01,2.000000000000000111e-01,-4.979300639226715930e+01,-4.981016926416684498e+01,1.716287189968568327e-02
2.860000000000000142e+01,2.000000000000000111e-01,-4.976904136030582038e+01,-4.978617844487509103e+01,1.713708456927065527e-02
2.870000000000000284e+01,2.000000000000000111e-01,-4.974519615350428836e+01,-4.976230728029374006e+01,1.711112678945170273e-02
2.880000000000000071e+01,2.000000000000000111e-01,-4.972147017273676539e+01,-4.973855517364243894e+01,1.708500090567355301e-02
2.890000000000000213e+01,2.000000000000000111e-01,-4.969786282187308046e+01,-4.971492153111726964e+01,1.705870924418917411e-02
2.900000000000000000e+01,2.000000000000000111e-01,-4.967437350776371829e+01,-4.969140576187595570e+01,1.703225411223741048e-02
2.910000000000000142e+01,2.000000000000000111e-01,-4.965100164022489793e+01,-4.966800727802302617e+01,1.700563779812824805e-02
2.920000000000000284e+01,2.000000000000000111e-01,-4.962774663202377212e+01,-4.964472549459517836e+01,1.697886257140623911e-02
2.930000000000000071e+01,2.000000000000000111e-01,-4.960460789886365518e+01,-4.962155982954660516e+01,1.695193068294997829e-02
2.940000000000000213e+01,2.000000000000000111e-01,-4.958158485936933602e+01,-4.959850970373447865e+01,1.692484436514263280e-02
2.950000000000000000e+01,2.000000000000000111e-01,-4.955867693507249072e+01,-4.957557454090444793e+01,1.689760583195720756e-02
2.960000000000000142e+01,2.000000000000000111e-01,-4.953588355039713065e+01,-4.955275376767625062e+01,1.687021727911997004e-02
2.970000000000000284e+01,2.000000000000000111e-01,-4.951320413264514286e+01,-4.953004681352937411e+01,1.684268088423124254e-02
2.980000000000000071e+01,2.000000000000000111e-01,-4.949063811198191587e+01,-4.950745311078877364e+01,1.681499880685777271e-02
2.990000000000000213e+01,2.000000000000000111e-01,-4.946818492142200796e+01,-4.948497209461070412e+01,1.678717318869615838e-02
3.000000000000000000e+01,2.000000000000000111e-01,-4.944584399681490083e+01,-4.946260320296859447e+01,1.675920615369363986e-02
3.010000000000000142e+01,2.000000000000000111e-01,-4.942361477683082427e+01,-4.944034587663898606e+01,1.673109980816178677e-02
3.020000000000000284e+01,2.000000000000000111e-01,-4.940149670294667317e+01,-4.941819955918756335e+01,1.670285624089018484e-02
3.030000000000000071e+01,2.000000000000000111e-01,-4.937948921943193881e+01,-4.939616369695523446e+01,1.667447752329564992e-02
3.040000000000000213e+01,2.000000000000000111e-01,-4.935759177333478220e+01,-4.937423773904429680e+01,1.664596570951459853e-02
3.050000000000000000e+01,2.000000000000000111e-01,-4.933580381446810748e+01,-4.935242113730465974e+01,1.661732283655226183e-02
3.060000000000000142e+01,2.000000000000000111e-01,-4.931412479539577021e+01,-4.933071334632013816e+01,1.658855092436795076e-02
3.070000000000000284e+01,2.000000000000000111e-01,-4.929255417141879292e+01,-4.930911382339483851e+01,1.655965197604558625e-02
3.080000000000000071e+01,2.000000000000000111e-01,-4.927109140056170133e+01,-4.928762202853955898e+01,1.653062797785764815e-02
3.090000000000000213e+01,2.000000000000000111e-01,-4.924973594355889617e+01,-4.926623742445830345e+01,1.650148089940728369e-02
3.100000000000000000e+01,2.000000000000000111e-01,-4.922848726384110307e+01,-4.924495947653485928e+01,1.647221269375620523e-02
3.110000000000000142e+01,2.000000000000000111e-01,-4.920734482752190075e+01,-4.922378765281942492e+01,1.644282529752416622e-02
3.120000000000000284e+01,2.000000000000000111e-01,-4.918630810338429171e+01,-4.920272142401529436e+01,1.641332063100264804e-02
3.130000000000000071e+01,2.000000000000000111e-01,-4.916537656286737246e+01,-4.918176026346566232e+01,1.638370059828986314e-02
3.140000000000000213e+01,2.000000000000000111e-01,-4.914454968005303215e+01,-4.916090364714040817e+01,1.635396708737602012e-02
3.150000000000000000e+01,2.000000000000000111e-01,-4.912382693165276493e+01,-4.914015105362305746e+01,1.632412197029253775e-02
3.160000000000000142e+01,2.000000000000000111e-01,-4.910320779699450355e+01,-4.911950196409766534e+01,1.629416710316178296e-02
3.170000000000000284e+01,2.000000000000000111e-01,-4.908269175800953121e+01,-4.909895586233594145e+01,1.626410432641023363e-02
3.180000000000000071e+01,2.000000000000000111e-01,-4.906227829921948569e+01,-4.907851223468426838e+01,1.623393546478268945e-02
3.190000000000000213e+01,2.000000000000000111e-01,-4.904196690772338485e+01,-4.905817057005087634e+01,1.620366232749148594e-02
3.200000000000000000e+01,2.000000000000000111e-01,-4.902175707318476583e+01,-4.903793035989311022e+01,1.617328670834439208e-02
3.210000000000000142e+01,2.000000000000000111e-01,-4.900164828781884552e+01,-4.901779109820463987e+01,1.614281038579434835e-02
3.220000000000000284e+01,2.000000000000000111e-01,-4.898164004637975211e+01,-4.899775228150289053e+01,1.611223512313841866e-02
3.230000000000000426e+01,2.000000000000000111e-01,-4.896173184614785612e+01,-4.897781340881638812e+01,1.608156266853200123e-02
3.239999999999999858e+01,2.000000000000000111e-01,-4.894192318691711563e+01,-4.895797398167229630e+01,1.605079475518067511e-02
3.250000000000000000e+01,2.000000000000000111e-01,-4.892221357098252810e+01,-4.893823350408388251e+01,1.601993310135441106e-02
3.260000000000000142e+01,2.000000000000000111e-01,-4.890260250312761769e+01,-4.891859148253819001e+01,1.598897941057231264e-02
3.270000000000000284e+01,2.000000000000000111e-01,-4.888308949061197950e+01,-4.889904742598365317e+01,1.595793537167367049e-02
3.280000000000000426e+01,2.000000000000000111e-01,-4.886367404315892315e+01,-4.887960084581784059e+01,1.592680265891743829e-02
3.289999999999999858e+01,2.000000000000000111e-01,-4.884435567294313074e+01,-4.886025125587523377e+01,1.589558293210302509e-02
3.300000000000000000e+01,2.000000000000000111e-01,-4.882513389457841413e+01,-4.884099817241508390e+01,1.586427783666977120e-02
3.310000000000000142e+01,2.000000000000000111e-01,-4.880600822510552206e+01,-4.882184111410929006e+01,1.583288900376800257e-02
3.320000000000000284e+01,2.000000000000000111e-01,-4.878697818397999697e+01,-4.880277960203041232e+01,1.580141805041535008e-02
3.330000000000000426e+01,2.000000000000000111e-01,-4.876804329306009578e+01,-4.878381315963963516e+01,1.576986657953938220e-02
3.339999999999999858e+01,2.000000000000000111e-01,-4.874920307659479590e+01,-4.876494131277493693e+01,1.573823618014102976e-02
3.350000000000000000e+01,2.000000000000000111e-01,-4.873045706121182263e+01,-4.874616358963913854e+01,1.570652842731590226e-02
3.360000000000000142e+01,2.000000000000000111e-01,-4.871180477590576174e+01,-4.872747952078820077e+01,1.567474488243902897e-02
3.370000000000000284e+01,2.000000000000000111e-01,-4.869324575202623606e+01,-4.870888863911942224e+01,1.564288709318617521e-02
3.380000000000000426e+01,2.000000000000000111e-01,-4.867477952326610335e+01,-4.869039047985978641e+01,1.561095659368305633e-02
3.389999999999999858e+01,2.000000000000000111e-01,-4.865640562564977500e+01,-4.867198458055435850e+01,1.557895490458349741e-02
3.400000000000000000e+01,2.000000000000000111e-01,-4.863812359752152759e+01,-4.865367048105468939e+01,1.554688353316180383e-02
3.410000000000000142e+01,2.000000000000000111e-01,-4.861993297953392101e+01,-4.863544772350735457e+01,1.551474397343355349e-02
3.420000000000000284e+01,2.000000000000000111e-01,-4.860183331463625223e+01,-4.861731585234244335e+01,1.548253770619112402e-02
3.430000000000000426e+01,2.000000000000000111e-01,-4.858382414806307281e+01,-4.859927441426223993e+01,1.545026619916711752e-02
3.439999999999999858e+01,2.000000000000000111e-01,-4.856590502732275638e+01,-4.858132295822986180e+01,1.541793090710541492e-02
3.450000000000000000e+01,2.000000000000000111e-01,-4.854807550218614409e+01,-4.856346103545796922e+01,1.538553327182512476e-02
3.460000000000000142e+01,2.000000000000000111e-01,-4.853033512467521149e+01,-4.854568819939755997e+01,1.535307472234848092e-02
3.470000000000000284e+01,2.000000000000000111e-01,-4.851268344905183483e+01,-4.852800400572679962e+01,1.532055667496479145e-02
3.480000000000000426e+01,2.000000000000000111e-01,-4.849512003180657871e+01,-4.851040801233993704e+01,1.528798053335833629e-02
3.489999999999999858e+01,2.000000000000000111e-01,-4.847764443164754766e+01,-4.849289977933621998e+01,1.525534768867231605e-02
3.500000000000000000e+01,2.000000000000000111e-01,-4.846025620948930879e+01,-4.847547886900890290e+01,1.522265951959411723e-02
3.510000000000000142e+01,2.000000000000000111e-01,-4.844295492844186413e+01,-4.845814484583432602e+01,1.518991739246189354e-02
3.520000000000000284e+01,2.000000000000000111e-01,-4.842574015379965147e+01,-4.844089727646100840e+01,1.515712266135693653e-02
3.530000000000000426e+01,2.000000000000000111e-01,-4.840861145303065172e+01,-4.842373572969881934e+01,1.512427666816762439e-02
3.539999999999999858e+01,2.000000000000000111e-01,-4.839156839576549629e+01,-4.840665977650819229e+01,1.509138074269600338e-02
3.550000000000000000e+01,2.000000000000000111e-01,-4.837461055378666686e+01,-4.838966898998940280e+01,1.505843620273594752e-02
3.560000000000000142e+01,2.000000000000000111e-01,-4.835773750101773061e+01,-4.837276294537191035e+01,1.502544435417974000e-02
3.570000000000000284e+01,2.000000000000000111e-01,-4.834094881351263950e+01,-4.835594122000371442e+01,1.499240649107491663e-02
3.580000000000000426e+01,2.000000000000000111e-01,-4.832424406944507922e+01,-4.833920339334081007e+01,1.495932389573084720e-02
3.589999999999999858e+01,2.000000000000000111e-01,-4.830762284909785365e+01,-4.832254904693665765e+01,1.492619783880400064e-02
3.600000000000000000e+01,2.000000000000000111e-01,-4.829108473485236175e+01,-4.830597776443173075e+01,1.489302957936899929e-02
3.610000000000000142e+01,2.000000000000000111e-01,-4.827462931117810285e+01,-4.828948913154309253e+01,1.485982036498967318e-02
3.620000000000000284e+01,2.000000000000000111e-01,-4.825825616462221035e+01,-4.827308273605407862e+01,1.482657143186827398e-02
3.630000000000000426e+01,2.000000000000000111e-01,-4.824196488379909908e+01,-4.825675816780393745e+01,1.479328400483836958e-02
3.639999999999999858e+01,2.000000000000000111e-01,-4.822575505938010565e+01,-4.824051501867761260e+01,1.475995929750695268e-02
3.650000000000000000e+01,2.000000000000000111e-01,-4.820962628408320683e+01,-4.822435288259553943e+01,1.472659851233260042e-02
3.660000000000000142e+01,2.000000000000000111e-01,-4.819357815266278777e+01,-4.820827135550345588e+01,1.469320284066810700e-02
3.670000000000000284e+01,2.000000000000000111e-01,-4.817761026189947415e+01,-4.819227003536235543e+01,1.465977346288127592e-02
3.680000000000000426e+01,2.000000000000000111e-01,-4.816172221058997849e+01,-4.817634852213841157e+01,1.462631154843307968e-02
3.689999999999999858e+01,2.000000000000000111e-01,-4.814591359953703176e+01,-4.816050641779295916e+01,1.459281825592739779e-02
3.700000000000000000e+01,2.000000000000000111e-01,-4.813018403153934344e+01,-4.814474332627255393e+01,1.455929473321049272e-02
3.710000000000000142e+01,2.000000000000000111e-01,-4.811453311138164679e+01,-4.812905885349909596e+01,1.452574211744916965e-02
3.720000000000000284e+01,2.000000000000000111e-01,-4.809896044582473706e+01,-4.811345260735994600e+01,1.449216153520893613e-02
3.730000000000000426e+01,2.000000000000000111e-01,-4.808346564359561626e+01,-4.809792419769814131e+01,1.445855410252505635e-02
3.739999999999999858e+01,2.000000000000000111e-01,-4.806804831537763789e+01,-4.808247323630262571e+01,1.442492092498781631e-02
3.750000000000000000e+01,2.000000000000000111e-01,-4.805270807380075127e+01,-4.806709933689856484e+01,1.439126309781357804e-02
3.760000000000000142e+01,2.000000000000000111e-01,-4.803744453343174570e+01,-4.805180211513767574e+01,1.435758170593004479e-02
3.770000000000000284e+01,2.000000000000000111e-01,-4.802225731076458715e+01,-4.803658118858861314e+01,1.432387782402599896e-02
3.780000000000000426e+01,2.000000000000000111e-01,-4.800714602421076194e+01,-4.802143617672741982e+01,1.429015251665788355e-02
3.789999999999999858e+01,2.000000000000000111e-01,-4.799211029408970575e+01,-4.800636670092800529e+01,1.425640683829954014e-02
3.800000000000000000e+01,2.000000000000000111e-01,-4.797714974261925391e+01,-4.799137238445270270e+01,1.422264183344879029e-02
3.810000000000000142e+01,2.000000000000000111e-01,-4.796226399390615569e+01,-4.797645285244280444e+01,1.418885853664875185e-02
3.820000000000000284e+01,2.000000000000000111e-01,-4.794745267393662402e+01,-4.796160773190924687e+01,1.415505797262284204e-02
3.830000000000000426e+01,2.000000000000000111e-01,-4.793271541056694218e+01,-4.794683665172323828e+01,1.412124115629609378e-02
3.840000000000000568e+01,2.000000000000000111e-01,-4.791805183351410591e+01,-4.793213924260700054e+01,1.408740909289463161e-02
3.850000000000000000e+01,2.000000000000000111e-01,-4.790346157434653662e+01,-4.791751513712454624e+01,1.405356277800962062e-02
3.860000000000000142e+01,2.000000000000000111e-01,-4.788894426647480174e+01,-4.790296396967247006e+01,1.401970319766832063e-02
3.870000000000000284e+01,2.000000000000000111e-01,-4.787449954514242734e+01,-4.788848537647083958e+01,1.398583132841224597e-02
3.880000000000000426e+01,2.000000000000000111e-01,-4.786012704741671797e+01,-4.787407899555405777e+01,1.395194813733979800e-02
3.890000000000000568e+01,2.000000000000000111e-01,-4.784582641217963328e+01,-4.785974446676185323e+01,1.391805458221995195e-02
3.900000000000000000e+01,2.000000000000000111e-01,-4.783159728011873568e+01,-4.784548143173027057e+01,1.388415161153488953e-02
3.910000000000000142e+01,2.000000000000000111e-01,-4.781743929371814517e+01,-4.783128953388268201e+01,1.385024016453684226e-02
3.920000000000000284e+01,2.000000000000000111e-01,-4.780335209724955092e+01,-4.781716841842089849e+01,1.381632117134756754e-02
3.930000000000000426e+01,2.000000000000000111e-01,-4.778933533676330114e+01,-4.780311773231630923e+01,1.378239555300808661e-02
3.940000000000000568e+01,2.000000000000000111e-01,-4.777538866007948570e+01,-4.778913712430102123e+01,1.374846422153552794e-02
3.950000000000000000e+01,2.000000000000000111e-01,-4.776151171677908991e+01,-4.777522624485910541e+01,1.371452808001549784e-02
3.960000000000000142e+01,2.000000000000000111e-01,-4.774770415819519798e+01,-4.776138474621785690e+01,1.368058802265892382e-02
3.970000000000000284e+01,2.000000000000000111e-01,-4.773396563740422494e+01,-4.774761228233908383e+01,1.364664493485889807e-02
3.980000000000000426e+01,2.000000000000000111e-01,-4.772029580921720537e+01,-4.773390850891047421e+01,1.361269969326883711e-02
3.990000000000000568e+01,2.000000000000000111e-01,-4.770669433017111771e+01,-4.772027308333697704e+01,1.357875316585932524e-02
4.000000000000000000e+01,2.000000000000000111e-01,-4.769316085852026532e+01,-4.770670566473225449e+01,1.354480621198916879e-02
4.010000000000000142e+01,2.000000000000000111e-01,-4.767969505422766474e+01,-4.769320591391011988e+01,1.351085968245513413e-02
4.020000000000000284e+01,2.000000000000000111e-01,-4.766629657895652628e+01,-4.767977349337610349e+01,1.347691441957721281e-02
4.030000000000000426e+01,2.000000000000000111e-01,-4.765296509606174169e+01,-4.766640806731899005e+01,1.344297125724835951e-02
4.040000000000000568e+01,2.000000000000000111e-01,-4.763970027058143586e+01,-4.765310930160243430e+01,1.340903102099844091e-02
4.050000000000000000e+01,2.000000000000000111e-01,-4.762650176922852552e+01,-4.763987686375660502e+01,1.337509452807950083e-02
4.060000000000000142e+01,2.000000000000000111e-01,-4.761336926038238460e+01,-4.762671042296986457e+01,1.334116258747997108e-02
4.070000000000000284e+01,2.000000000000000111e-01,-4.760030241408047402e+01,-4.761360965008050528e+01,1.330723600003125284e-02
4.080000000000000426e+01,2.000000000000000111e-01,-4.758730090201007101e+01,-4.760057421756852136e+01,1.327331555845034927e-02
4.090000000000000568e+01,2.000000000000000111e-01,-4.757436439750001966e+01,-4.758760379954742348e+01,1.323940204740381432e-02
4.100000000000000000e+01,2.000000000000000111e-01,-4.756149257551251708e+01,-4.757469807175608878e+01,1.320549624357170160e-02
4.110000000000000142e+01,2.000000000000000111e-01,-4.754868511263495634e+01,-4.756185671155063943e+01,1.317159891568309149e-02
4.120000000000000284e+01,2.000000000000000111e-01,-4.753594168707178369e+01,-4.754907939789641347e+01,1.313771082462977802e-02
4.130000000000000426e+01,2.000000000000000111e-01,-4.752326197863642676e+01,-4.753636581135990014e+01,1.310383272347337424e-02
4.140000000000000568e+01,2.000000000000000111e-01,-4.751064566874324413e+01,-4.752371563410077471e+01,1.306996535753057742e-02
4.150000000000000000e+01,2.000000000000000111e-01,-4.749809244039952461e+01,-4.751112854986394041e+01,1.303610946441580154e-02
4.160000000000000142e+01,2.000000000000000111e-01,-4.748560197819752915e+01,-4.749860424397164849e+01,1.300226577411933704e-02
4.170000000000000284e+01,2.000000000000000111e-01,-4.747317396830653990e+01,-4.748614240331558278e+01,1.296843500904287794e-02
4.180000000000000426e+01,2.000000000000000111e-01,-4.746080809846500870e+01,-4.747374271634909348e+01,1.293461788408478697e-02
4.190000000000000568e+01,2.000000000000000111e-01,-4.744850405797268422e+01,-4.746140487307935274e+01,1.290081510666851727e-02
4.200000000000000000e+01,2.000000000000000111e-01,-4.743626153768281739e+01,-4.744912856505963816e+01,1.286702737682077213e-02
4.210000000000000142e+01,2.000000000000000111e-01,-4.742408022999440220e+01,-4.743691348538160923e+01,1.283325538720703207e-02
4.220000000000000284e+01,2.000000000000000111e-01,-4.741195982884443083e+01,-4.742475932866763344e+01,1.279949982320260915e-02
4.230000000000000426e+01,2.000000000000000111e-01,-4.739990002970020555e+01,-4.741266579106316215e+01,1.276576136295659580e-02
4.240000000000000568e+01,2.000000000000000111e-01,-4.738790052955170751e+01,-4.740063257022913490e+01,1.273204067742739198e-02
4.250000000000000000e+01,2.000000000000000111e-01,-4.737596102690395128e+01,-4.738865936533439083e+01,1.269833843043954857e-02
4.260000000000000142e+01,2.000000000000000111e-01,-4.736408122176943181e+01,-4.737674587704819373e+01,1.266465527876192709e-02
4.270000000000000284e+01,2.000000000000000111e-01,-4.735226081566058554e+01,-4.736489180753270745e+01,1.263099187212191055e-02
4.280000000000000426e+01,2.000000000000000111e-01,-4.734049951158227998e+01,-4.735309686043558486e+01,1.259734885330487941e-02
4.290000000000000568e+01,2.000000000000000111e-01,-4.732879701402436723e+01,-4.734136074088252855e+01,1.256372685816131707e-02
4.300000000000000000e+01,2.000000000000000111e-01,-4.731715302895424458e+01,-4.732968315546993665e+01,1.253012651569207492e-02
4.310000000000000142e+01,2.000000000000000111e-01,-4.730556726380947197e+01,-4.731806381225757718e+01,1.249654844810521581e-02
4.320000000000000284e+01,2.000000000000000111e-01,-4.729403942749042500e+01,-4.730650242076124812e+01,1.246299327082311947e-02
4.330000000000000426e+01,2.000000000000000111e-01,-4.728256923035297632e+01,-4.729499869194557959e+01,1.242946159260327477e-02
4.340000000000000568e+01,2.000000000000000111e-01,-4.727115638420121257e+01,-4.728355233821672954e+01,1.239595401551696341e-02
4.350000000000000000e+01,2.000000000000000111e-01,-4.725980060228020818e+01,-4.727216307341527823e+01,1.236247113507005224e-02
4.360000000000000142e+01,2.000000000000000111e-01,-4.724850159926880622e+01,-4.726083061280900210e+01,1.232901354019588780e-02
4.370000000000000284e+01,2.000000000000000111e-01,-4.723725909127246325e+01,-4.724955467308579671e+01,1.229558181333345601e-02
4.380000000000000426e+01,2.000000000000000111e-01,-4.722607279581610129e+01,-4.723833497234657841e+01,1.226217653047712020e-02
4.390000000000000568e+01,2.000000000000000111e-01,-4.721494243183702366e+01,-4.722717123009825002e+01,1.222879826122635905e-02
4.400000000000000000e+01,2.000000000000000111e-01,-4.720386771967783801e+01,-4.721606316724667352e+01,1.219544756883550463e-02
4.410000000000000142e+01,2.000000000000000111e-01,-4.719284838107945035e+01,-4.720501050608970672e+01,1.216212501025637494e-02
4.420000000000000284e+01,2.000000000000000111e-01,-4.718188413917405200e+01,-4.719401297031022580e+01,1.212883113617380104e-02
4.430000000000000426e+01,2.000000000000000111e-01,-4.717097471847818468e+01,-4.718307028496927558e+01,1.209556649109089221e-02
4.440000000000000568e+01,2.000000000000000111e-01,-4.716011984488579145e+01,-4.717218217649916312e+01,1.206233161337166848e-02
4.450000000000000000e+01,2.000000000000000111e-01,-4.714931924566135990e+01,-4.716134837269658675e+01,1.202912703522684978e-02
4.460000000000000142e+01,2.000000000000000111e-01,-4.713857264943305125e+01,-4.715056860271590011e+01,1.199595328284885909e-02
4.470000000000000284e+01,2.000000000000000111e-01,-4.712787978618588625e+01,-4.713984259706229096e+01,1.196281087640471696e-02
4.480000000000000426e+01,2.000000000000000111e-01,-4.711724038725495944e+01,-4.712917008758505233e+01,1.192970033009288500e-02
4.490000000000000568e+01,2.000000000000000111e-01,-4.710665418531868198e+01,-4.711855080747091051e+01,1.189662215222853092e-02
4.500000000000000000e+01,2.000000000000000111e-01,-4.709612091439208825e+01,-4.710798449123728915e+01,1.186357684520089606e-02
4.510000000000000142e+01,2.000000000000000111e-01,-4.708564030982012838e+01,-4.709747087472573668e+01,1.183056490560829843e-02
4.520000000000000284e+01,2.000000000000000111e-01,-4.707521210827102465e+01,-4.708700969509529699e+01,1.179758682427234362e-02
4.530000000000000426e+01,2.000000000000000111e-01,-4.706483604772967055e+01,-4.707660069081593690e+01,1.176464308626634647e-02
4.540000000000000568e+01,2.000000000000000111e-01,-4.705451186749102277e+01,-4.706624360166200205e+01,1.173173417097927995e-02
4.550000000000000000e+01,2.000000000000000111e-01,-4.704423930815356414e+01,-4.705593816870572965e+01,1.169886055216551313e-02
4.560000000000000142e+01,2.000000000000000111e-01,-4.703401811161279511e+01,-4.704568413431074703e+01,1.166602269795191660e-02
4.570000000000000284e+01,2.000000000000000111e-01,-4.702384802105473227e+01,-4.703548124212566961e+01,1.163322107093733848e-02
4.580000000000000426e+01,2.000000000000000111e-01,-4.701372878094945662e+01,-4.702532923707767054e+01,1.160045612821392069e-02
4.590000000000000568e+01,2.000000000000000111e-01,-4.700366013704471158e+01,-4.701522786536607157e+01,1.156772832135999352e-02
4.600000000000000000e+01,2.000000000000000111e-01,-4.699364183635948677e+01,-4.700517687445607606e+01,1.153503809658928958e-02
4.610000000000000142e+01,2.000000000000000111e-01,-4.698367362717768714e+01,-4.699517601307237413e+01,1.150238589468699502e-02
4.620000000000000284e+01,2.000000000000000111e-01,-4.697375525904180193e+01,-4.698522503119291116e+01,1.146977215110922543e-02
4.630000000000000426e+01,2.000000000000000111e-01,-4.696388648274659516e+01,-4.697532368004262793e+01,1.143719729603276392e-02
4.640000000000000568e+01,2.000000000000000111e-01,-4.695406705033285988e+01,-4.696547171208722915e+01,1.140466175436927188e-02
4.650000000000000000e+01,2.000000000000000111e-01,-4.694429671508119384e+01,-4.695566888102700176e+01,1.137216594580792162e-02
4.660000000000000142e+01,2.000000000000000111e-01,-4.693457523150578936e+01,-4.694591494179065450e+01,1.133971028486513433e-02
4.670000000000000284e+01,2.000000000000000111e-01,-4.692490235534825871e+01,-4.693620965052920724e+01,1.130729518094852892e-02
4.680000000000000426e+01,2.000000000000000111e-01,-4.691527784357151631e+01,-4.692655276460985903e+01,1.127492103834271120e-02
4.690000000000000568e+01,2.000000000000000111e-01,-4.690570145435366101e+01,-4.691694404260996976e+01,1.124258825630874981e-02
4.700000000000000000e+01,2.000000000000000111e-01,-4.689617294708189377e+01,-4.690738324431099215e+01,1.121029722909838711e-02
4.710000000000000142e+01,2.000000000000000111e-01,-4.688669208234648522e+01,-4.689787013069246768e+01,1.117804834598246089e-02
4.720000000000000284e+01,2.000000000000000111e-01,-4.687725862193475024e+01,-4.688840446392604377e+01,1.114584199129353692e-02
4.730000000000000426e+01,2.000000000000000111e-01,-4.686787232882507936e+01,-4.687898600736958343e+01,1.111367854450406867e-02
4.740000000000000568e+01,2.000000000000000111e-01,-4.685853296718095606e+01,-4.686961452556116825e+01,1.108155838021218642e-02
4.750000000000000000e+01,2.000000000000000111e-01,-4.684924030234505210e+01,-4.686028978421326485e+01,1.104948186821275158e-02
4.760000000000000142e+01,2.000000000000000111e-01,-4.683999410083333004e+01,-4.685101155020686292e+01,1.101744937353288378e-02
4.770000000000000284e+01,2.000000000000000111e-01,-4.683079413032915994e+01,-4.684177959158562032e+01,1.098546125646038263e-02
4.780000000000000426e+01,2.000000000000000111e-01,-4.682164015967751425e+01,-4.683259367755009350e+01,1.095351787257925480e-02
4.790000000000000568e+01,2.000000000000000111e-01,-4.681253195887912710e+01,-4.682345357845196077e+01,1.092161957283366291e-02
4.800000000000000000e+01,2.000000000000000111e-01,-4.680346929908473186e+01,-4.681435906578825268e+01,1.088976670352082010e-02
4.810000000000000142e+01,2.000000000000000111e-01,-4.679445195258930568e+01,-4.680530991219568193e+01,1.085795960637625512e-02
4.820000000000000284e+01,2.000000000000000111e-01,-4.678547969282635677e+01,-4.679630589144495190e+01,1.082619861859512866e-02
4.830000000000000426e+01,2.000000000000000111e-01,-4.677655229436222584e+01,-4.678734677843506518e+01,1.079448407283933875e-02
4.840000000000000568e+01,2.000000000000000111e-01,-4.676766953289041595e+01,-4.677843234918772453e+01,1.076281629730857503e-02
4.850000000000000000e+01,2.000000000000000111e-01,-4.675883118522596504e+01,-4.676956238084174799e+01,1.073119561578295134e-02
4.860000000000000142e+01,2.000000000000000111e-01,-4.675003702929983262e+01,-4.676073665164744853e+01,1.069962234761590025e-02
4.870000000000000284e+01,2.000000000000000111e-01,-4.674128684415333623e+01,-4.675195494096115567e+01,1.066809680781943825e-02
4.880000000000000426e+01,2.000000000000000111e-01,-4.673258040993256657e+01,-4.674321702923962363e+01,1.063661930705706027e-02
4.890000000000000568e+01,2.000000000000000111e-01,-4.672391750788290210e+01,-4.673452269803462400e+01,1.060519015172189938e-02
4.900000000000000000e+01,2.000000000000000111e-01,-4.671529792034348816e+01,-4.672587172998741067e+01,1.057380964392251599e-02
4.910000000000000142e+01,2.000000000000000111e-01,-4.670672143074177285e+01,-4.671726390882334101e+01,1.054247808156816291e-02
4.920000000000000284e+01,2.000000000000000111e-01,-4.669818782358806430e+01,-4.670869901934642598e+01,1.051119575836167996e-02
4.930000000000000426e+01,2.000000000000000111e-01,-4.668969688447012345e+01,-4.670017684743399400e+01,1.047996296387054826e-02
4.940000000000000568e+01,2.000000000000000111e-01,-4.668124840004777099e+01,-4.669169718003129788e+01,1.044877998352689019e-02
4.950000000000000000e+01,2.000000000000000111e-01,-4.667284215804752989e+01,-4.668325980514620710e+01,1.041764709867720740e-02
4.960000000000000142e+01,2.000000000000000111e-01,-4.666447794725728926e+01,-4.667486451184392138e+01,1.038656458663211879e-02
4.970000000000000284e+01,2.000000000000000111e-01,-4.665615555752100363e+01,-4.666651109024165578e+01,1.035553272065214969e-02
4.980000000000000426e+01,2.000000000000000111e-01,-4.664787477973339946e+01,-4.665819933150345378e+01,1.032455177005431324e-02
4.990000000000000568e+01,2.000000000000000111e-01,-4.663963540583473133e+01,-4.664992902783490081e+01,1.029362200016947781e-02
5.000000000000000000e+01,2.000000000000000111e-01,-4.663143722880555941e+01,-4.664169997247797994e+01,1.026274367242052676e-02
5.010000000000000142e+01,2.000000000000000111e-01,-4.662328004266153414e+01,-4.663351195970587071e+01,1.023191704433656923e-02
5.020000000000000284e+01,2.000000000000000111e-01,-4.661516364244822341e+01,-4.662536478481783320e+01,1.020114236960978360e-02
5.030000000000000426e+01,2.000000000000000111e-01,-4.660708782423598251e+01,-4.661725824413407793e+01,1.017041989809541747e-02
5.040000000000000568e+01,2.000000000000000111e-01,-4.659905238511480263e+01,-4.660919213499064995e+01,1.013974987584731480e-02
5.050000000000000000e+01,2.000000000000000111e-01,-4.659105712318923054e+01,-4.660116625573441240e+01,1.010913254518186477e-02
5.060000000000000142e+01,2.000000000000000111e-01,-4.658310183757328105e+01,-4.659318040571795905e+01,1.007856814467800177e-02
5.070000000000000284e+01,2.000000000000000111e-01,-4.657518632838541350e+01,-4.658523438529463334e+01,1.004805690921983796e-02
5.080000000000000426e+01,2.000000000000000111e-01,-4.656731039674348693e+01,-4.657732799581349781e+01,1.001759907001087413e-02
5.090000000000000568e+01,2.000000000000000111e-01,-4.655947384475977202e+01,-4.656946103961440997e+01,9.987194854637948538e-03
5.100000000000000000e+01,2.000000000000000111e-01,-4.655167647553597021e+01,-4.656163332002306277e+01,9.956844487092553209e-03
5.110000000000000142e+01,2.000000000000000111e-01,-4.654391809315828965e+01,-4.655384464134604627e+01,9.926548187756623065e-03
5.120000000000000284e+01,2.000000000000000111e-01,-4.653619850269249980e+01,-4.654609480886599471e+01,9.896306173494906488e-03
5.130000000000000426e+01,2.000000000000000111e-01,-4.652851751017903581e+01,-4.653838362883668367e+01,9.866118657647859891e-03
5.140000000000000568e+01,2.000000000000000111e-01,-4.652087492262813839e+01,-4.653071090847822688e+01,9.835985850088491134e-03
5.150000000000000000e+01,2.000000000000000111e-01,-4.651327054801500083e+01,-4.652307645597220187e+01,9.805907957201043246e-03
5.160000000000000142e+01,2.000000000000000111e-01,-4.650570419527492305e+01,-4.651548008045691063e+01,9.775885181987575834e-03
5.170000000000000284e+01,2.000000000000000111e-01,-4.649817567429855103e+01,-4.650792159202255505e+01,9.745917724004016236e-03
5.180000000000000426e+01,2.000000000000000111e-01,-4.649068479592705927e+01,-4.650040080170654022e+01,9.716005779480951787e-03
5.190000000000000568e+01,2.000000000000000111e-01,-4.648323137194742571e+01,-4.649291752148870671e+01,9.686149541280997255e-03
5.200000000000000000e+01,2.000000000000000111e-01,-4.647581521508768532e+01,-4.648547156428667648e+01,9.656349198991165395e-03
5.210000000000000142e+01,2.000000000000000111e-01,-4.646843613901224757e+01,-4.647806274395111359e+01,9.626604938866023531e-03
5.220000000000000284e+01,2.000000000000000111e-01,-4.646109395831718558e+01,-4.647069087526114117e+01,9.596916943955591250e-03
5.230000000000000426e+01,2.000000000000000111e-01,-4.645378848852559628e+01,-4.646335577391964478e+01,9.567285394048496983e-03
5.240000000000000568e+01,2.000000000000000111e-01,-4.644651954608296762e+01,-4.645605725654871065e+01,9.537710465743032273e-03
5.250000000000000000e+01,2.000000000000000111e-01,-4.643928694835255300e+01,-4.644879514068502857e+01,9.508192332475573494e-03
5.260000000000000142e+01,2.000000000000000111e-01,-4.643209051361078821e+01,-4.644156924477532300e+01,9.478731164534792697e-03
5.270000000000000284e+01,2.000000000000000111e-01,-4.642493006104273690e+01,-4.643437938817181987e+01,9.449327129082973897e-03
5.280000000000000426e+01,2.000000000000000111e-01,-4.641780541073752175e+01,-4.642722539112772040e+01,9.419980390198645637e-03
5.290000000000000568e+01,2.000000000000000111e-01,-4.641071638368383390e+01,-4.642010707479273890e+01,9.390691108905002693e-03
5.300000000000000000e+01,2.000000000000000111e-01,-4.640366280176541380e+01,-4.641302426120859081e+01,9.361459443177011508e-03
5.310000000000000142e+01,2.000000000000000111e-01,-4.639664448775658911e+01,-4.640597677330457316e+01,9.332285547984042751e-03
5.320000000000000284e+01,2.000000000000000111e-01,-4.638966126531780532e+01,-4.639896443489310229e+01,9.303169575296976745e-03
5.330000000000000426e+01,2.000000000000000111e-01,-4.638271295899121327e+01,-4.639198707066537963e+01,9.274111674166363173e-03
5.340000000000000568e+01,2.000000000000000111e-01,-4.637579939419625674e+01,-4.638504450618691521e+01,9.245111990658472223e-03
5.350000000000000000e+01,2.000000000000000111e-01,-4.636892039722527414e+01,-4.637813656789325023e+01,9.216170667976086861e-03
5.360000000000000142e+01,2.000000000000000111e-01,-4.636207579523915001e+01,-4.637126308308555878e+01,9.187287846408764835e-03
5.370000000000000284e+01,2.000000000000000111e-01,-4.635526541626295227e+01,-4.636442387992636327e+01,9.158463663410998379e-03
5.380000000000000426e+01,2.000000000000000111e-01,-4.634848908918164057e+01,-4.635761878743522857e+01,9.129698253588003354e-03
5.390000000000000568e+01,2.000000000000000111e-01,-4.634174664373573194e+01,-4.635084763548448450e+01,9.100991748752562671e-03
5.400000000000000000e+01,2.000000000000000111e-01,-4.633503791051705178e+01,-4.634411025479499813e+01,9.072344277946342572e-03
5.410000000000000142e+01,2.000000000000000111e-01,-4.632836272096446351e+01,-4.633740647693187498e+01,9.043755967411470920e-03
5.420000000000000284e+01,2.000000000000000111e-01,-4.632172090735964076e+01,-4.633073613430033788e+01,9.015226940697118607e-03
5.430000000000000426e+01,2.000000000000000111e-01,-4.631511230282283975e+01,-4.632409906014146372e+01,8.986757318623972424e-03
5.440000000000000568e+01,2.000000000000000111e-01,-4.630853674130872832e+01,-4.631749508852806230e+01,8.958347219333973044e-03
5.450000000000000000e+01,2.000000000000000111e-01,-4.630199405760218667e+01,-4.631092405436048409e+01,8.929996758297420456e-03
5.460000000000000142e+01,2.000000000000000111e-01,-4.629548408731417908e+01,-4.630438579336254890e+01,8.901706048369817381e-03
5.470000000000000284e+01,2.000000000000000111e-01,-4.628900666687761145e+01,-4.629788014207738911e+01,8.873475199777658418e-03
5.480000000000000426e+01,2.000000000000000111e-01,-4.628256163354322439e+01,-4.629140693786337124e+01,8.845304320146851751e-03
5.490000000000000568e+01,2.000000000000000111e-01,-4.627614882537550756e+01,-4.628496601889006001e+01,8.817193514552457145e-03
5.500000000000000000e+01,2.000000000000000111e-01,-4.626976808124862828e+01,-4.627855722413414696e+01,8.789142885518685944e-03
5.510000000000000142e+01,2.000000000000000111e-01,-4.626341924084238855e+01,-4.627218039337543587e+01,8.761152533047322777e-03
5.520000000000000284e+01,2.000000000000000111e-01,-4.625710214463817493e+01,-4.626583536719281398e+01,8.733222554639041846e-03
5.530000000000000426e+01,2.000000000000000111e-01,-4.625081663391498665e+01,-4.625952198696030138e+01,8.705353045314723204e-03
5.540000000000000568e+01,2.000000000000000111e-01,-4.624456255074541389e+01,-4.625324009484306487e+01,8.677544097650979893e-03
5.550000000000000000e+01,2.000000000000000111e-01,-4.623833973799168717e+01,-4.624698953379346733e+01,8.649795801780157944e-03
5.560000000000000142e+01,2.000000000000000111e-01,-4.623214803930172678e+01,-4.624077014754716686e+01,8.622108245440074370e-03
5.570000000000000284e+01,2.000000000000000111e-01,-4.622598729910522053e+01,-4.623458178061917323e+01,8.594481513952700880e-03
5.580000000000000426e+01,2.000000000000000111e-01,-4.621985736260969446e+01,-4.622842427830000389e+01,8.566915690309429010e-03
5.590000000000000568e+01,2.000000000000000111e-01,-4.621375807579664752e+01,-4.622229748665176885e+01,8.539410855121332133e-03
5.600000000000000000e+01,2.000000000000000111e-01,-4.620768928541766485e+01,-4.621620125250436217e+01,8.511967086697325158e-03
5.610000000000000142e+01,2.000000000000000111e-01,-4.620165083899057379e+01,-4.621013542345160374e+01,8.484584461029953673e-03
5.620000000000000284e+01,2.000000000000000111e-01,-4.619564258479562113e+01,-4.620409984784747337e+01,8.457263051852237368e-03
5.630000000000000426e+01,2.000000000000000111e-01,-4.618966437187164331e+01,-4.619809437480223835e+01,8.430002930595037469e-03
5.640000000000000568e+01,2.000000000000000111e-01,-4.618371605001228630e+01,-4.619211885417878705e+01,8.402804166500743577e-03
5.650000000000000000e+01,2.000000000000000111e-01,-4.617779746976222555e+01,-4.618617313658877777e+01,8.375666826552219391e-03
5.660000000000000142e+01,2.000000000000000111e-01,-4.617190848241341428e+01,-4.618025707338895813e+01,8.348590975543856985e-03
5.670000000000000284e+01,2.000000000000000111e-01,-4.616604894000134607e+01,-4.617437051667744186e+01,8.321576676095787661e-03
5.680000000000000426e+01,2.000000000000000111e-01,-4.616021869530133870e+01,-4.616851331929001390e+01,8.294623988675198234e-03
5.690000000000000568e+01,2.000000000000000111e-01,-4.615441760182483222e+01,-4.616268533479642855e+01,8.267732971596331026e-03
5.700000000000000000e+01,2.000000000000000111e-01,-4.614864551381570834e+01,-4.615688641749677146e+01,8.240903681063116437e-03
5.710000000000000142e+01,2.000000000000000111e-01,-4.614290228624663115e+01,-4.615111642241780032e+01,8.214136171169172940e-03
5.720000000000000284e+01,2.000000000000000111e-01,-4.613718777481539490e+01,-4.614537520530934955e+01,8.187430493954650501e-03
5.730000000000000426e+01,2.000000000000000111e-01,-4.613150183594131448e+01,-4.613966262264068519e+01,8.160786699370703445e-03
5.740000000000000568e+01,2.000000000000000111e-01,-4.612584432676160873e+01,-4.613397853159693796e+01,8.134204835329228445e-03
5.750000000000000000e+01,2.000000000000000111e-01,-4.612021510512779798e+01,-4.612832279007554348e+01,8.107684947745497084e-03
5.760000000000000142e+01,2.000000000000000111e-01,-4.611461402960215850e+01,-4.612269525668267534e+01,8.081227080516839578e-03
5.770000000000000284e+01,2.000000000000000111e-01,-4.610904095945414838e+01,-4.611709579072969234e+01,8.054831275543961056e-03
5.780000000000000426e+01,2.000000000000000111e-01,-4.610349575465687622e+01,-4.611152425222965689e+01,8.028497572780679548e-03
5.790000000000000568e+01,2.000000000000000111e-01,-4.609797827588359098e+01,-4.610598050189382491e+01,8.002226010233925990e-03
5.800000000000000000e+01,2.000000000000000111e-01,-4.609248838450417196e+01,-4.610046440112814992e+01,7.976016623977955078e-03
5.810000000000000142e+01,2.000000000000000111e-01,-4.608702594258165419e+01,-4.609497581202980143e+01,7.949869448147239837e-03
5.820000000000000284e+01,2.000000000000000111e-01,-4.608159081286874681e+01,-4.608951459738379697e+01,7.923784515050158461e-03
5.830000000000000426e+01,2.000000000000000111e-01,-4.607618285880440112e+01,-4.608408062065947064e+01,7.897761855069518333e-03
5.840000000000000568e+01,2.000000000000000111e-01,-4.607080194451037869e+01,-4.607867374600711941e+01,7.871801496740715720e-03
5.850000000000000000e+01,2.000000000000000111e-01,-4.606544793478782651e+01,-4.607329383825459956e+01,7.845903466773052060e-03
5.860000000000000142e+01,2.000000000000000111e-01,-4.606012069511388773e+01,-4.606794076290394457e+01,7.820067790056839385e-03
5.870000000000000284e+01,2.000000000000000111e-01,-4.605482009163831947e+01,-4.606261438612797576e+01,7.794294489656294900e-03
5.880000000000000426e+01,2.000000000000000111e-01,-4.604954599118012482e+01,-4.605731457476700541e+01,7.768583586880595249e-03
5.890000000000000568e+01,2.000000000000000111e-01,-4.604429826122422753e+01,-4.605204119632547588e+01,7.742935101248349383e-03
5.900000000000000000e+01,2.000000000000000111e-01,-4.603907676991810405e+01,-4.604679411896864849e+01,7.717349050544441980e-03
5.910000000000000142e+01,2.000000000000000111e-01,-4.603388138606851498e+01,-4.604157321151931370e+01,7.691825450798717156e-03
5.920000000000000284e+01,2.000000000000000111e-01,-4.602871197913817269e+01,-4.603637834345451552e+01,7.666364316342821894e-03
5.930000000000000426e+01,2.000000000000000111e-01,-4.602356841924247988e+01,-4.603120938490228298e+01,7.640965659803100607e-03
5.940000000000000568e+01,2.000000000000000111e-01,-4.601845057714626819e+01,-4.602606620663838299e+01,7.615629492114805998e-03
5.950000000000000000e+01,2.000000000000000111e-01,-4.601335832426053685e+01,-4.602094868008308737e+01,7.590355822550520770e-03
5.960000000000000142e+01,2.000000000000000111e-01,-4.600829153263923388e+01,-4.601585667729797535e+01,7.565144658741473904e-03
5.970000000000000284e+01,2.000000000000000111e-01,-4.600325007497603735e+01,-4.601079007098269358e+01,7.539996006656224381e-03
5.980000000000000426e+01,2.000000000000000111e-01,-4.599823382460115795e+01,-4.600574873447183677e+01,7.514909870678820880e-03
5.990000000000000568e+01,2.000000000000000111e-01,-4.599324265547815571e+01,-4.600073254173172188e+01,7.489886253566169216e-03
6.000000000000000000e+01,2.000000000000000111e-01,-4.598827644220076394e+01,-4.599574136735728302e+01,7.464925156519086613e-03
6.010000000000000142e+01,2.000000000000000111e-01,-4.598333505998976278e+01,-4.599077508656887403e+01,7.440026579111247429e-03
6.020000000000000284e+01,2.000000000000000111e-01,-4.597841838468981734e+01,-4.598583357520924153e+01,7.415190519424186277e-03
6.030000000000000426e+01,2.000000000000000111e-01,-4.597352629276636549e+01,-4.598091670974033462e+01,7.390416973969138326e-03
6.040000000000000568e+01,2.000000000000000111e-01,-4.596865866130253409e+01,-4.597602436724025665e+01,7.365705937722566432e-03
6.050000000000000000e+01,2.000000000000000111e-01,-4.596381536799601975e+01,-4.597115642540019564e+01,7.341057404175899137e-03
6.060000000000000142e+01,2.000000000000000111e-01,-4.595899629115604057e+01,-4.596631276252135478e+01,7.316471365314214381e-03
6.070000000000000284e+01,2.000000000000000111e-01,-4.595420130970025951e+01,-4.596149325751190418e+01,7.291947811644661215e-03
6.080000000000000426e+01,2.000000000000000111e-01,-4.594943030315175747e+01,-4.595669778988396814e+01,7.267486732210670652e-03
6.090000000000000568e+01,2.000000000000000111e-01,-4.594468315163599925e+01,-4.595192623975060542e+01,7.243088114606166528e-03
6.100000000000000000e+01,2.000000000000000111e-01,-4.593995973587782089e+01,-4.594717848782281777e+01,7.218751944996881775e-03
6.110000000000000142e+01,2.000000000000000111e-01,-4.593525993719843115e+01,-4.594245441540655861e+01,7.194478208127463859e-03
6.120000000000000284e+01,2.000000000000000111e-01,-4.593058363751244144e+01,-4.593775390439977002e+01,7.170266887328580196e-03
6.130000000000000426e+01,2.000000000000000111e-01,-4.592593071932488158e+01,-4.593307683728943402e+01,7.146117964552445301e-03
6.140000000000000568e+01,2.000000000000000111e-01,-4.592130106572825810e+01,-4.592842309714862381e+01,7.122031420365715348e-03
6.150000000000000000e+01,2.000000000000000111e-01,-4.591669456039961972e+01,-4.592379256763359763e+01,7.098007233977909891e-03
6.160000000000000142e+01,2.000000000000000111e-01,-4.591211108759762283e+01,-4.591918513298088556e+01,7.074045383262728137e-03
6.170000000000000284e+01,2.000000000000000111e-01,-4.590755053215963244e+01,-4.591460067800436207e+01,7.050145844729627242e-03
6.180000000000000426e+01,2.000000000000000111e-01,-4.590301277949883740e+01,-4.591003908809243228e+01,7.026308593594876584e-03
6.190000000000000568e+01,2.000000000000000111e-01,-4.589849771560134428e+01,-4.590550024920509742e+01,7.002533603753136049e-03
6.200000000000000000e+01,2.000000000000000111e-01,-4.589400522702333518e+01,-4.590098404787115527e+01,6.978820847820088602e-03
6.210000000000000142e+01,2.000000000000000111e-01,-4.588953520088821847e+01,-4.589649037118533670e+01,6.955170297118229428e-03
6.220000000000000284e+01,2.000000000000000111e-01,-4.588508752488377951e+01,-4.589201910680549190e+01,6.931581921712393068e-03
6.230000000000000426e+01,2.000000000000000111e-01,-4.588066208725935979e+01,-4.588757014294976955e+01,6.908055690409753424e-03
6.240000000000000568e+01,2.000000000000000111e-01,-4.587625877682306452e+01,-4.588314336839385987e+01,6.884591570795350890e-03
6.250000000000000000e+01,2.000000000000000111e-01,-4.587187748293894884e+01,-4.587873867246814541e+01,6.861189529196565218e-03
6.260000000000000142e+01,2.000000000000000111e-01,-4.586751809552425385e+01,-4.587435594505501513e+01,6.837849530761275219e-03
6.270000000000000284e+01,2.000000000000000111e-01,-4.586318050504663546e+01,-4.586999507658605069e+01,6.814571539415226198e-03
6.280000000000000426e+01,2.000000000000000111e-01,-4.585886460252140040e+01,-4.586565595803931927e+01,6.791355517918873375e-03
6.290000000000000568e+01,2.000000000000000111e-01,-4.585457027950879194e+01,-4.586133848093661669e+01,6.768201427824749317e-03
6.300000000000000000e+01,2.000000000000000111e-01,-4.585029742811124720e+01,-4.585704253734080282e+01,6.745109229555623642e-03
6.310000000000000142e+01,2.000000000000000111e-01,-4.584604594097068997e+01,-4.585276801985305895e+01,6.722078882368975883e-03
6.320000000000000284e+01,2.000000000000000111e-01,-4.584181571126583776e+01,-4.584851482161022318e+01,6.699110344385417193e-03
6.330000000000000426e+01,2.000000000000000111e-01,-4.583760663270950886e+01,-4.584428283628213308e+01,6.676203572624217486e-03
6.340000000000000568e+01,2.000000000000000111e-01,-4.583341859954596487e+01,-4.584007195806891133e+01,6.653358522946462017e-03
6.350000000000000000e+01,2.000000000000000111e-01,-4.582925150654823199e+01,-4.583588208169840073e+01,6.630575150168738219e-03
6.360000000000000142e+01,2.000000000000000111e-01,-4.582510524901549331e+01,-4.583171310242346408e+01,6.607853407970765147e-03
6.370000000000000284e+01,2.000000000000000111e-01,-4.582097972277041720e+01,-4.582756491601941207e+01,6.585193248994869464e-03
6.380000000000000426e+01,2.000000000000000111e-01,-4.581687482415656376e+01,-4.582343741878135290e+01,6.562594624789142017e-03
6.390000000000000568e+01,2.000000000000000111e-01,-4.581279045003578432e+01,-4.581933050752165570e+01,6.540057485871386689e-03
6.400000000000000000e+01,2.000000000000000111e-01,-4.580872649778560657e+01,-4.581524407956732148e+01,6.517581781714909539e-03
6.410000000000000853e+01,2.000000000000000111e-01,-4.580468286529667665e+01,-4.581117803275743938e+01,6.495167460762729661e-03
6.420000000000000284e+01,2.000000000000000111e-01,-4.580065945097019409e+01,-4.580713226544062167e+01,6.472814470427579181e-03
6.429999999999999716e+01,2.000000000000000111e-01,-4.579665615371533960e+01,-4.580310667647248124e+01,6.450522757141641250e-03
6.440000000000000568e+01,2.000000000000000111e-01,-4.579267287294675981e+01,-4.579910116521307373e+01,6.428292266313917480e-03
6.450000000000000000e+01,2.000000000000000111e-01,-4.578870950858202349e+01,-4.579511563152442477e+01,6.406122942401282216e-03
6.460000000000000853e+01,2.000000000000000111e-01,-4.578476596103911334e+01,-4.579114997576797919e+01,6.384014728865849975e-03
6.470000000000000284e+01,2.000000000000000111e-01,-4.578084213123391777e+01,-4.578720409880212117e+01,6.361967568203397150e-03
6.479999999999999716e+01,2.000000000000000111e-01,-4.577693792057775113e+01,-4.578327790197974423e+01,6.339981401993100008e-03
6.490000000000000568e+01,2.000000000000000111e-01,-4.577305323097485967e+01,-4.577937128714570747e+01,6.318056170847796693e-03
6.500000000000000000e+01,2.000000000000000111e-01,-4.576918796481998442e+01,-4.577548415663444104e+01,6.296191814456619795e-03
6.510000000000000853e+01,2.000000000000000111e-01,-4.576534202499588133e+01,-4.577161641326748054e+01,6.274388271599207201e-03
6.520000000000000284e+01,2.000000000000000111e-01,-4.576151531487089841e+01,-4.576776796035103700e+01,6.252645480138596668e-03
6.529999999999999716e+01,2.000000000000000111e-01,-4.575770773829654559e+01,-4.576393870167359523e+01,6.230963377049647534e-03
6.540000000000000568e+01,2.000000000000000111e-01,-4.575391919960506470e+01,-4.576012854150349085e+01,6.209341898426146145e-03
6.550000000000000000e+01,2.000000000000000111e-01,-4.575014960360704208e+01,-4.575633738458650157e+01,6.187780979459489572e-03
6.560000000000000853e+01,2.000000000000000111e-01,-4.574639885558900687e+01,-4.575256513614352372e+01,6.166280554516845314e-03
6.570000000000000284e+01,2.000000000000000111e-01,-4.574266686131106496e+01,-4.574881170186814927e+01,6.144840557084307875e-03
6.579999999999999716e+01,2.000000000000000111e-01,-4.573895352700451156e+01,-4.574507698792431398e+01,6.123460919802425906e-03
6.590000000000000568e+01,2.000000000000000111e-01,-4.573525875936948637e+01,-4.574136090094398810e+01,6.102141574501729337e-03
6.600000000000000000e+01,2.000000000000000111e-01,-4.573158246557263595e+01,-4.573766334802479605e+01,6.080882452160096818e-03
6.610000000000000853e+01,2.000000000000000111e-01,-4.572792455324477601e+01,-4.573398423672772850e+01,6.059683482952493705e-03
6.620000000000000284e+01,2.000000000000000111e-01,-4.572428493047855369e+01,-4.573032347507481177e+01,6.038544596258077490e-03
6.629999999999999716e+01,2.000000000000000111e-01,-4.572066350582615968e+01,-4.572668097154679856e+01,6.017465720638881521e-03
6.640000000000000568e+01,2.000000000000000111e-01,-4.571706018829702600e+01,-4.572305663508092266e+01,5.996446783896658417e-03
6.650000000000000000e+01,2.000000000000000111e-01,-4.571347488735553810e+01,-4.571945037506858966e+01,5.975487713051563787e-03
6.660000000000000853e+01,2.000000000000000111e-01,-4.570990751291876109e+01,-4.571586210135311035e+01,5.954588434349261661e-03
6.670000000000000284e+01,2.000000000000000111e-01,-4.570635797535416600e+01,-4.571229172422744114e+01,5.933748873275135338e-03
6.679999999999999716e+01,2.000000000000000111e-01,-4.570282618547739162e+01,-4.570873915443196722e+01,5.912968954575603675e-03
6.690000000000000568e+01,2.000000000000000111e-01,-4.569931205455000622e+01,-4.570520430315228566e+01,5.892248602279437364e-03
6.700000000000000000e+01,2.000000000000000111e-01,-4.569581549427725520e+01,-4.570168708201690322e+01,5.871587739648020943e-03
6.710000000000000853e+01,2.000000000000000111e-01,-4.569233641680586544e+01,-4.569818740309511895e+01,5.850986289253512496e-03
6.720000000000000284e+01,2.000000000000000111e-01,-4.568887473472183558e+01,-4.569470517889477179e+01,5.830444172936211089e-03
6.729999999999999716e+01,2.000000000000000111e-01,-4.568543036104822619e+01,-4.569124032236008759e+01,5.809961311861400191e-03
6.740000000000000568e+01,2.000000000000000111e-01,-4.568200320924298552e+01,-4.568779274686945513e+01,5.789537626469609677e-03
6.750000000000000000e+01,2.000000000000000111e-01,-4.567859319319676814e+01,-4.568436236623331581e+01,5.769173036547670108e-03
6.760000000000000853e+01,2.000000000000000111e-01,-4.567520022723078199e+01,-4.568094909469198228e+01,5.748867461200291018e-03
6.770000000000000284e+01,2.000000000000000111e-01,-4.567182422609462833e+01,-4.567755284691348550e+01,5.728620818857166341e-03
6.779999999999999716e+01,2.000000000000000111e-01,-4.566846510496415590e+01,-4.567417353799145019e+01,5.708433027294290696e-03
6.790000000000000568e+01,2.000000000000000111e-01,-4.566512277943933640e+01,-4.567081108344297036e+01,5.688304003633959383e-03
6.800000000000000000e+01,2.000000000000000111e-01,-4.566179716554213996e+01,-4.566746539920652026e+01,5.668233664380295522e-03
6.810000000000000853e+01,2.000000000000000111e-01,-4.565848817971443196e+01,-4.566413640163981569e+01,5.648221925383722919e-03
6.820000000000000284e+01,2.000000000000000111e-01,-4.565519573881586268e+01,-4.566082400751773918e+01,5.628268701876493196e-03
6.829999999999999716e+01,2.000000000000000111e-01,-4.565191976012178543e+01,-4.565752813403027233e+01,5.608373908486896653e-03
6.840000000000000568e+01,2.000000000000000111e-01,-4.564866016132117466e+01,-4.565424869878039260e+01,5.588537459217945980e-03
6.850000000000000000e+01,2.000000000000000111e-01,-4.564541686051456537e+01,-4.565098561978206959e+01,5.568759267504219679e-03
6.860000000000000853e+01,2.000000000000000111e-01,-4.564218977621199258e+01,-4.564773881545814049e+01,5.549039246147913218e-03
6.870000000000000284e+01,2.000000000000000111e-01,-4.563897882733093070e+01,-4.564450820463833480e+01,5.529377307404104158e-03
6.879999999999999716e+01,2.000000000000000111e-01,-4.563578393319427562e+01,-4.564129370655721374e+01,5.509773362938119590e-03
6.890000000000000568e+01,2.000000000000000111e-01,-4.563260501352830545e+01,-4.563809524085215941e+01,5.490227323853957841e-03
6.900000000000000000e+01,2.000000000000000111e-01,-4.562944198846066257e+01,-4.563491272756135686e+01,5.470739100694288481e-03
6.910000000000000853e+01,2.000000000000000111e-01,-4.562629477851835702e+01,-4.563174608712181168e+01,5.451308603454663171e-03
6.920000000000000284e+01,2.000000000000000111e-01,-4.562316330462576275e+01,-4.562859524036735337e+01,5.431935741590621092e-03
6.929999999999999716e+01,2.000000000000000111e-01,-4.562004748810263521e+01,-4.562546010852663869e+01,5.412620424003478092e-03
6.940000000000000568e+01,2.000000000000000111e-01,-4.561694725066212186e+01,-4.562234061322121903e+01,5.393362559097170106e-03
6.950000000000000000e+01,2.000000000000000111e-01,-4.561386251440880812e+01,-4.561923667646353664e+01,5.374162054728515159e-03
6.960000000000000853e+01,2.000000000000000111e-01,-4.561079320183676344e+01,-4.561614822065502040e+01,5.355018818256951363e-03
6.970000000000000284e+01,2.000000000000000111e-01,-4.560773923582758016e+01,-4.561307516858411049e+01,5.335932756530326060e-03
6.979999999999999716e+01,2.000000000000000111e-01,-4.560470053964844084e+01,-4.561001744342434705e+01,5.316903775906212104e-03
6.990000000000000568e+01,2.000000000000000111e-01,-4.560167703695019981e+01,-4.560697496873244461e+01,5.297931782244802434e-03
7.000000000000000000e+01,2.000000000000000111e-01,-4.559866865176545048e+01,-4.560394766844636649e+01,5.279016680916015503e-03
7.010000000000000853e+01,2.000000000000000111e-01,-4.559567530850662109e+01,-4.560093546688346322e+01,5.260158376842127836e-03
7.020000000000000284e+01,2.000000000000000111e-01,-4.559269693196408468e+01,-4.559793828873852561e+01,5.241356774440930621e-03
7.029999999999999716e+01,2.000000000000000111e-01,-4.558973344730426192e+01,-4.559495605908195159e+01,5.222611777689678547e-03
7.040000000000000568e+01,2.000000000000000111e-01,-4.558678478006773815e+01,-4.559198870335784193e+01,5.203923290103773525e-03
7.050000000000000000e+01,2.000000000000000111e-01,-4.558385085616740184e+01,-4.558903614738214571e+01,5.185291214743870114e-03
7.060000000000000853e+01,2.000000000000000111e-01,-4.558093160188656157e+01,-4.558609831734081297e+01,5.166715454251402662e-03
7.070000000000000284e+01,2.000000000000000111e-01,-4.557802694387712705e+01,-4.558317513978794011e+01,5.148195910813058163e-03
7.079999999999999716e+01,2.000000000000000111e-01,-4.557513680915774046e+01,-4.558026654164393676e+01,5.129732486196303398e-03
7.090000000000000568e+01,2.000000000000000111e-01,-4.557226112511195026e+01,-4.557737245019369965e+01,5.111325081749384935e-03
7.100000000000000000e+01,2.000000000000000111e-01,-4.556939981948639229e+01,-4.557449279308478651e+01,5.092973598394223700e-03
7.110000000000000853e+01,2.000000000000000111e-01,-4.556655282038896360e+01,-4.557162749832562554e+01,5.074677936661942113e-03
7.120000000000000284e+01,2.000000000000000111e-01,-4.556372005628701771e+01,-4.556877649428368926e+01,5.056437996671547808e-03
7.129999999999999716e+01,2.000000000000000111e-01,-4.556090145600558117e+01,-4.556593970968373242e+01,5.038253678151249915e-03
7.140000000000000568e+01,2.000000000000000111e-01,-4.555809694872555582e+01,-4.556311707360600138e+01,5.020124880445564486e-03
7.150000000000000000e+01,2.000000000000000111e-01,-4.555530646398192829e+01,-4.556030851548443650e+01,5.002051502508209069e-03
7.160000000000000853e+01,2.000000000000000111e-01,-4.555252993166202202e+01,-4.555751396510494544e+01,4.984033442923418988e-03
7.170000000000000284e+01,2.000000000000000111e-01,-4.554976728200371383e+01,-4.555473335260360557e+01,4.966070599891736492e-03
7.179999999999999716e+01,2.000000000000000111e-01,-4.554701844559369306e+01,-4.555196660846498702e+01,4.948162871293959597e-03
7.190000000000000568e+01,2.000000000000000111e-01,-4.554428335336572786e+01,-4.554921366352031953e+01,4.930310154591666105e-03
7.200000000000000000e+01,2.000000000000000111e-01,-4.554156193659889595e+01,-4.554647444894585107e+01,4.912512346955111298e-03
7.210000000000000853e+01,2.000000000000000111e-01,-4.553885412691590062e+01,-4.554374889626106437e+01,4.894769345163751950e-03
7.220000000000000284e+01,2.000000000000000111e-01,-4.553615985628132279e+01,-4.554103693732700719e+01,4.877081045684406035e-03
7.229999999999999716e+01,2.000000000000000111e-01,-4.553347905699991571e+01,-4.553833850434456565e+01,4.859447344649936440e-03
7.240000000000000568e+01,2.000000000000000111e-01,-4.553081166171491390e+01,-4.553565352985276604e+01,4.841868137852145537e-03
7.250000000000000000e+01,2.000000000000000111e-01,-4.552815760340634199e+01,-4.553298194672710508e+01,4.824343320763091469e-03
7.260000000000000853e+01,2.000000000000000111e-01,-4.552551681538930950e+01,-4.553032368817788722e+01,4.806872788577720712e-03
7.270000000000000284e+01,2.000000000000000111e-01,-4.552288923131236231e+01,-4.552767868774848381e+01,4.789456436121497518e-03
7.279999999999999716e+01,2.000000000000000111e-01,-4.552027478515579872e+01,-4.552504687931376282e+01,4.772094157964090755e-03
7.290000000000000568e+01,2.000000000000000111e-01,-4.551767341123002097e+01,-4.552242819707836219e+01,4.754785848341214205e-03
7.300000000000000000e+01,2.000000000000000111e-01,-4.551508504417387257e+01,-4.551982257557510536e+01,4.737531401232786266e-03
7.310000000000000853e+01,2.000000000000000111e-01,-4.551250961895300406e+01,-4.551722994966331015e+01,4.720330710306086530e-03
7.320000000000000284e+01,2.000000000000000111e-01,-4.550994707085823876e+01,-4.551465025452719715e+01,4.703183668958388353e-03
7.329999999999999716e+01,2.000000000000000111e-01,-4.550739733550394561e+01,-4.551208342567424836e+01,4.686090170302747993e-03
7.340000000000000568e+01,2.000000000000000111e-01,-4.550486034882642628e+01,-4.550952939893362270e+01,4.669050107196426325e-03
7.350000000000000000e+01,2.000000000000000111e-01,-4.550233604708229507e+01,-4.550698811045450043e+01,4.652063372205361702e-03
7.360000000000000853e+01,2.000000000000000111e-01,-4.549982436684688025e+01,-4.550445949670454127e+01,4.635129857661013375e-03
7.370000000000000284e+01,2.000000000000000111e-01,-4.549732524501264663e+01,-4.550194349446827857e+01,4.618249455631939782e-03
7.379999999999999716e+01,2.000000000000000111e-01,-4.549483861878758262e+01,-4.549944004084552063e+01,4.601422057938009402e-03
7.390000000000000568e+01,2.000000000000000111e-01,-4.549236442569364414e+01,-4.549694907324979454e+01,4.584647556150400760e-03
7.400000000000000000e+01,2.000000000000000111e-01,-4.548990260356517723e+01,-4.549447052940678304e+01,4.567925841605813275e-03
7.410000000000000853e+01,2.000000000000000111e-01,-4.548745309054735486e+01,-4.549200434735276133e+01,4.551256805406467265e-03
7.420000000000000284e+01,2.000000000000000111e-01,-4.548501582509462082e+01,-4.548955046543305514e+01,4.534640338434314799e-03
7.429999999999999716e+01,2.000000000000000111e-01,-4.548259074596914786e+01,-4.548710882230047048e+01,4.518076331322617989e-03
7.440000000000000568e+01,2.000000000000000111e-01,-4.548017779223930290e+01,-4.548467935691382280e+01,4.501564674519897835e-03
7.450000000000000000e+01,2.000000000000000111e-01,-4.547777690327810518e+01,-4.548226200853633827e+01,4.485105258233090808e-03
7.460000000000000853e+01,2.000000000000000111e-01,-4.547538801876171277e+01,-4.547985671673418295e+01,4.468697972470181412e-03
7.470000000000000284e+01,2.000000000000000111e-01,-4.547301107866790204e+01,-4.547746342137493514e+01,4.452342707033096758e-03
7.479999999999999716e+01,2.000000000000000111e-01,-4.547064602327456129e+01,-4.547508206262610031e+01,4.436039351539022846e-03
7.490000000000000568e+01,2.000000000000000111e-01,-4.546829279315819150e+01,-4.547271258095356927e+01,4.419787795377771999e-03
7.500000000000000000e+01,2.000000000000000111e-01,-4.546595132919240001e+01,-4.547035491712018285e+01,4.403587927782837141e-03
7.510000000000000853e+01,2.000000000000000111e-01,-4.546362157254643677e+01,-4.546800901218422553e+01,4.387439637788759228e-03
7.520000000000000284e+01,2.000000000000000111e-01,-4.546130346468370220e+01,-4.546567480749794044e+01,4.371342814238232677e-03
7.529999999999999716e+01,2.000000000000000111e-01,-4.545899694736028351e+01,-4.546335224470610115e+01,4.355297345817632504e-03
7.540000000000000568e+01,2.000000000000000111e-01,-4.545670196262348384e+01,-4.546104126574451243e+01,4.339303121028592614e-03
7.550000000000000000e+01,2.000000000000000111e-01,-4.545441845281036564e+01,-4.545874181283858206e+01,4.323360028216427509e-03
7.560000000000000853e+01,2.000000000000000111e-01,-4.545214636054631541e+01,-4.545645382850186422e+01,4.307467955548816008e-03
7.570000000000000284e+01,2.000000000000000111e-01,-4.544988562874358706e+01,-4.545417725553463129e+01,4.291626791044222955e-03
7.579999999999999716e+01,2.000000000000000111e-01,-4.544763620059986664e+01,-4.545191203702243854e+01,4.275836422571899220e-03
7.590000000000000568e+01,2.000000000000000111e-01,-4.544539801959686542e+01,-4.544965811633471020e+01,4.260096737844776271e-03
7.600000000000000000e+01,2.000000000000000111e-01,-4.544317102949888465e+01,-4.544741543712331122e+01,4.244407624426571601e-03
7.610000000000000853e+01,2.000000000000000111e-01,-4.544095517435138731e+01,-4.544518394332114042e+01,4.228768969753105011e-03
7.620000000000000284e+01,2.000000000000000111e-01,-4.543875039847962682e+01,-4.544296357914075202e+01,4.213180661125193183e-03
7.629999999999999716e+01,2.000000000000000111e-01,-4.543655664648722592e+01,-4.544075428907289904e+01,4.197642585673122539e-03
7.640000000000000568e+01,2.000000000000000111e-01,-4.543437386325479110e+01,-4.543855601788523302e+01,4.182154630441914378e-03
7.650000000000000000e+01,2.000000000000000111e-01,-4.543220199393851999e+01,-4.543636871062085447e+01,4.166716682334481447e-03
7.660000000000000853e+01,2.000000000000000111e-01,-4.543004098396882995e+01,-4.543419231259697000e+01,4.151328628140049659e-03
7.670000000000000284e+01,2.000000000000000111e-01,-4.542789077904898676e+01,-4.543202676940352092e+01,4.135990354534158087e-03
7.680000000000001137e+01,2.000000000000000111e-01,-4.542575132515374037e+01,-4.542987202690179771e+01,4.120701748057342684e-03
7.690000000000000568e+01,2.000000000000000111e-01,-4.542362256852797486e+01,-4.542772803122313974e+01,4.105462695164874276e-03
7.700000000000000000e+01,2.000000000000000111e-01,-4.542150445568533712e+01,-4.542559472876754256e+01,4.090273082205442279e-03
7.710000000000000853e+01,2.000000000000000111e-01,-4.541939693340690809e+01,-4.542347206620232924e+01,4.075132795421154697e-03
7.720000000000000284e+01,2.000000000000000111e-01,-4.541729994873987408e+01,-4.542135999046082873e+01,4.060041720954643552e-03
7.730000000000001137e+01,2.000000000000000111e-01,-4.541521344899617674e+01,-4.541925844874103291e+01,4.044999744856170310e-03
7.740000000000000568e+01,2.000000000000000111e-01,-4.541313738175119852e+01,-4.541716738850429635e+01,4.030006753097836736e-03
7.750000000000000000e+01,2.000000000000000111e-01,-4.541107169484244110e+01,-4.541508675747399337e+01,4.015062631552268613e-03
7.760000000000000853e+01,2.000000000000000111e-01,-4.540901633636823220e+01,-4.541301650363425324e+01,4.000167266021037449e-03
7.770000000000000284e+01,2.000000000000000111e-01,-4.540697125468638973e+01,-4.541095657522861018e+01,3.985320542220449624e-03
7.780000000000001137e+01,2.000000000000000111e-01,-4.540493639841295703e+01,-4.540890692075875279e+01,3.970522345795757246e-03
7.790000000000000568e+01,2.000000000000000111e-01,-4.540291171642089552e+01,-4.540686748898320957e+01,3.955772562314052720e-03
7.800000000000000000e+01,2.000000000000000111e-01,-4.540089715783879143e+01,-4.540483822891609123e+01,3.941071077299795888e-03
7.810000000000000853e+01,2.000000000000000111e-01,-4.539889267204959822e+01,-4.540281908982576908e+01,3.926417776170865181e-03
7.820000000000000284e+01,2.000000000000000111e-01,-4.539689820868935044e+01,-4.540081002123368137e+01,3.911812544330928176e-03
7.830000000000001137e+01,2.000000000000000111e-01,-4.539491371764590610e+01,-4.539881097291299739e+01,3.897255267091281894e-03
7.840000000000000568e+01,2.000000000000000111e-01,-4.539293914905767480e+01,-4.539682189488740960e+01,3.882745829734801646e-03
7.850000000000000000e+01,2.000000000000000111e-01,-4.539097445331238845e+01,-4.539484273742985465e+01,3.868284117466203043e-03
7.860000000000000853e+01,2.000000000000000111e-01,-4.538901958104582945e+01,-4.539287345106130545e+01,3.853870015475990840e-03
7.870000000000000284e+01,2.000000000000000111e-01,-4.538707448314060144e+01,-4.539091398654949217e+01,3.839503408890720948e-03
7.880000000000001137e+01,2.000000000000000111e-01,-4.538513911072490004e+01,-4.538896429490770856e+01,3.825184182808527567e-03
7.890000000000000568e+01,2.000000000000000111e-01,-4.538321341517127649e+01,-4.538702432739355430e+01,3.810912222277806904e-03
7.900000000000000000e+01,2.000000000000000111e-01,-4.538129734809542271e+01,-4.538509403550773413e+01,3.796687412311428034e-03
7.910000000000000853e+01,2.000000000000000111e-01,-4.537939086135494904e+01,-4.538317337099286419e+01,3.782509637915154599e-03
7.920000000000000284e+01,2.000000000000000111e-01,-4.537749390704817642e+01,-4.538126228583223565e+01,3.768378784059223108e-03
7.930000000000001137e+01,2.000000000000000111e-01,-4.537560643751293554e+01,-4.537936073224859967e+01,3.754294735664132077e-03
7.940000000000000568e+01,2.000000000000000111e-01,-4.537372840532537310e+01,-4.537746866270303059e+01,3.740257377657485449e-03
7.950000000000000000e+01,2.000000000000000111e-01,-4.537185976329874393e+01,-4.537558602989368950e+01,3.726266594945570887e-03
7.960000000000000853e+01,2.000000000000000111e-01,-4.537000046448225277e+01,-4.537371278675465192e+01,3.712322272399148915e-03
7.970000000000000284e+01,2.000000000000000111e-01,-4.536815046215983926e+01,-4.537184888645475667e+01,3.698424294917401767e-03
7.980000000000001137e+01,2.000000000000000111e-01,-4.536630970984904110e+01,-4.536999428239638377e+01,3.684572547342668258e-03
7.990000000000000568e+01,2.000000000000000111e-01,-4.536447816129979316e+01,-4.536814892821434597e+01,3.670766914552814342e-03
8.000000000000000000e+01,2.000000000000000111e-01,-4.536265577049329067e+01,-4.536631277777468085e+01,3.657007281390178832e-03
8.010000000000000853e+01,2.000000000000000111e-01,-4.536084249164082394e+01,-4.536448578517354235e+01,3.643293532718416827e-03
8.020000000000000284e+01,2.000000000000000111e-01,-4.535903827918262010e+01,-4.536266790473602128e+01,3.629625553401183424e-03
8.030000000000001137e+01,2.000000000000000111e-01,-4.535724308778670633e+01,-4.536085909101500135e+01,3.616003228295028293e-03
8.040000000000000568e+01,2.000000000000000111e-01,-4.535545687234777290e+01,-4.535905929879005782e+01,3.602426442284922814e-03
8.050000000000000000e+01,2.000000000000000111e-01,-4.535367958798603638e+01,-4.535726848306627801e+01,3.588895080241627511e-03
8.060000000000000853e+01,2.000000000000000111e-01,-4.535191119004610272e+01,-4.535548659907318836e+01,3.575409027085640901e-03
8.070000000000000284e+01,2.000000000000000111e-01,-4.535015163409587302e+01,-4.535371360226358917e+01,3.561968167716145217e-03
8.080000000000001137e+01,2.000000000000000111e-01,-4.534840087592539248e+01,-4.535194944831246744e+01,3.548572387074955259e-03
8.090000000000000568e+01,2.000000000000000111e-01,-4.534665887154576325e+01,-4.535019409311588845e+01,3.535221570125202106e-03
8.100000000000000000e+01,2.000000000000000111e-01,-4.534492557718803596e+01,-4.534844749278987308e+01,3.521915601837122267e-03
8.110000000000000853e+01,2.000000000000000111e-01,-4.534320094930209422e+01,-4.534670960366932491e+01,3.508654367230690241e-03
8.120000000000000284e+01,2.000000000000000111e-01,-4.534148494455558165e+01,-4.534498038230692885e+01,3.495437751347196809e-03
8.130000000000001137e+01,2.000000000000000111e-01,-4.533977751983280058e+01,-4.534325978547205693e+01,3.482265639256354461e-03
8.140000000000000568e+01,2.000000000000000111e-01,-4.533807863223363910e+01,-4.534154777014969540e+01,3.469137916056297399e-03
8.150000000000000000e+01,2.000000000000000111e-01,-4.533638823907246973e+01,-4.533984429353938594e+01,3.456054466916214096e-03
8.160000000000000853e+01,2.000000000000000111e-01,-4.533470629787710493e+01,-4.533814931305410312e+01,3.443015176998187599e-03
8.170000000000000284e+01,2.000000000000000111e-01,-4.533303276638771706e+01,-4.533646278631926663e+01,3.430019931549566081e-03
8.180000000000001137e+01,2.000000000000000111e-01,-4.533136760255577968e+01,-4.533478467117161159e+01,3.417068615831908573e-03
8.190000000000000568e+01,2.000000000000000111e-01,-4.532971076454300174e+01,-4.533311492565817247e+01,3.404161115170722951e-03
8.200000000000000000e+01,2.000000000000000111e-01,-4.532806221072029018e+01,-4.533145350803522433e+01,3.391297314934149654e-03
8.210000000000000853e+01,2.000000000000000111e-01,-4.532642189966669122e+01,-4.532980037676723839e+01,3.378477100547172540e-03
8.220000000000000284e+01,2.000000000000000111e-01,-4.532478979016836007e+01,-4.532815549052585169e+01,3.365700357491618888e-03
8.230000000000001137e+01,2.000000000000000111e-01,-4.532316584121751646e+01,-4.532651880818882262e+01,3.352966971306159394e-03
8.240000000000000568e+01,2.000000000000000111e-01,-4.532155001201142852e+01,-4.532489028883900062e+01,3.340276827572097318e-03
8.250000000000000000e+01,2.000000000000000111e-01,-4.531994226195136832e+01,-4.532326989176331722e+01,3.327629811948895622e-03
8.260000000000000853e+01,2.000000000000000111e-01,-4.531834255064160999e+01,-4.532165757645176996e+01,3.315025810159966113e-03
8.270000000000000284e+01,2.000000000000000111e-01,-4.531675083788839942e+01,-4.532005330259638498e+01,3.302464707985564019e-03
8.280000000000001137e+01,2.000000000000000111e-01,-4.531516708369895952e+01,-4.531845703009022941e+01,3.289946391269893411e-03
8.290000000000000568e+01,2.000000000000000111e-01,-4.531359124828046703e+01,-4.531686871902642366e+01,3.277470745956634346e-03
8.300000000000000000e+01,2.000000000000000111e-01,-4.531202329203906487e+01,-4.531528832969708986e+01,3.265037658024994016e-03
8.310000000000000853e+01,2.000000000000000111e-01,-4.531046317557886738e+01,-4.531371582259242103e+01,3.252647013553655597e-03
8.320000000000000284e+01,2.000000000000000111e-01,-4.530891085970097265e+01,-4.531215115839965790e+01,3.240298698685251111e-03
8.330000000000001137e+01,2.000000000000000111e-01,-4.530736630540246779e+01,-4.531059429800210836e+01,3.227992599640572280e-03
8.340000000000000568e+01,2.000000000000000111e-01,-4.530582947387545545e+01,-4.530904520247818823e+01,3.215728602732781383e-03
8.350000000000000000e+01,2.000000000000000111e-01,-4.530430032650608041e+01,-4.530750383310042650e+01,3.203506594346094971e-03
8.360000000000000853e+01,2.000000000000000111e-01,-4.530277882487354901e+01,-4.530597015133450611e+01,3.191326460957100153e-03
8.370000000000000284e+01,2.000000000000000111e-01,-4.530126493074918415e+01,-4.530444411883831179e+01,3.179188089127649164e-03
8.380000000000001137e+01,2.000000000000000111e-01,-4.529975860609543759e+01,-4.530292569746094244e+01,3.167091365504859368e-03
8.390000000000000568e+01,2.000000000000000111e-01,-4.529825981306495919e+01,-4.530141484924178030e+01,3.155036176821113258e-03
8.400000000000000000e+01,2.000000000000000111e-01,-4.529676851399963766e+01,-4.529991153640955304e+01,3.143022409915374737e-03
8.410000000000000853e+01,2.000000000000000111e-01,-4.529528467142964132e+01,-4.529841572138136030e+01,3.131049951718978264e-03
8.420000000000000284e+01,2.000000000000000111e-01,-4.529380824807249439e+01,-4.529692736676173581e+01,3.119118689241417997e-03
8.430000000000001137e+01,2.000000000000000111e-01,-4.529233920683213199e+01,-4.529544643534175208e+01,3.107228509620085788e-03
8.440000000000000568e+01,2.000000000000000111e-01,-4.529087751079796931e+01,-4.529397289009803274e+01,3.095379300063427763e-03
8.450000000000000000e+01,2.000000000000000111e-01,-4.528942312324397790e+01,-4.529250669419188569e+01,3.083570947907787740e-03
8.460000000000000853e+01,2.000000000000000111e-01,-4.528797600762775488e+01,-4.529104781096832255e+01,3.071803340567669238e-03
8.470000000000000284e+01,2.000000000000000111e-01,-4.528653612758961344e+01,-4.528959620395519181e+01,3.060076365578368041e-03
8.480000000000001137e+01,2.000000000000000111e-01,-4.528510344695166623e+01,-4.528815183686224799e+01,3.048389910581761342e-03
8.490000000000000568e+01,2.000000000000000111e-01,-4.528367792971690875e+01,-4.528671467358023506e+01,3.036743863326307746e-03
8.500000000000000000e+01,2.000000000000000111e-01,-4.528225954006832410e+01,-4.528528467817998404e+01,3.025138111659941842e-03
8.510000000000000853e+01,2.000000000000000111e-01,-4.528084824236798056e+01,-4.528386181491155327e+01,3.013572543572706763e-03
8.520000000000000284e+01,2.000000000000000111e-01,-4.527944400115614343e+01,-4.528244604820328334e+01,3.002047047139910774e-03
8.530000000000001137e+01,2.000000000000000111e-01,-4.527804678115036552e+01,-4.528103734266092317e+01,2.990561510557654401e-03
8.540000000000000568e+01,2.000000000000000111e-01,-4.527665654724461319e+01,-4.527963566306677023e+01,2.979115822157041293e-03
8.550000000000000000e+01,2.000000000000000111e-01,-4.527527326450839240e+01,-4.527824097437874684e+01,2.967709870354440227e-03
8.560000000000000853e+01,2.000000000000000111e-01,-4.527389689818585339e+01,-4.527685324172959014e+01,2.956343543736750235e-03
8.570000000000000284e+01,2.000000000000000111e-01,-4.527252741369492384e+01,-4.527547243042589287e+01,2.945016730969030050e-03
8.580000000000001137e+01,2.000000000000000111e-01,-4.527116477662644911e+01,-4.527409850594729335e+01,2.933729320844236099e-03
8.590000000000000568e+01,2.000000000000000111e-01,-4.526980895274331829e+01,-4.527273143394563704e+01,2.922481202318749638e-03
8.600000000000000000e+01,2.000000000000000111e-01,-4.526845990797960440e+01,-4.527137118024401730e+01,2.911272264412900768e-03
8.610000000000000853e+01,2.000000000000000111e-01,-4.526711760843970467e+01,-4.527001771083604353e+01,2.900102396338866129e-03
8.620000000000000284e+01,2.000000000000000111e-01,-4.526578202039750920e+01,-4.526867099188490329e+01,2.888971487394087490e-03
8.630000000000001137e+01,2.000000000000000111e-01,-4.526445311029551988e+01,-4.526733098972255931e+01,2.877879427039431448e-03
8.640000000000000568e+01,2.000000000000000111e-01,-4.526313084474404036e+01,-4.526599767084887560e+01,2.866826104835240585e-03
8.650000000000000000e+01,2.000000000000000111e-01,-4.526181519052032343e+01,-4.526467100193082160e+01,2.855811410498176883e-03
8.660000000000000853e+01,2.000000000000000111e-01,-4.526050611456771833e+01,-4.526335094980159113e+01,2.844835233872800018e-03
8.670000000000000284e+01,2.000000000000000111e-01,-4.525920358399488208e+01,-4.526203748145983496e+01,2.833897464952883638e-03
8.680000000000001137e+01,2.000000000000000111e-01,-4.525790756607490550e+01,-4.526073056406875139e+01,2.822997993845888232e-03
8.690000000000000568e+01,2.000000000000000111e-01,-4.525661802824453162e+01,-4.525943016495536142e+01,2.812136710829804542e-03
8.700000000000000000e+01,2.000000000000000111e-01,-4.525533493810331009e+01,-4.525813625160959930e+01,2.801313506289204724e-03
8.710000000000000853e+01,2.000000000000000111e-01,-4.525405826341279436e+01,-4.525684879168356645e+01,2.790528270772085762e-03
8.720000000000000284e+01,2.000000000000000111e-01,-4.525278797209573156e+01,-4.525556775299071433e+01,2.779780894982764039e-03
8.730000000000001137e+01,2.000000000000000111e-01,-4.525152403223525255e+01,-4.525429310350499179e+01,2.769071269739242780e-03
8.740000000000000568e+01,2.000000000000000111e-01,-4.525026641207407607e+01,-4.525302481136010613e+01,2.758399286030055464e-03
8.750000000000000000e+01,2.000000000000000111e-01,-4.524901508001370587e+01,-4.525176284484868461e+01,2.747764834978738691e-03
8.760000000000000853e+01,2.000000000000000111e-01,-4.524777000461363485e+01,-4.525050717242149290e+01,2.737167807858043034e-03
8.770000000000000284e+01,2.000000000000000111e-01,-4.524653115459056352e+01,-4.524925776268665345e+01,2.726608096089933042e-03
8.780000000000001137e+01,2.000000000000000111e-01,-4.524529849881761123e+01,-4.524801458440886393e+01,2.716085591252692666e-03
8.790000000000000568e+01,2.000000000000000111e-01,-4.524407200632352044e+01,-4.524677760650860847e+01,2.705600185088030685e-03
8.800000000000000000e+01,2.000000000000000111e-01,-4.524285164629190348e+01,-4.524554679806136903e+01,2.695151769465553571e-03
8.810000000000000853e+01,2.000000000000000111e-01,-4.524163738806044677e+01,-4.524432212829687217e+01,2.684740236425398052e-03
8.820000000000000284e+01,2.000000000000000111e-01,-4.524042920112014343e+01,-4.524310356659830035e+01,2.674365478156914833e-03
8.830000000000001137e+01,2.000000000000000111e-01,-4.523922705511454012e+01,-4.524189108250155300e+01,2.664027387012879444e-03
8.840000000000000568e+01,2.000000000000000111e-01,-4.523803091983896962e+01,-4.524068464569447201e+01,2.653725855502386821e-03
8.850000000000000000e+01,2.000000000000000111e-01,-4.523684076523977637e+01,-4.523948422601607433e+01,2.643460776297956727e-03
8.860000000000000853e+01,2.000000000000000111e-01,-4.523565656141357749e+01,-4.523828979345579171e+01,2.633232042214217472e-03
8.870000000000000284e+01,2.000000000000000111e-01,-4.523447827860650960e+01,-4.523710131815276014e+01,2.623039546250538478e-03
8.880000000000001137e+01,2.000000000000000111e-01,-4.523330588721347567e+01,-4.523591877039503117e+01,2.612883181555503143e-03
8.890000000000000568e+01,2.000000000000000111e-01,-4.523213935777740602e+01,-4.523474212061884714e+01,2.602762841441119690e-03
8.900000000000000000e+01,2.000000000000000111e-01,-4.523097866098851938e+01,-4.523357133940790931e+01,2.592678419389926603e-03
8.910000000000000853e+01,2.000000000000000111e-01,-4.522982376768357682e+01,-4.523240639749261760e+01,2.582629809040781765e-03
8.920000000000000284e+01,2.000000000000000111e-01,-4.522867464884515698e+01,-4.523124726574937426e+01,2.572616904217284173e-03
8.930000000000001137e+01,2.000000000000000111e-01,-4.522753127560093134e+01,-4.523009391519980937e+01,2.562639598878035940e-03
8.940000000000000568e+01,2.000000000000000111e-01,-4.522639361922292522e+01,-4.522894631701011292e+01,2.552697787187696576e-03
8.950000000000000000e+01,2.000000000000000111e-01,-4.522526165112680729e+01,-4.522780444249026743e+01,2.542791363460139564e-03
8.960000000000000853e+01,2.000000000000000111e-01,-4.522413534287117187e+01,-4.522666826309334454e+01,2.532920222172663216e-03
8.970000000000000284e+01,2.000000000000000111e-01,-4.522301466615681420e+01,-4.522553775041480861e+01,2.523084257994412383e-03
8.980000000000001137e+01,2.000000000000000111e-01,-4.522189959282602700e+01,-4.522441287619177785e+01,2.513283365750851317e-03
8.990000000000000568e+01,2.000000000000000111e-01,-4.522079009486189705e+01,-4.522329361230234213e+01,2.503517440445079956e-03
9.000000000000000000e+01,2.000000000000000111e-01,-4.521968614438758749e+01,-4.522217993076484532e+01,2.493786377257833919e-03
9.010000000000000853e+01,2.000000000000000111e-01,-4.521858771366564866e+01,-4.522107180373718904e+01,2.484090071540379085e-03
9.020000000000000284e+01,2.000000000000000111e-01,-4.521749477509732174e+01,-4.521996920351613625e+01,2.474428418814511588e-03
9.030000000000001137e+01,2.000000000000000111e-01,-4.521640730122183527e+01,-4.521887210253663625e+01,2.464801314800979526e-03
9.040000000000000568e+01,2.000000000000000111e-01,-4.521532526471572311e+01,-4.521778047337109285e+01,2.455208655369744974e-03
9.050000000000000000e+01,2.000000000000000111e-01,-4.521424863839214225e+01,-4.521669428872871777e+01,2.445650336575511119e-03
9.060000000000000853e+01,2.000000000000000111e-01,-4.521317739520018364e+01,-4.521561352145486268e+01,2.436126254679038539e-03
9.070000000000000284e+01,2.000000000000000111e-01,-4.521211150822418290e+01,-4.521453814453026609e+01,2.426636306083196359e-03
9.080000000000001137e+01,2.000000000000000111e-01,-4.521105095068305957e+01,-4.521346813107045648e+01,2.417180387396911101e-03
9.090000000000000568e+01,2.000000000000000111e-01,-4.520999569592964207e+01,-4.521240345432504171e+01,2.407758395399639539e-03
9.100000000000000000e+01,2.000000000000000111e-01,-4.520894571744999269e+01,-4.521134408767704826e+01,2.398370227055579562e-03
9.110000000000000853e+01,2.000000000000000111e-01,-4.520790098886273967e+01,-4.521029000464226044e+01,2.389015779520775595e-03
9.120000000000000284e+01,2.000000000000000111e-01,-4.520686148391842352e+01,-4.520924117886853821e+01,2.379694950114696894e-03
9.130000000000001137e+01,2.000000000000000111e-01,-4.520582717649882909e+01,-4.520819758413517775e+01,2.370407636348659253e-03
9.140000000000000568e+01,2.000000000000000111e-01,-4.520479804061633189e+01,-4.520715919435227192e+01,2.361153735940035858e-03
9.150000000000000000e+01,2.000000000000000111e-01,-4.520377405041325147e+01,-4.520612598356001399e+01,2.351933146762519300e-03
9.160000000000000853e+01,2.000000000000000111e-01,-4.520275518016118355e+01,-4.520509792592807941e+01,2.342745766895859560e-03
9.170000000000000284e+01,2.000000000000000111e-01,-4.520174140426037468e+01,-4.520407499575497923e+01,2.333591494604547734e-03
9.180000000000001137e+01,2.000000000000000111e-01,-4.520073269723907572e+01,-4.520305716746739222e+01,2.324470228316499743e-03
9.190000000000000568e+01,2.000000000000000111e-01,-4.519972903375288098e+01,-4.520204441561957509e+01,2.315381866694110613e-03
9.200000000000000000e+01,2.000000000000000111e-01,-4.519873038858411718e+01,-4.520103671489266617e+01,2.306326308548989346e-03
9.210000000000000853e+01,2.000000000000000111e-01,-4.519773673664119684e+01,-4.520003404009410986e+01,2.297303452913013189e-03
9.220000000000000284e+01,2.000000000000000111e-01,-4.519674805295799302e+01,-4.519903636615696740e+01,2.288313198974378793e-03
9.230000000000001137e+01,2.000000000000000111e-01,-4.519576431269319983e+01,-4.519804366813934848e+01,2.279355446148656483e-03
9.240000000000000568e+01,2.000000000000000111e-01,-4.519478549112973553e+01,-4.519705592122375037e+01,2.270430094014841416e-03
9.250000000000000000e+01,2.000000000000000111e-01,-4.519381156367408892e+01,-4.519607310071643269e+01,2.261537042343775283e-03
9.260000000000000853e+01,2.000000000000000111e-01,-4.519284250585571527e+01,-4.519509518204685605e+01,2.252676191140778883e-03
9.270000000000000284e+01,2.000000000000000111e-01,-4.519187829332643958e+01,-4.519412214076699286e+01,2.243847440553281558e-03
9.280000000000001137e+01,2.000000000000000111e-01,-4.519091890185980986e+01,-4.519315395255075885e+01,2.235050690948980900e-03
9.290000000000000568e+01,2.000000000000000111e-01,-4.518996430735050751e+01,-4.519219059319339493e+01,2.226285842887421040e-03
9.300000000000000000e+01,2.000000000000000111e-01,-4.518901448581375746e+01,-4.519123203861087035e+01,2.217552797112887220e-03
9.310000000000000853e+01,2.000000000000000111e-01,-4.518806941338468874e+01,-4.519027826483927157e+01,2.208851454582827500e-03
9.320000000000000284e+01,2.000000000000000111e-01,-4.518712906631776605e+01,-4.518932924803420548e+01,2.200181716439431057e-03
9.330000000000001137e+01,2.000000000000000111e-01,-4.518619342098617864e+01,-4.518838496447020248e+01,2.191543484023839028e-03
9.340000000000000568e+01,2.000000000000000111e-01,-4.518526245388125062e+01,-4.518744539054011966e+01,2.182936658869039093e-03
9.350000000000000000e+01,2.000000000000000111e-01,-4.518433614161184408e+01,-4.518651050275456527e+01,2.174361142721181750e-03
9.360000000000000853e+01,2.000000000000000111e-01,-4.518341446090378355e+01,-4.518558027774129471e+01,2.165816837511158610e-03
9.370000000000000284e+01,2.000000000000000111e-01,-4.518249738859926623e+01,-4.518465469224463504e+01,2.157303645368813250e-03
9.380000000000001137e+01,2.000000000000000111e-01,-4.518158490165627228e+01,-4.518373372312488812e+01,2.148821468615835784e-03
9.390000000000000568e+01,2.000000000000000111e-01,-4.518067697714798925e+01,-4.518281734735779764e+01,2.140370209808395430e-03
9.400000000000000000e+01,2.000000000000000111e-01,-4.517977359226225076e+01,-4.518190554203391684e+01,2.131949771666086235e-03
9.410000000000000853e+01,2.000000000000000111e-01,-4.517887472430093965e+01,-4.518099828435805421e+01,2.123560057114559640e-03
9.420000000000000284e+01,2.000000000000000111e-01,-4.517798035067943374e+01,-4.518009555164873348e+01,2.115200969299735334e-03
9.430000000000001137e+01,2.000000000000000111e-01,-4.517709044892603742e+01,-4.517919732133758259e+01,2.106872411545168688e-03
9.440000000000000568e+01,2.000000000000000111e-01,-4.517620499668140610e+01,-4.517830357096879368e+01,2.098574287387577897e-03
9.450000000000000000e+01,2.000000000000000111e-01,-4.517532397169799907e+01,-4.517741427819856881e+01,2.090306500569738546e-03
9.460000000000000853e+01,2.000000000000000111e-01,-4.517444735183951110e+01,-4.517652942079453737e+01,2.082068955026272761e-03
9.470000000000000284e+01,2.000000000000000111e-01,-4.517357511508031109e+01,-4.517564897663521606e+01,2.073861554904965487e-03
9.480000000000001137e+01,2.000000000000000111e-01,-4.517270723950490918e+01,-4.517477292370946884e+01,2.065684204559659065e-03
9.490000000000000568e+01,2.000000000000000111e-01,-4.517184370330738119e+01,-4.517390124011591013e+01,2.057536808528936945e-03
9.500000000000000000e+01,2.000000000000000111e-01,-4.517098448479084283e+01,-4.517303390406240737e+01,2.049419271564545397e-03
9.510000000000000853e+01,2.000000000000000111e-01,-4.517012956236688836e+01,-4.517217089386552686e+01,2.041331498638498942e-03
9.520000000000000284e+01,2.000000000000000111e-01,-4.516927891455505062e+01,-4.517131218794996528e+01,2.033273394914658638e-03
9.530000000000001137e+01,2.000000000000000111e-01,-4.516843251998227515e+01,-4.517045776484800967e+01,2.025244865734521227e-03
9.540000000000000568e+01,2.000000000000000111e-01,-4.516759035738236605e+01,-4.516960760319906854e+01,2.017245816702484262e-03
9.550000000000000000e+01,2.000000000000000111e-01,-4.516675240559545301e+01,-4.516876168174903228e+01,2.009276153579264701e-03
9.560000000000000853e+01,2.000000000000000111e-01,-4.516591864356747266e+01,-4.516791997934983272e+01,2.001335782360058602e-03
9.570000000000000284e+01,2.000000000000000111e-01,-4.516508905034963561e+01,-4.516708247495886042e+01,1.993424609224803135e-03
9.580000000000001137e+01,2.000000000000000111e-01,-4.516426360509788651e+01,-4.516624914763846022e+01,1.985542540573703718e-03
9.590000000000000568e+01,2.000000000000000111e-01,-4.516344228707239949e+01,-4.516541997655541252e+01,1.977689483013023164e-03
9.600000000000000000e+01,2.000000000000000111e-01,-4.516262507563703821e+01,-4.516459494098040039e+01,1.969865343362187105e-03
9.610000000000000853e+01,2.000000000000000111e-01,-4.516181195025885131e+01,-4.516377402028747667e+01,1.962070028625362283e-03
9.620000000000000284e+01,2.000000000000000111e-01,-4.516100289050755379e+01,-4.516295719395360209e+01,1.954303446048299975e-03
9.630000000000001137e+01,2.000000000000000111e-01,-4.516019787605501534e+01,-4.516214444155805552e+01,1.946565503040176282e-03
9.640000000000000568e+01,2.000000000000000111e-01,-4.515939688667474172e+01,-4.516133574278199347e+01,1.938856107251751837e-03
9.650000000000000000e+01,2.000000000000000111e-01,-4.515859990224137022e+01,-4.516053107740790296e+01,1.931175166532739240e-03
9.660000000000000853e+01,2.000000000000000111e-01,-4.515780690273016518e+01,-4.515973042531911119e+01,1.923522588946013911e-03
9.670000000000000284e+01,2.000000000000000111e-01,-4.515701786821651353e+01,-4.515893376649927404e+01,1.915898282760508664e-03
9.680000000000001137e+01,2.000000000000000111e-01,-4.515623277887543452e+01,-4.515814108103187152e+01,1.908302156437002850e-03
9.690000000000000568e+01,2.000000000000000111e-01,-4.515545161498105386e+01,-4.515735234909973173e+01,1.900734118677860351e-03
9.700000000000000000e+01,2.000000000000000111e-01,-4.515467435690614906e+01,-4.515656755098451924e+01,1.893194078370186162e-03
9.710000000000000853e+01,2.000000000000000111e-01,-4.515390098512161643e+01,-4.515578666706623068e+01,1.885681944614248096e-03
9.720000000000000284e+01,2.000000000000000111e-01,-4.515313148019600931e+01,-4.515500967782273278e+01,1.878197626723476787e-03
9.730000000000001137e+01,2.000000000000000111e-01,-4.515236582279502642e+01,-4.515423656382925799e+01,1.870741034231571120e-03
9.740000000000000568e+01,2.000000000000000111e-01,-4.515160399368105004e+01,-4.515346730575791412e+01,1.863312076864076516e-03
9.750000000000000000e+01,2.000000000000000111e-01,-4.515084597371264152e+01,-4.515270188437720122e+01,1.855910664559701218e-03
9.760000000000000853e+01,2.000000000000000111e-01,-4.515009174384407942e+01,-4.515194028055154973e+01,1.848536707470316287e-03
9.770000000000000284e+01,2.000000000000000111e-01,-4.514934128512486211e+01,-4.515118247524083017e+01,1.841190115968061036e-03
9.780000000000001137e+01,2.000000000000000111e-01,-4.514859457869923887e+01,-4.515042844949986289e+01,1.833870800624026742e-03
9.790000000000000568e+01,2.000000000000000111e-01,-4.514785160580574086e+01,-4.514967818447797754e+01,1.826578672236678358e-03
9.800000000000000000e+01,2.000000000000000111e-01,-4.514711234777671223e+01,-4.514893166141848724e+01,1.819313641775011092e-03
9.810000000000000853e+01,2.000000000000000111e-01,-4.514637678603782689e+01,-4.514818886165829781e+01,1.812075620470920967e-03
9.820000000000000284e+01,2.000000000000000111e-01,-4.514564490210764092e+01,-4.514744976662736065e+01,1.804864519719728833e-03
9.830000000000001137e+01,2.000000000000000111e-01,-4.514491667759710225e+01,-4.514671435784826770e+01,1.797680251165445497e-03
9.840000000000000568e+01,2.000000000000000111e-01,-4.514419209420911727e+01,-4.514598261693576831e+01,1.790522726651033736e-03
9.850000000000000000e+01,2.000000000000000111e-01,-4.514347113373807474e+01,-4.514525452559630025e+01,1.783391858225513715e-03
9.860000000000000853e+01,2.000000000000000111e-01,-4.514275377806938394e+01,-4.514453006562752790e+01,1.776287558143962997e-03
9.870000000000000284e+01,2.000000000000000111e-01,-4.514204000917903414e+01,-4.514380921891793008e+01,1.769209738895938244e-03
9.880000000000001137e+01,2.000000000000000111e-01,-4.514132980913313986e+01,-4.514309196744629560e+01,1.762158313155737233e-03
9.890000000000000568e+01,2.000000000000000111e-01,-4.514062316008747189e+01,-4.514237829328129692e+01,1.755133193825031412e-03
9.900000000000000000e+01,2.000000000000000111e-01,-4.513992004428703808e+01,-4.514166817858104253e+01,1.748134294004444200e-03
9.910000000000000853e+01,2.000000000000000111e-01,-4.513922044406560019e+01,-4.514096160559263637e+01,1.741161527036183543e-03
9.920000000000000284e+01,2.000000000000000111e-01,-4.513852434184526885e+01,-4.514025855665170894e+01,1.734214806440093071e-03
9.930000000000001137e+01,2.000000000000000111e-01,-4.513783172013604172e+01,-4.513955901418200511e+01,1.727294045963390090e-03
9.940000000000000568e+01,2.000000000000000111e-01,-4.513714256153536297e+01,-4.513886296069492232e+01,1.720399159559349300e-03
9.950000000000000000e+01,2.000000000000000111e-01,-4.513645684872768271e+01,-4.513817037878909133e+01,1.713530061408619076e-03
9.960000000000000853e+01,2.000000000000000111e-01,-4.513577456448404490e+01,-4.513748125114992149e+01,1.706686665876588904e-03
9.970000000000000284e+01,2.000000000000000111e-01,-4.513509569166162549e+01,-4.513679556054920283e+01,1.699868887577338228e-03
9.980000000000001137e+01,2.000000000000000111e-01,-4.513442021320332032e+01,-4.513611328984460869e+01,1.693076641288371320e-03
9.990000000000000568e+01,2.000000000000000111e-01,-4.513374811213730453e+01,-4.513543442197935462e+01,1.686309842050093266e-03
1.000000000000000000e+02,2.000000000000000111e-01,-4.513307937157662053e+01,-4.513475893998170818e+01,1.679568405087650262e-03
1.001000000000000085e+02,2.000000000000000111e-01,-4.513241397471873739e+01,-4.513408682696457674e+01,1.672852245839351326e-03
1.002000000000000028e+02,2.000000000000000111e-01,-4.513175190484514587e+01,-4.513341806612510254e+01,1.666161279956668295e-03
1.003000000000000114e+02,2.000000000000000111e-01,-4.513109314532091787e+01,-4.513275264074422921e+01,1.659495423311341256e-03
1.004000000000000057e+02,2.000000000000000111e-01,-4.513043767959431563e+01,-4.513209053418629679e+01,1.652854591981167687e-03
1.005000000000000000e+02,2.000000000000000111e-01,-4.512978549119634408e+01,-4.513143172989859409e+01,1.646238702250002461e-03
1.006000000000000085e+02,2.000000000000000111e-01,-4.512913656374036009e+01,-4.513077621141098206e+01,1.639647670621968700e-03
1.007000000000000028e+02,2.000000000000000111e-01,-4.512849088092166028e+01,-4.513012396233546752e+01,1.633081413807246918e-03
1.008000000000000114e+02,2.000000000000000111e-01,-4.512784842651705475e+01,-4.512947496636579103e+01,1.626539848736285876e-03
1.009000000000000057e+02,2.000000000000000111e-01,-4.512720918438446915e+01,-4.512882920727700764e+01,1.620022892538486303e-03
1.010000000000000000e+02,2.000000000000000111e-01,-4.512657313846254681e+01,-4.512818666892512454e+01,1.613530462577728031e-03
1.011000000000000085e+02,2.000000000000000111e-01,-4.512594027277023656e+01,-4.512754733524664630e+01,1.607062476409737428e-03
1.012000000000000028e+02,2.000000000000000111e-01,-4.512531057140638779e+01,-4.512691119025818409e+01,1.600618851796298259e-03
1.013000000000000114e+02,2.000000000000000111e-01,-4.512468401854935252e+01,-4.512627821805608619e+01,1.594199506733673388e-03
1.014000000000000057e+02,2.000000000000000111e-01,-4.512406059845660877e+01,-4.512564840281602585e+01,1.587804359417077649e-03
1.015000000000000000e+02,2.000000000000000111e-01,-4.512344029546432722e+01,-4.512502172879257500e+01,1.581433328247783265e-03
1.016000000000000085e+02,2.000000000000000111e-01,-4.512282309398700875e+01,-4.512439818031884897e+01,1.575086331840225284e-03
1.017000000000000028e+02,2.000000000000000111e-01,-4.512220897851707235e+01,-4.512377774180612278e+01,1.568763289050423282e-03
1.018000000000000114e+02,2.000000000000000111e-01,-4.512159793362448568e+01,-4.512316039774337639e+01,1.562464118890716236e-03
1.019000000000000057e+02,2.000000000000000111e-01,-4.512098994395635998e+01,-4.512254613269699632e+01,1.556188740636343937e-03
1.020000000000000000e+02,2.000000000000000111e-01,-4.512038499423658067e+01,-4.512193493131031374e+01,1.549937073733076431e-03
1.021000000000000085e+02,2.000000000000000111e-01,-4.511978306926539517e+01,-4.512132677830326344e+01,1.543709037868268297e-03
1.022000000000000028e+02,2.000000000000000111e-01,-4.511918415391906478e+01,-4.512072165847199301e+01,1.537504552928226076e-03
1.023000000000000114e+02,2.000000000000000111e-01,-4.511858823314946676e+01,-4.512011955668846497e+01,1.531323538998208278e-03
1.024000000000000057e+02,2.000000000000000111e-01,-4.511799529198371772e+01,-4.511952045790012278e+01,1.525165916405057942e-03
1.025000000000000000e+02,2.000000000000000111e-01,-4.511740531552379707e+01,-4.511892434712943611e+01,1.519031605639042937e-03
1.026000000000000085e+02,2.000000000000000111e-01,-4.511681828894617752e+01,-4.511833120947363795e+01,1.512920527460437370e-03
1.027000000000000028e+02,2.000000000000000111e-01,-4.511623419750144848e+01,-4.511774103010423431e+01,1.506832602785834752e-03
1.028000000000000114e+02,2.000000000000000111e-01,-4.511565302651393949e+01,-4.511715379426671291e+01,1.500767752773413122e-03
1.029000000000000057e+02,2.000000000000000111e-01,-4.511507476138137207e+01,-4.511656948728015237e+01,1.494725898780302487e-03
1.030000000000000000e+02,2.000000000000000111e-01,-4.511449938757446176e+01,-4.511598809453684567e+01,1.488706962383901100e-03
1.031000000000000085e+02,2.000000000000000111e-01,-4.511392689063659134e+01,-4.511540960150193769e+01,1.482710865346348328e-03
1.032000000000000028e+02,2.000000000000000111e-01,-4.511335725618340575e+01,-4.511483399371308423e+01,1.476737529678473493e-03
1.033000000000000114e+02,2.000000000000000111e-01,-4.511279046990248531e+01,-4.511426125678005405e+01,1.470786877568741602e-03
1.034000000000000057e+02,2.000000000000000111e-01,-4.511222651755297619e+01,-4.511369137638439497e+01,1.464858831418780483e-03
1.035000000000000000e+02,2.000000000000000111e-01,-4.511166538496521383e+01,-4.511312433827906432e+01,1.458953313850486211e-03
1.036000000000000085e+02,2.000000000000000111e-01,-4.511110705804038901e+01,-4.511256012828808082e+01,1.453070247691812256e-03
1.037000000000000028e+02,2.000000000000000111e-01,-4.511055152275018543e+01,-4.511199873230616930e+01,1.447209555983874907e-03
1.038000000000000114e+02,2.000000000000000111e-01,-4.510999876513643159e+01,-4.511144013629839833e+01,1.441371161966742420e-03
1.039000000000000057e+02,2.000000000000000111e-01,-4.510944877131075259e+01,-4.511088432629983913e+01,1.435554989086540445e-03
1.040000000000000000e+02,2.000000000000000111e-01,-4.510890152745420068e+01,-4.511033128841521034e+01,1.429760961009662878e-03
1.041000000000000085e+02,2.000000000000000111e-01,-4.510835701981692836e+01,-4.510978100881854402e+01,1.423989001615666439e-03
1.042000000000000028e+02,2.000000000000000111e-01,-4.510781523471784027e+01,-4.510923347375281622e+01,1.418239034975954382e-03
1.043000000000000114e+02,2.000000000000000111e-01,-4.510727615854425210e+01,-4.510868866952961298e+01,1.412510985360881932e-03
1.044000000000000057e+02,2.000000000000000111e-01,-4.510673977775152821e+01,-4.510814658252881770e+01,1.406804777289494268e-03
1.045000000000000000e+02,2.000000000000000111e-01,-4.510620607886276900e+01,-4.510760719919821327e+01,1.401120335444261400e-03
1.046000000000000085e+02,2.000000000000000111e-01,-4.510567504846845566e+01,-4.510707050605319779e+01,1.395457584742132440e-03
1.047000000000000028e+02,2.000000000000000111e-01,-4.510514667322611615e+01,-4.510653648967640805e+01,1.389816450291903038e-03
1.048000000000000114e+02,2.000000000000000111e-01,-4.510462093985998422e+01,-4.510600513671740686e+01,1.384196857422637095e-03
1.049000000000000057e+02,2.000000000000000111e-01,-4.510409783516068671e+01,-4.510547643389234906e+01,1.378598731662350474e-03
1.050000000000000000e+02,2.000000000000000111e-01,-4.510357734598488122e+01,-4.510495036798362634e+01,1.373021998745116434e-03
1.051000000000000085e+02,2.000000000000000111e-01,-4.510305945925495763e+01,-4.510442692583957580e+01,1.367466584618171055e-03
1.052000000000000028e+02,2.000000000000000111e-01,-4.510254416195868288e+01,-4.510390609437410347e+01,1.361932415420596953e-03
1.053000000000000114e+02,2.000000000000000111e-01,-4.510203144114888829e+01,-4.510338786056640714e+01,1.356419417518850423e-03
1.054000000000000057e+02,2.000000000000000111e-01,-4.510152128394314275e+01,-4.510287221146060688e+01,1.350927517464128869e-03
1.055000000000000000e+02,2.000000000000000111e-01,-4.510101367752342583e+01,-4.510235913416545372e+01,1.345456642027897942e-03
1.056000000000000085e+02,2.000000000000000111e-01,-4.510050860913580806e+01,-4.510184861585398153e+01,1.340006718173469835e-03
1.057000000000000028e+02,2.000000000000000111e-01,-4.510000606609013118e+01,-4.510134064376321561e+01,1.334577673084424987e-03
1.058000000000000114e+02,2.000000000000000111e-01,-4.509950603575968131e+01,-4.510083520519381750e+01,1.329169434136190375e-03
1.059000000000000057e+02,2.000000000000000111e-01,-4.509900850558088337e+01,-4.510033228750980072e+01,1.323781928917355799e-03
1.060000000000000000e+02,2.000000000000000111e-01,-4.509851346305298136e+01,-4.509983187813820393e+01,1.318415085222568450e-03
1.061000000000000085e+02,2.000000000000000111e-01,-4.509802089573771866e+01,-4.509933396456875698e+01,1.313068831038322060e-03
1.062000000000000028e+02,2.000000000000000111e-01,-4.509753079125903241e+01,-4.509883853435359669e+01,1.307743094564273179e-03
1.063000000000000114e+02,2.000000000000000111e-01,-4.509704313730273384e+01,-4.509834557510694708e+01,1.302437804213241179e-03
1.064000000000000057e+02,2.000000000000000111e-01,-4.509655792161621690e+01,-4.509785507450479258e+01,1.297152888575681118e-03
1.065000000000000000e+02,2.000000000000000111e-01,-4.509607513200813855e+01,-4.509736702028459376e+01,1.291888276455210871e-03
1.066000000000000085e+02,2.000000000000000111e-01,-4.509559475634809900e+01,-4.509688140024498182e+01,1.286643896882821991e-03
1.067000000000000028e+02,2.000000000000000111e-01,-4.509511678256635747e+01,-4.509639820224541751e+01,1.281419679060036287e-03
1.068000000000000114e+02,2.000000000000000111e-01,-4.509464119865352671e+01,-4.509591741420592825e+01,1.276215552401538389e-03
1.069000000000000057e+02,2.000000000000000111e-01,-4.509416799266026032e+01,-4.509543902410679550e+01,1.271031446535175746e-03
1.070000000000000000e+02,2.000000000000000111e-01,-4.509369715269696144e+01,-4.509496301998822787e+01,1.265867291266431494e-03
1.071000000000000085e+02,2.000000000000000111e-01,-4.509322866693347720e+01,-4.509448938995011247e+01,1.260723016635267868e-03
1.072000000000000028e+02,2.000000000000000111e-01,-4.509276252359880743e+01,-4.509401812215166672e+01,1.255598552859282790e-03
1.073000000000000114e+02,2.000000000000000111e-01,-4.509229871098081333e+01,-4.509354920481116835e+01,1.250493830355026148e-03
1.074000000000000057e+02,2.000000000000000111e-01,-4.509183721742591189e+01,-4.509308262620566410e+01,1.245408779752210648e-03
1.075000000000000000e+02,2.000000000000000111e-01,-4.509137803133878464e+01,-4.509261837467066414e+01,1.240343331879500965e-03
1.076000000000000085e+02,2.000000000000000111e-01,-4.509092114118209338e+01,-4.509215643859985789e+01,1.235297417764513739e-03
1.077000000000000028e+02,2.000000000000000111e-01,-4.509046653547618178e+01,-4.509169680644480849e+01,1.230270968626712147e-03
1.078000000000000114e+02,2.000000000000000111e-01,-4.509001420279879824e+01,-4.509123946671469696e+01,1.225263915898722189e-03
1.079000000000000057e+02,2.000000000000000111e-01,-4.508956413178480460e+01,-4.509078440797601672e+01,1.220276191212121830e-03
1.080000000000000000e+02,2.000000000000000111e-01,-4.508911631112587770e+01,-4.509033161885225383e+01,1.215307726376124720e-03
1.081000000000000085e+02,2.000000000000000111e-01,-4.508867072957024646e+01,-4.508988108802367378e+01,1.210358453427318182e-03
1.082000000000000028e+02,2.000000000000000111e-01,-4.508822737592239349e+01,-4.508943280422696631e+01,1.205428304572819798e-03
1.083000000000000114e+02,2.000000000000000111e-01,-4.508778623904278504e+01,-4.508898675625502506e+01,1.200517212240015397e-03
1.084000000000000057e+02,2.000000000000000111e-01,-4.508734730784757261e+01,-4.508854293295662785e+01,1.195625109055242774e-03
1.085000000000000000e+02,2.000000000000000111e-01,-4.508691057130833713e+01,-4.508810132323616671e+01,1.190751927829580836e-03
1.086000000000000085e+02,2.000000000000000111e-01,-4.508647601845179764e+01,-4.508766191605337781e+01,1.185897601580165883e-03
1.087000000000000028e+02,2.000000000000000111e-01,-4.508604363835954132e+01,-4.508722470042305019e+01,1.181062063508875326e-03
1.088000000000000114e+02,2.000000000000000111e-01,-4.508561342016774631e+01,-4.508678966541477706e+01,1.176245247030749397e-03
1.089000000000000057e+02,2.000000000000000111e-01,-4.508518535306690467e+01,-4.508635680015266445e+01,1.171447085759780293e-03
1.090000000000000000e+02,2.000000000000000111e-01,-4.508475942630157363e+01,-4.508592609381504701e+01,1.166667513473385043e-03
1.091000000000000085e+02,2.000000000000000111e-01,-4.508433562917006299e+01,-4.508549753563425355e+01,1.161906464190565202e-03
1.092000000000000028e+02,2.000000000000000111e-01,-4.508391395102421484e+01,-4.508507111489630148e+01,1.157163872086641732e-03
1.093000000000000114e+02,2.000000000000000111e-01,-4.508349438126909092e+01,-4.508464682094065523e+01,1.152439671564309265e-03
1.094000000000000057e+02,2.000000000000000111e-01,-4.508307690936274525e+01,-4.508422464315994205e+01,1.147733797196792693e-03
1.095000000000000000e+02,2.000000000000000111e-01,-4.508266152481593281e+01,-4.508380457099968908e+01,1.143046183756268874e-03
1.096000000000000085e+02,2.000000000000000111e-01,-4.508224821719185371e+01,-4.508338659395808179e+01,1.138376766228077486e-03
1.097000000000000028e+02,2.000000000000000111e-01,-4.508183697610589746e+01,-4.508297070158566555e+01,1.133725479768088462e-03
1.098000000000000114e+02,2.000000000000000111e-01,-4.508142779122536581e+01,-4.508255688348511114e+01,1.129092259745334559e-03
1.099000000000000057e+02,2.000000000000000111e-01,-4.508102065226923827e+01,-4.508214512931094475e+01,1.124477041706484215e-03
1.100000000000000000e+02,2.000000000000000111e-01,-4.508061554900789503e+01,-4.508173542876927797e+01,1.119879761382946981e-03
1.101000000000000085e+02,2.000000000000000111e-01,-4.508021247126285402e+01,-4.508132777161759464e+01,1.115300354740611510e-03
1.102000000000000028e+02,2.000000000000000111e-01,-4.507981140890653649e+01,-4.508092214766444528e+01,1.110738757908791285e-03
1.103000000000000114e+02,2.000000000000000111e-01,-4.507941235186200402e+01,-4.508051854676919845e+01,1.106194907194435473e-03
1.104000000000000057e+02,2.000000000000000111e-01,-4.507901529010269570e+01,-4.508011695884181336e+01,1.101668739117656060e-03
1.105000000000000000e+02,2.000000000000000111e-01,-4.507862021365217942e+01,-4.507971737384256983e+01,1.097160190390411572e-03
1.106000000000000085e+02,2.000000000000000111e-01,-4.507822711258391735e+01,-4.507931978178181964e+01,1.092669197902296219e-03
1.107000000000000028e+02,2.000000000000000111e-01,-4.507783597702099598e+01,-4.507892417271975205e+01,1.088195698756067031e-03
1.108000000000000114e+02,2.000000000000000111e-01,-4.507744679713589164e+01,-4.507853053676610955e+01,1.083739630217905869e-03
1.109000000000000057e+02,2.000000000000000111e-01,-4.507705956315021467e+01,-4.507813886407998183e+01,1.079300929767157413e-03
1.110000000000000000e+02,2.000000000000000111e-01,-4.507667426533446076e+01,-4.507774914486952156e+01,1.074879535060802027e-03
1.111000000000000085e+02,2.000000000000000111e-01,-4.507629089400779065e+01,-4.507736136939173832e+01,1.070475383947666614e-03
1.112000000000000028e+02,2.000000000000000111e-01,-4.507590943953775309e+01,-4.507697552795221441e+01,1.066088414461319189e-03
1.113000000000000114e+02,2.000000000000000111e-01,-4.507552989234006446e+01,-4.507659161090489874e+01,1.061718564834279732e-03
1.114000000000000057e+02,2.000000000000000111e-01,-4.507515224287836730e+01,-4.507620960865183690e+01,1.057365773469598480e-03
1.115000000000000000e+02,2.000000000000000111e-01,-4.507477648166397444e+01,-4.507582951164297214e+01,1.053029978997699345e-03
1.116000000000000085e+02,2.000000000000000111e-01,-4.507440259925565584e+01,-4.507545131037583985e+01,1.048711120184009360e-03
1.117000000000000028e+02,2.000000000000000111e-01,-4.507403058625937575e+01,-4.507507499539540419e+01,1.044409136028434659e-03
1.118000000000000114e+02,2.000000000000000111e-01,-4.507366043332807948e+01,-4.507470055729375957e+01,1.040123965680095353e-03
1.119000000000000057e+02,2.000000000000000111e-01,-4.507329213116143762e+01,-4.507432798670994600e+01,1.035855548508379798e-03
1.120000000000000000e+02,2.000000000000000111e-01,-4.507292567050563292e+01,-4.507395727432965771e+01,1.031603824024784899e-03
1.121000000000000085e+02,2.000000000000000111e-01,-4.507256104215310444e+01,-4.507358841088508683e+01,1.027368731982392092e-03
1.122000000000000028e+02,2.000000000000000111e-01,-4.507219823694234151e+01,-4.507322138715461790e+01,1.023150212276391358e-03
1.123000000000000114e+02,2.000000000000000111e-01,-4.507183724575762795e+01,-4.507285619396264309e+01,1.018948205015135500e-03
1.124000000000000057e+02,2.000000000000000111e-01,-4.507147805952884312e+01,-4.507249282217931352e+01,1.014762650470402150e-03
1.125000000000000000e+02,2.000000000000000111e-01,-4.507112066923119897e+01,-4.507213126272031900e+01,1.010593489120026334e-03
1.126000000000000085e+02,2.000000000000000111e-01,-4.507076506588504117e+01,-4.507177150654663933e+01,1.006440661598162478e-03
1.127000000000000028e+02,2.000000000000000111e-01,-4.507041124055561454e+01,-4.507141354466436667e+01,1.002304108752127831e-03
1.128000000000000114e+02,2.000000000000000111e-01,-4.507005918435283576e+01,-4.507105736812442842e+01,9.981837715926644705e-04
1.129000000000000057e+02,2.000000000000000111e-01,-4.506970888843107304e+01,-4.507070296802239540e+01,9.940795913223610114e-04
1.130000000000000000e+02,2.000000000000000111e-01,-4.506936034398891877e+01,-4.507035033549824021e+01,9.899915093214417539e-04
1.131000000000000085e+02,2.000000000000000111e-01,-4.506901354226897638e+01,-4.506999946173614546e+01,9.859194671690829637e-04
1.132000000000000028e+02,2.000000000000000111e-01,-4.506866847455763292e+01,-4.506965033796423370e+01,9.818634066007803085e-04
1.133000000000000114e+02,2.000000000000000111e-01,-4.506832513218484593e+01,-4.506930295545440401e+01,9.778232695580868494e-04
1.134000000000000057e+02,2.000000000000000111e-01,-4.506798350652392315e+01,-4.506895730552206203e+01,9.737989981388750493e-04
1.135000000000000000e+02,2.000000000000000111e-01,-4.506764358899130229e+01,-4.506861337952595647e+01,9.697905346541801919e-04
1.136000000000000085e+02,2.000000000000000111e-01,-4.506730537104634493e+01,-4.506827116886790918e+01,9.657978215642515352e-04
1.137000000000000028e+02,2.000000000000000111e-01,-4.506696884419111626e+01,-4.506793066499263745e+01,9.618208015211848760e-04
1.138000000000000114e+02,2.000000000000000111e-01,-4.506663399997015773e+01,-4.506759185938753376e+01,9.578594173760279773e-04
1.139000000000000057e+02,2.000000000000000111e-01,-4.506630082997030939e+01,-4.506725474358243844e+01,9.539136121290425763e-04
1.140000000000000000e+02,2.000000000000000111e-01,-4.506596932582046122e+01,-4.506691930914942645e+01,9.499833289652315216e-04
1.141000000000000085e+02,2.000000000000000111e-01,-4.506563947919136126e+01,-4.506658554770262981e+01,9.460685112685496279e-04
1.142000000000000028e+02,2.000000000000000111e-01,-4.506531128179540246e+01,-4.506625345089799595e+01,9.421691025934819663e-04
1.143000000000000114e+02,2.000000000000000111e-01,-4.506498472538642375e+01,-4.506592301043308169e+01,9.382850466579384374e-04
1.144000000000000057e+02,2.000000000000000111e-01,-4.506465980175948971e+01,-4.506559421804686849e+01,9.344162873787809076e-04
1.145000000000000000e+02,2.000000000000000111e-01,-4.506433650275069169e+01,-4.506526706551952088e+01,9.305627688291906452e-04
1.146000000000000085e+02,2.000000000000000111e-01,-4.506401482023694172e+01,-4.506494154467220881e+01,9.267244352670900298e-04
1.147000000000000028e+02,2.000000000000000111e-01,-4.506369474613575932e+01,-4.506461764736690156e+01,9.229012311422479797e-04
1.148000000000000114e+02,2.000000000000000111e-01,-4.506337627240507970e+01,-4.506429536550614046e+01,9.190931010607528151e-04
1.149000000000000057e+02,2.000000000000000111e-01,-4.506305939104305480e+01,-4.506397469103286113e+01,9.152999898063285400e-04
1.150000000000000000e+02,2.000000000000000111e-01,-4.506274409408784010e+01,-4.506365561593019464e+01,9.115218423545456972e-04
1.151000000000000085e+02,2.000000000000000111e-01,-4.506243037361740278e+01,-4.506333813222123297e+01,9.077586038301888038e-04
1.152000000000000028e+02,2.000000000000000111e-01,-4.506211822174931569e+01,-4.506302223196888690e+01,9.040102195712051980e-04
1.153000000000000114e+02,2.000000000000000111e-01,-4.506180763064057260e+01,-4.506270790727562314e+01,9.002766350505453374e-04
1.154000000000000057e+02,2.000000000000000111e-01,-4.506149859248736789e+01,-4.506239515028330089e+01,8.965577959330062185e-04
1.155000000000000000e+02,2.000000000000000111e-01,-4.506119109952493318e+01,-4.506208395317298709e+01,8.928536480539150944e-04
1.156000000000000085e+02,2.000000000000000111e-01,-4.506088514402730993e+01,-4.506177430816473617e+01,8.891641374262349018e-04
1.157000000000000028e+02,2.000000000000000111e-01,-4.506058071830717182e+01,-4.506146620751740528e+01,8.854892102334588344e-04
1.158000000000000114e+02,2.000000000000000111e-01,-4.506027781471563287e+01,-4.506115964352846959e+01,8.818288128367157697e-04
1.159000000000000057e+02,2.000000000000000111e-01,-4.505997642564205563e+01,-4.506085460853380198e+01,8.781828917463485595e-04
1.160000000000000000e+02,2.000000000000000111e-01,-4.505967654351384510e+01,-4.506055109490751676e+01,8.745513936716520220e-04
1.161000000000000085e+02,2.000000000000000111e-01,-4.505937816079627822e+01,-4.506024909506176357e+01,8.709342654853458043e-04
1.162000000000000028e+02,2.000000000000000111e-01,-4.505908126999229779e+01,-4.505994860144651426e+01,8.673314542164689556e-04
1.163000000000000114e+02,2.000000000000000111e-01,-4.505878586364233485e+01,-4.505964960654942786e+01,8.637429070930124908e-04
1.164000000000000057e+02,2.000000000000000111e-01,-4.505849193432412392e+01,-4.505935210289561610e+01,8.601685714921813997e-04
1.165000000000000000e+02,2.000000000000000111e-01,-4.505819947465250408e+01,-4.505905608304746579e+01,8.566083949617109283e-04
1.166000000000000085e+02,2.000000000000000111e-01,-4.505790847727924131e+01,-4.505876153960447539e+01,8.530623252340774343e-04
1.167000000000000028e+02,2.000000000000000111e-01,-4.505761893489284375e+01,-4.505846846520302051e+01,8.495303101767603948e-04
1.168000000000000114e+02,2.000000000000000111e-01,-4.505733084021837698e+01,-4.505817685251625448e+01,8.460122978775075353e-04
1.169000000000000057e+02,2.000000000000000111e-01,-4.505704418601728634e+01,-4.505788669425382409e+01,8.425082365377534188e-04
1.170000000000000000e+02,2.000000000000000111e-01,-4.505675896508719802e+01,-4.505759798316177012e+01,8.390180745720954292e-04
1.171000000000000085e+02,2.000000000000000111e-01,-4.505647517026176274e+01,-4.505731071202228577e+01,8.355417605230286426e-04
1.172000000000000028e+02,2.000000000000000111e-01,-4.505619279441045677e+01,-4.505702487365358877e+01,8.320792431320001015e-04
1.173000000000000114e+02,2.000000000000000111e-01,-4.505591183043840431e+01,-4.505674046090970819e+01,8.286304713038816772e-04
1.174000000000000057e+02,2.000000000000000111e-01,-4.505563227128621406e+01,-4.505645746668030682e+01,8.251953940927592157e-04
1.175000000000000000e+02,2.000000000000000111e-01,-4.505535410992978029e+01,-4.505617588389051065e+01,8.217739607303542471e-04
1.176000000000000085e+02,2.000000000000000111e-01,-4.505507733938013359e+01,-4.505589570550073830e+01,8.183661206047077030e-04
1.177000000000000028e+02,2.000000000000000111e-01,-4.505480195268323484e+01,-4.505561692450650924e+01,8.149718232743907720e-04
1.178000000000000114e+02,2.000000000000000111e-01,-4.505452794291981888e+01,-4.505533953393829449e+01,8.115910184756103263e-04
1.179000000000000057e+02,2.000000000000000111e-01,-4.505425530320521688e+01,-4.505506352686131066e+01,8.082236560937872127e-04
1.180000000000000000e+02,2.000000000000000111e-01,-4.505398402668919289e+01,-4.505478889637537065e+01,8.048696861777671074e-04
1.181000000000000085e+02,2.000000000000000111e-01,-4.505371410655574493e+01,-4.505451563561468475e+01,8.015290589398205157e-04
1.182000000000000028e+02,2.000000000000000111e-01,-4.505344553602296287e+01,-4.505424373774773272e+01,7.982017247698536266e-04
1.183000000000000114e+02,2.000000000000000111e-01,-4.505317830834285076e+01,-4.505397319597705064e+01,7.948876341998811768e-04
1.184000000000000057e+02,2.000000000000000111e-01,-4.505291241680113501e+01,-4.505370400353908167e+01,7.915867379466590137e-04
1.185000000000000000e+02,2.000000000000000111e-01,-4.505264785471712941e+01,-4.505343615370399135e+01,7.882989868619461049e-04
1.186000000000000085e+02,2.000000000000000111e-01,-4.505238461544354323e+01,-4.505316963977553257e+01,7.850243319893479566e-04
1.187000000000000028e+02,2.000000000000000111e-01,-4.505212269236632494e+01,-4.505290445509082531e+01,7.817627245003677672e-04
1.188000000000000114e+02,2.000000000000000111e-01,-4.505186207890449168e+01,-4.505264059302026425e+01,7.785141157725661287e-04
1.189000000000000057e+02,2.000000000000000111e-01,-4.505160276850996581e+01,-4.505237804696726300e+01,7.752784572971904709e-04
1.190000000000000000e+02,2.000000000000000111e-01,-4.505134475466741861e+01,-4.505211681036816884e+01,7.720557007502293345e-04
1.191000000000000085e+02,2.000000000000000111e-01,-4.505108803089407843e+01,-4.505185687669204242e+01,7.688457979639906625e-04
1.192000000000000028e+02,2.000000000000000111e-01,-4.505083259073960988e+01,-4.505159823944054409e+01,7.656487009342072270e-04
1.193000000000000114e+02,2.000000000000000111e-01,-4.505057842778591493e+01,-4.505134089214771365e+01,7.624643617987203470e-04
1.194000000000000057e+02,2.000000000000000111e-01,-4.505032553564698361e+01,-4.505108482837985662e+01,7.592927328730070258e-04
1.195000000000000000e+02,2.000000000000000111e-01,-4.505007390796875200e+01,-4.505083004173538086e+01,7.561337666288636683e-04
1.196000000000000085e+02,2.000000000000000111e-01,-4.504982353842891030e+01,-4.505057652584459049e+01,7.529874156801952267e-04
1.197000000000000028e+02,2.000000000000000111e-01,-4.504957442073676788e+01,-4.505032427436957221e+01,7.498536328043314825e-04
1.198000000000000114e+02,2.000000000000000111e-01,-4.504932654863308272e+01,-4.505007328100404607e+01,7.467323709633433282e-04
1.199000000000000057e+02,2.000000000000000111e-01,-4.504907991588991933e+01,-4.504982353947314522e+01,7.436235832258830669e-04
1.200000000000000000e+02,2.000000000000000111e-01,-4.504883451631047109e+01,-4.504957504353332354e+01,7.405272228524495404e-04
1.201000000000000085e+02,2.000000000000000111e-01,-4.504859034372891813e+01,-4.504932778697218509e+01,7.374432432669664195e-04
1.202000000000000028e+02,2.000000000000000111e-01,-4.504834739201027105e+01,-4.504908176360827810e+01,7.343715980070442129e-04
1.203000000000000114e+02,2.000000000000000111e-01,-4.504810565505022169e+01,-4.504883696729102383e+01,7.313122408021399679e-04
1.204000000000000057e+02,2.000000000000000111e-01,-4.504786512677497257e+01,-4.504859339190048928e+01,7.282651255167138515e-04
1.205000000000000000e+02,2.000000000000000111e-01,-4.504762580114109483e+01,-4.504835103134728769e+01,7.252302061928617150e-04
1.206000000000000085e+02,2.000000000000000111e-01,-4.504738767213538608e+01,-4.504810987957239377e+01,7.222074370076825289e-04
1.207000000000000028e+02,2.000000000000000111e-01,-4.504715073377470702e+01,-4.504786993054698030e+01,7.191967722732783841e-04
1.208000000000000114e+02,2.000000000000000111e-01,-4.504691498010583217e+01,-4.504763117827233998e+01,7.161981665078087644e-04
1.209000000000000057e+02,2.000000000000000111e-01,-4.504668040520530070e+01,-4.504739361677962961e+01,7.132115743289091370e-04
1.210000000000000000e+02,2.000000000000000111e-01,-4.504644700317927430e+01,-4.504715724012980615e+01,7.102369505318506526e-04
1.211000000000000085e+02,2.000000000000000111e-01,-4.504621476816338088e+01,-4.504692204241344200e+01,7.072742500611184369e-04
1.212000000000000028e+02,2.000000000000000111e-01,-4.504598369432256533e+01,-4.504668801775058284e+01,7.043234280175170170e-04
1.213000000000000114e+02,2.000000000000000111e-01,-4.504575377585095453e+01,-4.504645516029059849e+01,7.013844396439594675e-04
1.214000000000000057e+02,2.000000000000000111e-01,-4.504552500697170103e+01,-4.504622346421204782e+01,6.984572403467836921e-04
1.215000000000000000e+02,2.000000000000000111e-01,-4.504529738193684096e+01,-4.504599292372249408e+01,6.955417856531198595e-04
1.216000000000000085e+02,2.000000000000000111e-01,-4.504507089502715900e+01,-4.504576353305844094e+01,6.926380312819446772e-04
1.217000000000000028e+02,2.000000000000000111e-01,-4.504484554055202494e+01,-4.504553528648509797e+01,6.897459330730271176e-04
1.218000000000000114e+02,2.000000000000000111e-01,-4.504462131284926585e+01,-4.504530817829628120e+01,6.868654470153501279e-04
1.219000000000000057e+02,2.000000000000000111e-01,-4.504439820628501678e+01,-4.504508220281429232e+01,6.839965292755323389e-04
1.220000000000000000e+02,2.000000000000000111e-01,-4.504417621525359294e+01,-4.504485735438971972e+01,6.811391361267737921e-04
1.221000000000000085e+02,2.000000000000000111e-01,-4.504395533417732622e+01,-4.504463362740133903e+01,6.782932240128047852e-04
1.222000000000000028e+02,2.000000000000000111e-01,-4.504373555750643732e+01,-4.504441101625596389e+01,6.754587495265695907e-04
1.223000000000000114e+02,2.000000000000000111e-01,-4.504351687971890783e+01,-4.504418951538831095e+01,6.726356694031210282e-04
1.224000000000000057e+02,2.000000000000000111e-01,-4.504329929532030974e+01,-4.504396911926085068e+01,6.698239405409367464e-04
1.225000000000000000e+02,2.000000000000000111e-01,-4.504308279884370592e+01,-4.504374982236365810e+01,6.670235199521812319e-04
1.226000000000000085e+02,2.000000000000000111e-01,-4.504286738484948671e+01,-4.504353161921430626e+01,6.642343648195492278e-04
1.227000000000000028e+02,2.000000000000000111e-01,-4.504265304792524205e+01,-4.504331450435769568e+01,6.614564324536331696e-04
1.228000000000000114e+02,2.000000000000000111e-01,-4.504243978268561932e+01,-4.504309847236595488e+01,6.586896803355557495e-04
1.229000000000000057e+02,2.000000000000000111e-01,-4.504222758377218838e+01,-4.504288351783826272e+01,6.559340660743373519e-04
1.230000000000000000e+02,2.000000000000000111e-01,-4.504201644585332787e+01,-4.504266963540075608e+01,6.531895474282123359e-04
1.231000000000000085e+02,2.000000000000000111e-01,-4.504180636362406176e+01,-4.504245681970635218e+01,6.504560822904181805e-04
1.232000000000000028e+02,2.000000000000000111e-01,-4.504159733180593861e+01,-4.504224506543465623e+01,6.477336287176171936e-04
1.233000000000000114e+02,2.000000000000000111e-01,-4.504138934514691073e+01,-4.504203436729179089e+01,6.450221448801585211e-04
1.234000000000000057e+02,2.000000000000000111e-01,-4.504118239842117788e+01,-4.504182472001029680e+01,6.423215891189215654e-04
1.235000000000000000e+02,2.000000000000000111e-01,-4.504097648642907359e+01,-4.504161611834899048e+01,6.396319199168942760e-04
1.236000000000000085e+02,2.000000000000000111e-01,-4.504077160399693014e+01,-4.504140855709280800e+01,6.369530958778568674e-04
1.237000000000000028e+02,2.000000000000000111e-01,-4.504056774597694357e+01,-4.504120203105270548e+01,6.342850757619089563e-04
1.238000000000000114e+02,2.000000000000000111e-01,-4.504036490724705999e+01,-4.504099653506552414e+01,6.316278184641532789e-04
1.239000000000000057e+02,2.000000000000000111e-01,-4.504016308271082636e+01,-4.504079206399386237e+01,6.289812830360119733e-04
1.240000000000000000e+02,2.000000000000000111e-01,-4.503996226729726970e+01,-4.504058861272591230e+01,6.263454286425940154e-04
1.241000000000000085e+02,2.000000000000000111e-01,-4.503976245596078343e+01,-4.504038617617540297e+01,6.237202146195386376e-04
1.242000000000000028e+02,2.000000000000000111e-01,-4.503956364368097809e+01,-4.504018474928140137e+01,6.211056004232773375e-04
1.243000000000000114e+02,2.000000000000000111e-01,-4.503936582546257483e+01,-4.503998432700822718e+01,6.185015456523501598e-04
1.244000000000000057e+02,2.000000000000000111e-01,-4.503916899633526327e+01,-4.503978490434530357e+01,6.159080100403002689e-04
1.245000000000000000e+02,2.000000000000000111e-01,-4.503897315135358781e+01,-4.503958647630706480e+01,6.133249534769902311e-04
1.246000000000000085e+02,2.000000000000000111e-01,-4.503877828559681973e+01,-4.503938903793279280e+01,6.107523359730748780e-04
1.247000000000000028e+02,2.000000000000000111e-01,-4.503858439416883641e+01,-4.503919258428652483e+01,6.081901176884230154e-04
1.248000000000000114e+02,2.000000000000000111e-01,-4.503839147219799344e+01,-4.503899711045690424e+01,6.056382589108011416e-04
1.249000000000000057e+02,2.000000000000000111e-01,-4.503819951483700379e+01,-4.503880261155707387e+01,6.030967200700843023e-04
1.250000000000000000e+02,2.000000000000000111e-01,-4.503800851726281707e+01,-4.503860908272455532e+01,6.005654617382560900e-04
1.251000000000000085e+02,2.000000000000000111e-01,-4.503781847467650579e+01,-4.503841651912111388e+01,5.980444446080923626e-04
1.252000000000000028e+02,2.000000000000000111e-01,-4.503762938230312329e+01,-4.503822491593265198e+01,5.955336295286883797e-04
1.253000000000000114e+02,2.000000000000000111e-01,-4.503744123539160427e+01,-4.503803426836908130e+01,5.930329774770370932e-04
1.254000000000000057e+02,2.000000000000000111e-01,-4.503725402921464394e+01,-4.503784457166419486e+01,5.905424495509237204e-04
1.255000000000000000e+02,2.000000000000000111e-01,-4.503706775906857018e+01,-4.503765582107557464e+01,5.880620070044528802e-04
1.256000000000000085e+02,2.000000000000000111e-01,-4.503688242027322985e+01,-4.503746801188444948e+01,5.855916112196268841e-04
1.257000000000000028e+02,2.000000000000000111e-01,-4.503669800817186086e+01,-4.503728113939556721e+01,5.831312237063457360e-04
1.258000000000000114e+02,2.000000000000000111e-01,-4.503651451813099982e+01,-4.503709519893710933e+01,5.806808061095125595e-04
1.259000000000000057e+02,2.000000000000000111e-01,-4.503633194554034702e+01,-4.503691018586056316e+01,5.782403202161390254e-04
1.260000000000000000e+02,2.000000000000000111e-01,-4.503615028581264568e+01,-4.503672609554057971e+01,5.758097279340290697e-04
1.261000000000000085e+02,2.000000000000000111e-01,-4.503596953438358241e+01,-4.503654292337489551e+01,5.733889913130951754e-04
1.262000000000000028e+02,2.000000000000000111e-01,-4.503578968671166649e+01,-4.503636066478420474e+01,5.709780725382529454e-04
1.263000000000000114e+02,2.000000000000000111e-01,-4.503561073827810901e+01,-4.503617931521202422e+01,5.685769339152102475e-04
1.264000000000000057e+02,2.000000000000000111e-01,-4.503543268458671633e+01,-4.503599887012461522e+01,5.661855378988889242e-04
1.265000000000000000e+02,2.000000000000000111e-01,-4.503525552116378350e+01,-4.503581932501082719e+01,5.638038470436868010e-04
1.266000000000000085e+02,2.000000000000000111e-01,-4.503507924355796632e+01,-4.503564067538202664e+01,5.614318240603211052e-04
1.267000000000000028e+02,2.000000000000000111e-01,-4.503490384734017482e+01,-4.503546291677197644e+01,5.590694318016176112e-04
1.268000000000000114e+02,2.000000000000000111e-01,-4.503472932810347373e+01,-4.503528604473668651e+01,5.567166332127726491e-04
1.269000000000000057e+02,2.000000000000000111e-01,-4.503455568146295462e+01,-4.503511005485435703e+01,5.543733914024073783e-04
1.270000000000000000e+02,2.000000000000000111e-01,-4.503438290305563640e+01,-4.503493494272522213e+01,5.520396695857243685e-04
1.271000000000000085e+02,2.000000000000000111e-01,-4.503421098854035876e+01,-4.503476070397147879e+01,5.497154311200347365e-04
1.272000000000000028e+02,2.000000000000000111e-01,-4.503403993359765423e+01,-4.503458733423714477e+01,5.474006394905472916e-04
1.273000000000000114e+02,2.000000000000000111e-01,-4.503386973392966297e+01,-4.503441482918796623e+01,5.450952583032631082e-04
1.274000000000000057e+02,2.000000000000000111e-01,-4.503370038526001196e+01,-4.503424318451131114e+01,5.427992512991863805e-04
1.275000000000000000e+02,2.000000000000000111e-01,-4.503353188333370838e+01,-4.503407239591605560e+01,5.405125823472189950e-04
1.276000000000000085e+02,2.000000000000000111e-01,-4.503336422391704019e+01,-4.503390245913246304e+01,5.382352154228442487e-04
1.277000000000000028e+02,2.000000000000000111e-01,-4.503319740279745531e+01,-4.503373336991212739e+01,5.359671146720756951e-04
1.278000000000000114e+02,2.000000000000000111e-01,-4.503303141578346924e+01,-4.503356512402778833e+01,5.337082443190865888e-04
1.279000000000000057e+02,2.000000000000000111e-01,-4.503286625870455140e+01,-4.503339771727329577e+01,5.314585687443695861e-04
1.280000000000000000e+02,2.000000000000000111e-01,-4.503270192741102562e+01,-4.503323114546347483e+01,5.292180524492096083e-04
1.280999999999999943e+02,2.000000000000000111e-01,-4.503253841777397071e+01,-4.503306540443402639e+01,5.269866600556838421e-04
1.282000000000000171e+02,2.000000000000000111e-01,-4.503237572568509961e+01,-4.503290049004141338e+01,5.247643563137671663e-04
1.283000000000000114e+02,2.000000000000000111e-01,-4.503221384705667418e+01,-4.503273639816275420e+01,5.225511060800158702e-04
1.284000000000000057e+02,2.000000000000000111e-01,-4.503205277782139149e+01,-4.503257312469576590e+01,5.203468743744110725e-04
1.285000000000000000e+02,2.000000000000000111e-01,-4.503189251393228432e+01,-4.503241066555858652e+01,5.181516263021990198e-04
1.285999999999999943e+02,2.000000000000000111e-01,-4.503173305136262172e+01,-4.503224901668973246e+01,5.159653271107345063e-04
1.287000000000000171e+02,2.000000000000000111e-01,-4.503157438610580954e+01,-4.503208817404797770e+01,5.137879421681645908e-04
1.288000000000000114e+02,2.000000000000000111e-01,-4.503141651417528379e+01,-4.503192813361224012e+01,5.116194369563231703e-04
1.289000000000000057e+02,2.000000000000000111e-01,-4.503125943160440414e+01,-4.503176889138151751e+01,5.094597771133635433e-04
1.290000000000000000e+02,2.000000000000000111e-01,-4.503110313444638280e+01,-4.503161044337472418e+01,5.073089283413878547e-04
1.290999999999999943e+02,2.000000000000000111e-01,-4.503094761877414953e+01,-4.503145278563066256e+01,5.051668565130285060e-04
1.292000000000000171e+02,2.000000000000000111e-01,-4.503079288068028063e+01,-4.503129591420788103e+01,5.030335276003938816e-04
1.293000000000000114e+02,2.000000000000000111e-01,-4.503063891627687809e+01,-4.503113982518458869e+01,5.009089077105954857e-04
1.294000000000000057e+02,2.000000000000000111e-01,-4.503048572169549146e+01,-4.503098451465854168e+01,4.987929630502208056e-04
1.295000000000000000e+02,2.000000000000000111e-01,-4.503033329308701127e+01,-4.503082997874697924e+01,4.966856599679658757e-04
1.295999999999999943e+02,2.000000000000000111e-01,-4.503018162662157664e+01,-4.503067621358648864e+01,4.945869649120027134e-04
1.297000000000000171e+02,2.000000000000000111e-01,-4.503003071848846872e+01,-4.503052321533293423e+01,4.924968444655064559e-04
1.298000000000000114e+02,2.000000000000000111e-01,-4.502988056489602542e+01,-4.503037098016135786e+01,4.904152653324445055e-04
1.299000000000000057e+02,2.000000000000000111e-01,-4.502973116207154192e+01,-4.503021950426586528e+01,4.883421943233656748e-04
1.300000000000000000e+02,2.000000000000000111e-01,-4.502958250626118542e+01,-4.503006878385954792e+01,4.862775983625056142e-04
1.300999999999999943e+02,2.000000000000000111e-01,-4.502943459372988144e+01,-4.502991881517439765e+01,4.842214445162085212e-04
1.302000000000000171e+02,2.000000000000000111e-01,-4.502928742076122859e+01,-4.502976959446118599e+01,4.821736999574000038e-04
1.303000000000000114e+02,2.000000000000000111e-01,-4.502914098365742035e+01,-4.502962111798939304e+01,4.801343319726925074e-04
1.304000000000000057e+02,2.000000000000000111e-01,-4.502899527873913144e+01,-4.502947338204707961e+01,4.781033079481744608e-04
1.305000000000000000e+02,2.000000000000000111e-01,-4.502885030234543251e+01,-4.502932638294085876e+01,4.760805954262536943e-04
1.305999999999999943e+02,2.000000000000000111e-01,-4.502870605083370492e+01,-4.502918011699573242e+01,4.740661620274977395e-04
1.307000000000000171e+02,2.000000000000000111e-01,-4.502856252057953412e+01,-4.502903458055506292e+01,4.720599755287935295e-04
1.308000000000000114e+02,2.000000000000000111e-01,-4.502841970797663862e+01,-4.502888976998040960e+01,4.700620037709768440e-04
1.309000000000000057e+02,2.000000000000000111e-01,-4.502827760943675628e+01,-4.502874568165151459e+01,4.680722147583082915e-04
1.310000000000000000e+02,2.000000000000000111e-01,-4.502813622138957328e+01,-4.502860231196615359e+01,4.660905765803136092e-04
1.310999999999999943e+02,2.000000000000000111e-01,-4.502799554028262463e+01,-4.502845965734009326e+01,4.641170574686270811e-04
1.312000000000000171e+02,2.000000000000000111e-01,-4.502785556258120891e+01,-4.502831771420693485e+01,4.621516257259372651e-04
1.313000000000000114e+02,2.000000000000000111e-01,-4.502771628476830301e+01,-4.502817647901811426e+01,4.601942498112521207e-04
1.314000000000000057e+02,2.000000000000000111e-01,-4.502757770334446263e+01,-4.502803594824273148e+01,4.582448982688447359e-04
1.315000000000000000e+02,2.000000000000000111e-01,-4.502743981482773705e+01,-4.502789611836752215e+01,4.563035397850967456e-04
1.315999999999999943e+02,2.000000000000000111e-01,-4.502730261575359805e+01,-4.502775698589671549e+01,4.543701431174440586e-04
1.317000000000000171e+02,2.000000000000000111e-01,-4.502716610267483333e+01,-4.502761854735200586e+01,4.524446771725365579e-04
1.318000000000000114e+02,2.000000000000000111e-01,-4.502703027216146126e+01,-4.502748079927242486e+01,4.505271109636055371e-04
1.319000000000000057e+02,2.000000000000000111e-01,-4.502689512080065271e+01,-4.502734373821425606e+01,4.486174136033582727e-04
1.320000000000000000e+02,2.000000000000000111e-01,-4.502676064519665289e+01,-4.502720736075095687e+01,4.467155543039780241e-04
1.320999999999999943e+02,2.000000000000000111e-01,-4.502662684197066767e+01,-4.502707166347309453e+01,4.448215024268620255e-04
1.322000000000000171e+02,2.000000000000000111e-01,-4.502649370776081383e+01,-4.502693664298823961e+01,4.429352274257780664e-04
1.323000000000000114e+02,2.000000000000000111e-01,-4.502636123922201250e+01,-4.502680229592085936e+01,4.410566988468644922e-04
1.324000000000000057e+02,2.000000000000000111e-01,-4.502622943302590386e+01,-4.502666861891226802e+01,4.391858863641573407e-04
1.325000000000000000e+02,2.000000000000000111e-01,-4.502609828586077612e+01,-4.502653560862053439e+01,4.373227597582740600e-04
1.325999999999999943e+02,2.000000000000000111e-01,-4.502596779443147312e+01,-4.502640326172041085e+01,4.354672889377297906e-04
1.327000000000000171e+02,2.000000000000000111e-01,-4.502583795545931622e+01,-4.502627157490319831e+01,4.336194438820939467e-04
1.328000000000000114e+02,2.000000000000000111e-01,-4.502570876568201896e+01,-4.502614054487672490e+01,4.317791947059390623e-04
1.329000000000000057e+02,2.000000000000000111e-01,-4.502558022185360898e+01,-4.502601016836523939e+01,4.299465116304190815e-04
1.330000000000000000e+02,2.000000000000000111e-01,-4.502545232074434267e+01,-4.502588044210931173e+01,4.281213649690585044e-04
1.330999999999999943e+02,2.000000000000000111e-01,-4.502532505914062000e+01,-4.502575136286579038e+01,4.263037251703849506e-04
1.332000000000000171e+02,2.000000000000000111e-01,-4.502519843384491338e+01,-4.502562292740768157e+01,4.244935627681911683e-04
1.333000000000000114e+02,2.000000000000000111e-01,-4.502507244167568956e+01,-4.502549513252409241e+01,4.226908484028513158e-04
1.334000000000000057e+02,2.000000000000000111e-01,-4.502494707946731012e+01,-4.502536797502014565e+01,4.208955528355318165e-04
1.335000000000000000e+02,2.000000000000000111e-01,-4.502482234406997463e+01,-4.502524145171689440e+01,4.191076469197696497e-04
1.335999999999999943e+02,2.000000000000000111e-01,-4.502469823234962121e+01,-4.502511555945125110e+01,4.173271016298940594e-04
1.337000000000000171e+02,2.000000000000000111e-01,-4.502457474118786962e+01,-4.502499029507589512e+01,4.155538880254994183e-04
1.338000000000000114e+02,2.000000000000000111e-01,-4.502445186748192896e+01,-4.502486565545922303e+01,4.137879772940777912e-04
1.339000000000000057e+02,2.000000000000000111e-01,-4.502432960814451945e+01,-4.502474163748523495e+01,4.120293407154917986e-04
1.340000000000000000e+02,2.000000000000000111e-01,-4.502420796010379433e+01,-4.502461823805347052e+01,4.102779496761854716e-04
1.340999999999999943e+02,2.000000000000000111e-01,-4.502408692030327586e+01,-4.502449545407893794e+01,4.085337756620788241e-04
1.342000000000000171e+02,2.000000000000000111e-01,-4.502396648570176296e+01,-4.502437328249203574e+01,4.067967902727787077e-04
1.343000000000000114e+02,2.000000000000000111e-01,-4.502384665327325308e+01,-4.502425172023846756e+01,4.050669652144733845e-04
1.344000000000000057e+02,2.000000000000000111e-01,-4.502372742000688532e+01,-4.502413076427916394e+01,4.033442722786162449e-04
1.345000000000000000e+02,2.000000000000000111e-01,-4.502360878290684809e+01,-4.502401041159022554e+01,4.016286833774529441e-04
1.345999999999999943e+02,2.000000000000000111e-01,-4.502349073899231513e+01,-4.502389065916282362e+01,3.999201705084942660e-04
1.347000000000000171e+02,2.000000000000000111e-01,-4.502337328529735316e+01,-4.502377150400315031e+01,3.982187057971486865e-04
1.348000000000000114e+02,2.000000000000000111e-01,-4.502325641887086505e+01,-4.502365294313231203e+01,3.965242614469843829e-04
1.349000000000000057e+02,2.000000000000000111e-01,-4.502314013677651161e+01,-4.502353497358628687e+01,3.948368097752563699e-04
1.350000000000000000e+02,2.000000000000000111e-01,-4.502302443609262639e+01,-4.502341759241582508e+01,3.931563231986956453e-04
1.350999999999999943e+02,2.000000000000000111e-01,-4.502290931391216589e+01,-4.502330079668639229e+01,3.914827742264037624e-04
1.352000000000000171e+02,2.000000000000000111e-01,-4.502279476734260300e+01,-4.502318458347809127e+01,3.898161354882745400e-04
1.353000000000000114e+02,2.000000000000000111e-01,-4.502268079350589147e+01,-4.502306894988558383e+01,3.881563796923614973e-04
1.354000000000000057e+02,2.000000000000000111e-01,-4.502256738953835935e+01,-4.502295389301802686e+01,3.865034796675104189e-04
1.355000000000000000e+02,2.000000000000000111e-01,-4.502245455259066631e+01,-4.502283940999899414e+01,3.848574083278322178e-04
1.355999999999999943e+02,2.000000000000000111e-01,-4.502234227982771131e+01,-4.502272549796639112e+01,3.832181386798083622e-04
1.357000000000000171e+02,2.000000000000000111e-01,-4.502223056842857574e+01,-4.502261215407243355e+01,3.815856438578180132e-04
1.358000000000000114e+02,2.000000000000000111e-01,-4.502211941558643105e+01,-4.502249937548349124e+01,3.799598970601891779e-04
1.359000000000000057e+02,2.000000000000000111e-01,-4.502200881850849612e+01,-4.502238715938012348e+01,3.783408716273584105e-04
1.360000000000000000e+02,2.000000000000000111e-01,-4.502189877441595200e+01,-4.502227550295690151e+01,3.767285409495002568e-04
1.360999999999999943e+02,2.000000000000000111e-01,-4.502178928054387086e+01,-4.502216440342240844e+01,3.751228785375815278e-04
1.362000000000000171e+02,2.000000000000000111e-01,-4.502168033414115200e+01,-4.502205385799915405e+01,3.735238580020450172e-04
1.363000000000000114e+02,2.000000000000000111e-01,-4.502157193247044376e+01,-4.502194386392349656e+01,3.719314530528095020e-04
1.364000000000000057e+02,2.000000000000000111e-01,-4.502146407280809370e+01,-4.502183441844559297e+01,3.703456374992697420e-04
1.365000000000000000e+02,2.000000000000000111e-01,-4.502135675244405633e+01,-4.502172551882927820e+01,3.687663852218747707e-04
1.365999999999999943e+02,2.000000000000000111e-01,-4.502124996868183615e+01,-4.502161716235206512e+01,3.671936702289713139e-04
1.367000000000000171e+02,2.000000000000000111e-01,-4.502114371883842381e+01,-4.502150934630503798e+01,3.656274666141712260e-04
1.368000000000000114e+02,2.000000000000000111e-01,-4.502103800024423208e+01,-4.502140206799279554e+01,3.640677485634569166e-04
1.369000000000000057e+02,2.000000000000000111e-01,-4.502093281024301064e+01,-4.502129532473335871e+01,3.625144903480759240e-04
1.370000000000000000e+02,2.000000000000000111e-01,-4.502082814619179629e+01,-4.502118911385815636e+01,3.609676663600680513e-04
1.370999999999999943e+02,2.000000000000000111e-01,-4.502072400546083486e+01,-4.502108343271189739e+01,3.594272510625273753e-04
1.372000000000000171e+02,2.000000000000000111e-01,-4.502062038543353140e+01,-4.502097827865255653e+01,3.578932190251293832e-04
1.373000000000000114e+02,2.000000000000000111e-01,-4.502051728350636495e+01,-4.502087364905127487e+01,3.563655449099201178e-04
1.374000000000000057e+02,2.000000000000000111e-01,-4.502041469708883170e+01,-4.502076954129231012e+01,3.548442034784216048e-04
1.375000000000000000e+02,2.000000000000000111e-01,-4.502031262360338815e+01,-4.502066595277295846e+01,3.533291695703155710e-04
1.375999999999999943e+02,2.000000000000000111e-01,-4.502021106048537291e+01,-4.502056288090349767e+01,3.518204181247597262e-04
1.377000000000000171e+02,2.000000000000000111e-01,-4.502011000518294281e+01,-4.502046032310713031e+01,3.503179241874931904e-04
1.378000000000000114e+02,2.000000000000000111e-01,-4.502000945515703023e+01,-4.502035827681990554e+01,3.488216628753093573e-04
1.379000000000000057e+02,2.000000000000000111e-01,-4.501990940788124362e+01,-4.502025673949066942e+01,3.473316094257938857e-04
1.380000000000000000e+02,2.000000000000000111e-01,-4.501980986084183911e+01,-4.502015570858097249e+01,3.458477391333758533e-04
1.380999999999999943e+02,2.000000000000000111e-01,-4.501971081153762810e+01,-4.502005518156504138e+01,3.443700274132766026e-04
1.382000000000000171e+02,2.000000000000000111e-01,-4.501961225747994177e+01,-4.501995515592968644e+01,3.428984497446663227e-04
1.383000000000000114e+02,2.000000000000000111e-01,-4.501951419619253869e+01,-4.501985562917427330e+01,3.414329817346128948e-04
1.384000000000000057e+02,2.000000000000000111e-01,-4.501941662521157639e+01,-4.501975659881062342e+01,3.399735990470276192e-04
1.385000000000000000e+02,2.000000000000000111e-01,-4.501931954208551900e+01,-4.501965806236297851e+01,3.385202774595086339e-04
1.385999999999999943e+02,2.000000000000000111e-01,-4.501922294437509464e+01,-4.501956001736790824e+01,3.370729928136029230e-04
1.387000000000000171e+02,2.000000000000000111e-01,-4.501912682965321721e+01,-4.501946246137428886e+01,3.356317210716497357e-04
1.388000000000000114e+02,2.000000000000000111e-01,-4.501903119550495092e+01,-4.501936539194322506e+01,3.341964382741480222e-04
1.389000000000000057e+02,2.000000000000000111e-01,-4.501893603952742495e+01,-4.501926880664797181e+01,3.327671205468618609e-04
1.390000000000000000e+02,2.000000000000000111e-01,-4.501884135932979092e+01,-4.501917270307387753e+01,3.313437440866096040e-04
1.390999999999999943e+02,2.000000000000000111e-01,-4.501874715253314463e+01,-4.501907707881836984e+01,3.299262852252127232e-04
1.392000000000000171e+02,2.000000000000000111e-01,-4.501865341677047638e+01,-4.501898193149081351e+01,3.285147203371252544e-04
1.393000000000000114e+02,2.000000000000000111e-01,-4.501856014968662123e+01,-4.501888725871253882e+01,3.271090259175934989e-04
1.394000000000000057e+02,2.000000000000000111e-01,-4.501846734893818791e+01,-4.501879305811672083e+01,3.257091785329180311e-04
1.395000000000000000e+02,2.000000000000000111e-01,-4.501837501219349491e+01,-4.501869932734832958e+01,3.243151548346645541e-04
1.395999999999999943e+02,2.000000000000000111e-01,-4.501828313713252783e+01,-4.501860606406410170e+01,3.229269315738747537e-04
1.397000000000000171e+02,2.000000000000000111e-01,-4.501819172144686831e+01,-4.501851326593244096e+01,3.215444855726445894e-04
1.398000000000000114e+02,2.000000000000000111e-01,-4.501810076283963724e+01,-4.501842093063338268e+01,3.201677937454405765e-04
1.399000000000000057e+02,2.000000000000000111e-01,-4.501801025902543785e+01,-4.501832905585856537e+01,3.187968331275214950e-04
1.400000000000000000e+02,2.000000000000000111e-01,-4.501792020773031311e+01,-4.501823763931108857e+01,3.174315807754624075e-04
1.400999999999999943e+02,2.000000000000000111e-01,-4.501783060669166048e+01,-4.501814667870554842e+01,3.160720138879469232e-04
1.402000000000000171e+02,2.000000000000000111e-01,-4.501774145365820345e+01,-4.501805617176792396e+01,3.147181097205020706e-04
1.403000000000000114e+02,2.000000000000000111e-01,-4.501765274638991343e+01,-4.501796611623552735e+01,3.133698456139200061e-04
1.404000000000000057e+02,2.000000000000000111e-01,-4.501756448265796706e+01,-4.501787650985697553e+01,3.120271990084688696e-04
1.405000000000000000e+02,2.000000000000000111e-01,-4.501747666024467520e+01,-4.501778735039210488e+01,3.106901474296819288e-04
1.405999999999999943e+02,2.000000000000000111e-01,-4.501738927694345449e+01,-4.501769863561191443e+01,3.093586684599358705e-04
1.407000000000000171e+02,2.000000000000000111e-01,-4.501730233055873498e+01,-4.501761036329854448e+01,3.080327398095050739e-04
1.408000000000000114e+02,2.000000000000000111e-01,-4.501721581890593882e+01,-4.501752253124516301e+01,3.067123392241910551e-04
1.409000000000000057e+02,2.000000000000000111e-01,-4.501712973981140919e+01,-4.501743513725598689e+01,3.053974445776930224e-04
1.410000000000000000e+02,2.000000000000000111e-01,-4.501704409111235350e+01,-4.501734817914613984e+01,3.040880337863427485e-04
1.410999999999999943e+02,2.000000000000000111e-01,-4.501695887065679358e+01,-4.501726165474168084e+01,3.027840848872642709e-04
1.412000000000000171e+02,2.000000000000000111e-01,-4.501687407630350890e+01,-4.501717556187948333e+01,3.014855759744250463e-04
1.413000000000000114e+02,2.000000000000000111e-01,-4.501678970592199391e+01,-4.501708989840723518e+01,3.001924852412685141e-04
1.414000000000000057e+02,2.000000000000000111e-01,-4.501670575739238700e+01,-4.501700466218333929e+01,2.989047909522923874e-04
1.415000000000000000e+02,2.000000000000000111e-01,-4.501662222860542784e+01,-4.501691985107687799e+01,2.976224714501540802e-04
1.415999999999999943e+02,2.000000000000000111e-01,-4.501653911746240055e+01,-4.501683546296757044e+01,2.963455051698815623e-04
1.417000000000000171e+02,2.000000000000000111e-01,-4.501645642187509111e+01,-4.501675149574572288e+01,2.950738706317679316e-04
1.418000000000000114e+02,2.000000000000000111e-01,-4.501637413976571622e+01,-4.501666794731213628e+01,2.938075464200551323e-04
1.419000000000000057e+02,2.000000000000000111e-01,-4.501629226906688785e+01,-4.501658481557809921e+01,2.925465112113556643e-04
1.420000000000000000e+02,2.000000000000000111e-01,-4.501621080772155636e+01,-4.501650209846531681e+01,2.912907437604417282e-04
1.420999999999999943e+02,2.000000000000000111e-01,-4.501612975368294656e+01,-4.501641979390585391e+01,2.900402229073506533e-04
1.422000000000000171e+02,2.000000000000000111e-01,-4.501604910491452927e+01,-4.501633789984209955e+01,2.887949275702794694e-04
1.423000000000000114e+02,2.000000000000000111e-01,-4.501596885938995740e+01,-4.501625641422668878e+01,2.875548367313740528e-04
1.424000000000000057e+02,2.000000000000000111e-01,-4.501588901509300911e+01,-4.501617533502248136e+01,2.863199294722562627e-04
1.425000000000000000e+02,2.000000000000000111e-01,-4.501580957001754513e+01,-4.501609466020249073e+01,2.850901849456022319e-04
1.425999999999999943e+02,2.000000000000000111e-01,-4.501573052216745907e+01,-4.501601438774984842e+01,2.838655823893532215e-04
1.427000000000000171e+02,2.000000000000000111e-01,-4.501565186955662057e+01,-4.501593451565772597e+01,2.826461011053993388e-04
1.428000000000000114e+02,2.000000000000000111e-01,-4.501557361020883974e+01,-4.501585504192932774e+01,2.814317204880012468e-04
1.429000000000000057e+02,2.000000000000000111e-01,-4.501549574215779614e+01,-4.501577596457780572e+01,2.802224200095793094e-04
1.430000000000000000e+02,2.000000000000000111e-01,-4.501541826344701036e+01,-4.501569728162621686e+01,2.790181792065027366e-04
1.430999999999999943e+02,2.000000000000000111e-01,-4.501534117212977293e+01,-4.501561899110748755e+01,2.778189777146167216e-04
1.432000000000000171e+02,2.000000000000000111e-01,-4.501526446626912303e+01,-4.501554109106434964e+01,2.766247952266098764e-04
1.433000000000000114e+02,2.000000000000000111e-01,-4.501518814393777745e+01,-4.501546357954929789e+01,2.754356115204359412e-04
1.434000000000000057e+02,2.000000000000000111e-01,-4.501511220321808793e+01,-4.501538645462454014e+01,2.742514064522083572e-04
1.435000000000000000e+02,2.000000000000000111e-01,-4.501503664220199852e+01,-4.501530971436194761e+01,2.730721599490948392e-04
1.435999999999999943e+02,2.000000000000000111e-01,-4.501496145899098877e+01,-4.501523335684301230e+01,2.718978520235282303e-04
1.437000000000000171e+02,2.000000000000000111e-01,-4.501488665169603109e+01,-4.501515738015879720e+01,2.707284627661010745e-04
1.438000000000000114e+02,2.000000000000000111e-01,-4.501481221843754810e+01,-4.501508178240987235e+01,2.695639723242493346e-04
1.439000000000000057e+02,2.000000000000000111e-01,-4.501473815734536288e+01,-4.501500656170628645e+01,2.684043609235686745e-04
1.440000000000000000e+02,2.000000000000000111e-01,-4.501466446655863507e+01,-4.501493171616753841e+01,2.672496089033415956e-04
1.440999999999999943e+02,2.000000000000000111e-01,-4.501459114422583951e+01,-4.501485724392246368e+01,2.660996966241668815e-04
1.442000000000000171e+02,2.000000000000000111e-01,-4.501451818850470943e+01,-4.501478314310925555e+01,2.649546045461192989e-04
1.443000000000000114e+02,2.000000000000000111e-01,-4.501444559756218666e+01,-4.501470941187540120e+01,2.638143132145387426e-04
1.444000000000000057e+02,2.000000000000000111e-01,-4.501437336957437907e+01,-4.501463604837761068e+01,2.626788032316085264e-04
1.445000000000000000e+02,2.000000000000000111e-01,-4.501430150272650366e+01,-4.501456305078178843e+01,2.615480552847770923e-04
1.445999999999999943e+02,2.000000000000000111e-01,-4.501422999521287238e+01,-4.501449041726299782e+01,2.604220501254417286e-04
1.447000000000000171e+02,2.000000000000000111e-01,-4.501415884523680688e+01,-4.501441814600539004e+01,2.593007685831594245e-04
1.448000000000000114e+02,2.000000000000000111e-01,-4.501408805101062427e+01,-4.501434623520218281e+01,2.581841915585414426e-04
1.449000000000000057e+02,2.000000000000000111e-01,-4.501401761075557317e+01,-4.501427468305560353e+01,2.570723000303587469e-04
1.450000000000000000e+02,2.000000000000000111e-01,-4.501394752270179822e+01,-4.501420348777685376e+01,2.559650750555420018e-04
1.450999999999999943e+02,2.000000000000000111e-01,-4.501387778508829030e+01,-4.501413264758602395e+01,2.548624977336544362e-04
1.452000000000000171e+02,2.000000000000000111e-01,-4.501380839616285101e+01,-4.501406216071212896e+01,2.537645492779461165e-04
1.453000000000000114e+02,2.000000000000000111e-01,-4.501373935418203587e+01,-4.501399202539298017e+01,2.526712109442996734e-04
1.454000000000000057e+02,2.000000000000000111e-01,-4.501367065741112583e+01,-4.501392223987519969e+01,2.515824640738628659e-04
1.455000000000000000e+02,2.000000000000000111e-01,-4.501360230412407049e+01,-4.501385280241413511e+01,2.504982900646268718e-04
1.455999999999999943e+02,2.000000000000000111e-01,-4.501353429260345251e+01,-4.501378371127385947e+01,2.494186704069534244e-04
1.457000000000000171e+02,2.000000000000000111e-01,-4.501346662114043795e+01,-4.501371496472707179e+01,2.483435866338368214e-04
1.458000000000000114e+02,2.000000000000000111e-01,-4.501339928803473356e+01,-4.501364656105512552e+01,2.472730203919581982e-04
1.459000000000000057e+02,2.000000000000000111e-01,-4.501333229159455840e+01,-4.501357849854791482e+01,2.462069533564203994e-04
1.460000000000000000e+02,2.000000000000000111e-01,-4.501326563013658699e+01,-4.501351077550387458e+01,2.451453672875913981e-04
1.460999999999999943e+02,2.000000000000000111e-01,-4.501319930198590669e+01,-4.501344339022992358e+01,2.440882440168934409e-04
1.462000000000000171e+02,2.000000000000000111e-01,-4.501313330547597502e+01,-4.501337634104143604e+01,2.430355654610139027e-04
1.463000000000000114e+02,2.000000000000000111e-01,-4.501306763894859841e+01,-4.501330962626217058e+01,2.419873135721672952e-04
1.464000000000000057e+02,2.000000000000000111e-01,-4.501300230075385400e+01,-4.501324324422424183e+01,2.409434703878332584e-04
1.465000000000000000e+02,2.000000000000000111e-01,-4.501293728925008253e+01,-4.501317719326812039e+01,2.399040180378619880e-04
1.465999999999999943e+02,2.000000000000000111e-01,-4.501287260280383151e+01,-4.501311147174251204e+01,2.388689386805253889e-04
1.467000000000000171e+02,2.000000000000000111e-01,-4.501280823978981260e+01,-4.501304607800437907e+01,2.378382145664659220e-04
1.468000000000000114e+02,2.000000000000000111e-01,-4.501274419859086606e+01,-4.501298101041888344e+01,2.368118280173803214e-04
1.469000000000000057e+02,2.000000000000000111e-01,-4.501268047759791102e+01,-4.501291626735931573e+01,2.357897614047033130e-04
1.470000000000000000e+02,2.000000000000000111e-01,-4.501261707520992417e+01,-4.501285184720711641e+01,2.347719971922401783e-04
1.470999999999999943e+02,2.000000000000000111e-01,-4.501255398983387579e+01,-4.501278774835175511e+01,2.337585178793233354e-04
1.472000000000000171e+02,2.000000000000000111e-01,-4.501249121988470847e+01,-4.501272396919077323e+01,2.327493060647611856e-04
1.473000000000000114e+02,2.000000000000000111e-01,-4.501242876378528734e+01,-4.501266050812968444e+01,2.317443443971001216e-04
1.474000000000000057e+02,2.000000000000000111e-01,-4.501236661996635746e+01,-4.501259736358195340e+01,2.307436155959408097e-04
1.475000000000000000e+02,2.000000000000000111e-01,-4.501230478686652248e+01,-4.501253453396896731e+01,2.297471024448327626e-04
1.475999999999999943e+02,2.000000000000000111e-01,-4.501224326293218780e+01,-4.501247201771998618e+01,2.287547877983797662e-04
1.477000000000000171e+02,2.000000000000000111e-01,-4.501218204661752509e+01,-4.501240981327210022e+01,2.277666545751344529e-04
1.478000000000000114e+02,2.000000000000000111e-01,-4.501212113638443668e+01,-4.501234791907019428e+01,2.267826857575983013e-04
1.479000000000000057e+02,2.000000000000000111e-01,-4.501206053070251301e+01,-4.501228633356690523e+01,2.258028643922216361e-04
1.480000000000000000e+02,2.000000000000000111e-01,-4.501200022804899703e+01,-4.501222505522259354e+01,2.248271735965090556e-04
1.480999999999999943e+02,2.000000000000000111e-01,-4.501194022690874874e+01,-4.501216408250529355e+01,2.238555965448085772e-04
1.482000000000000171e+02,2.000000000000000111e-01,-4.501188052577420251e+01,-4.501210341389069924e+01,2.228881164967333461e-04
1.483000000000000114e+02,2.000000000000000111e-01,-4.501182112314533157e+01,-4.501204304786207899e+01,2.219247167474236448e-04
1.484000000000000057e+02,2.000000000000000111e-01,-4.501176201752960537e+01,-4.501198298291028266e+01,2.209653806772848839e-04
1.485000000000000000e+02,2.000000000000000111e-01,-4.501170320744195408e+01,-4.501192321753369185e+01,2.200100917377767473e-04
1.485999999999999943e+02,2.000000000000000111e-01,-4.501164469140474722e+01,-4.501186375023814890e+01,2.190588334016752015e-04
1.487000000000000171e+02,2.000000000000000111e-01,-4.501158646794772267e+01,-4.501180457953698522e+01,2.181115892625484776e-04
1.488000000000000114e+02,2.000000000000000111e-01,-4.501152853560798661e+01,-4.501174570395092189e+01,2.171683429352810890e-04
1.489000000000000057e+02,2.000000000000000111e-01,-4.501147089292994963e+01,-4.501168712200806965e+01,2.162290781200226775e-04
1.490000000000000000e+02,2.000000000000000111e-01,-4.501141353846529825e+01,-4.501162883224387201e+01,2.152937785737663035e-04
1.490999999999999943e+02,2.000000000000000111e-01,-4.501135647077297364e+01,-4.501157083320109109e+01,2.143624281174538737e-04
1.492000000000000171e+02,2.000000000000000111e-01,-4.501129968841910767e+01,-4.501151312342974364e+01,2.134350106359761412e-04
1.493000000000000114e+02,2.000000000000000111e-01,-4.501124318997700868e+01,-4.501145570148707975e+01,2.125115100710672777e-04
1.494000000000000057e+02,2.000000000000000111e-01,-4.501118697402712598e+01,-4.501139856593755439e+01,2.115919104284103014e-04
1.495000000000000000e+02,2.000000000000000111e-01,-4.501113103915699298e+01,-4.501134171535277062e+01,2.106761957776370764e-04
1.495999999999999943e+02,2.000000000000000111e-01,-4.501107538396120589e+01,-4.501128514831145111e+01,2.097643502452228859e-04
1.497000000000000171e+02,2.000000000000000111e-01,-4.501102000704140238e+01,-4.501122886339943818e+01,2.088563580358027139e-04
1.498000000000000114e+02,2.000000000000000111e-01,-4.501096490700619768e+01,-4.501117285920959432e+01,2.079522033966441086e-04
1.499000000000000057e+02,2.000000000000000111e-01,-4.501091008247116321e+01,-4.501111713434180217e+01,2.070518706389634644e-04
1.500000000000000000e+02,2.000000000000000111e-01,-4.501085553205880530e+01,-4.501106168740295743e+01,2.061553441521368768e-04
1.500999999999999943e+02,2.000000000000000111e-01,-4.501080125439850832e+01,-4.501100651700686939e+01,2.052626083610675778e-04
1.502000000000000171e+02,2.000000000000000111e-01,-4.501074724812651340e+01,-4.501095162177428222e+01,2.043736477688185005e-04
1.503000000000000114e+02,2.000000000000000111e-01,-4.501069351188588286e+01,-4.501089700033281105e+01,2.034884469281905695e-04
1.504000000000000057e+02,2.000000000000000111e-01,-4.501064004432645049e+01,-4.501084265131690643e+01,2.026069904559335555e-04
1.505000000000000000e+02,2.000000000000000111e-01,-4.501058684410482158e+01,-4.501078857336786143e+01,2.017292630398515030e-04
1.505999999999999943e+02,2.000000000000000111e-01,-4.501053390988429470e+01,-4.501073476513370508e+01,2.008552494103810204e-04
1.507000000000000171e+02,2.000000000000000111e-01,-4.501048124033487596e+01,-4.501068122526923787e+01,1.999849343619075626e-04
1.508000000000000114e+02,2.000000000000000111e-01,-4.501042883413320084e+01,-4.501062795243596781e+01,1.991183027669762851e-04
1.509000000000000057e+02,2.000000000000000111e-01,-4.501037668996253416e+01,-4.501057494530205361e+01,1.982553395194486257e-04
1.510000000000000000e+02,2.000000000000000111e-01,-4.501032480651272039e+01,-4.501052220254231884e+01,1.973960295984511504e-04
1.510999999999999943e+02,2.000000000000000111e-01,-4.501027318248015519e+01,-4.501046972283820224e+01,1.965403580470592715e-04
1.512000000000000171e+02,2.000000000000000111e-01,-4.501022181656775700e+01,-4.501041750487770088e+01,1.956883099438755380e-04
1.513000000000000114e+02,2.000000000000000111e-01,-4.501017070748491733e+01,-4.501036554735536299e+01,1.948398704456621999e-04
1.514000000000000057e+02,2.000000000000000111e-01,-4.501011985394749360e+01,-4.501031384897224541e+01,1.939950247518140714e-04
1.515000000000000000e+02,2.000000000000000111e-01,-4.501006925467775943e+01,-4.501026240843589221e+01,1.931537581327802400e-04
1.515999999999999943e+02,2.000000000000000111e-01,-4.501001890840436914e+01,-4.501021122446029210e+01,1.923160559229586397e-04
1.517000000000000171e+02,2.000000000000000111e-01,-4.500996881386235060e+01,-4.501016029576582866e+01,1.914819034780634865e-04
1.518000000000000114e+02,2.000000000000000111e-01,-4.500991896979304130e+01,-4.501010962107928037e+01,1.906512862390741248e-04
1.519000000000000057e+02,2.000000000000000111e-01,-4.500986937494407414e+01,-4.501005919913379216e+01,1.898241897180241722e-04
1.520000000000000000e+02,2.000000000000000111e-01,-4.500982002806935611e+01,-4.501000902866881148e+01,1.890005994553689561e-04
1.520999999999999943e+02,2.000000000000000111e-01,-4.500977092792901146e+01,-4.500995910843006698e+01,1.881805010555126501e-04
1.522000000000000171e+02,2.000000000000000111e-01,-4.500972207328936747e+01,-4.500990943716954718e+01,1.873638801797028464e-04
1.523000000000000114e+02,2.000000000000000111e-01,-4.500967346292291893e+01,-4.500986001364547917e+01,1.865507225602414110e-04
1.524000000000000057e+02,2.000000000000000111e-01,-4.500962509560830682e+01,-4.500981083662225757e+01,1.857410139507464919e-04
1.525000000000000000e+02,2.000000000000000111e-01,-4.500957697013026859e+01,-4.500976190487047290e+01,1.849347402043122202e-04
1.525999999999999943e+02,2.000000000000000111e-01,-4.500952908527961682e+01,-4.500971321716680507e+01,1.841318871882435815e-04
1.527000000000000171e+02,2.000000000000000111e-01,-4.500948143985321792e+01,-4.500966477229408724e+01,1.833324408693215446e-04
1.528000000000000114e+02,2.000000000000000111e-01,-4.500943403265394949e+01,-4.500961656904117092e+01,1.825363872214325056e-04
1.529000000000000057e+02,2.000000000000000111e-01,-4.500938686249067899e+01,-4.500956860620297562e+01,1.817437122966225616e-04
1.530000000000000000e+02,2.000000000000000111e-01,-4.500933992817822826e+01,-4.500952088258044625e+01,1.809544022179920830e-04
1.530999999999999943e+02,2.000000000000000111e-01,-4.500929322853733794e+01,-4.500947339698046790e+01,1.801684431299577227e-04
1.532000000000000171e+02,2.000000000000000111e-01,-4.500924676239465327e+01,-4.500942614821591548e+01,1.793858212622012616e-04
1.533000000000000114e+02,2.000000000000000111e-01,-4.500920052858268150e+01,-4.500937913510555433e+01,1.786065228728261900e-04
1.534000000000000057e+02,2.000000000000000111e-01,-4.500915452593977051e+01,-4.500933235647406150e+01,1.778305342909902720e-04
1.535000000000000000e+02,2.000000000000000111e-01,-4.500910875331007333e+01,-4.500928581115196891e+01,1.770578418955892630e-04
1.536000000000000227e+02,2.000000000000000111e-01,-4.500906320954351969e+01,-4.500923949797562784e+01,1.762884321081514827e-04
1.537000000000000171e+02,2.000000000000000111e-01,-4.500901789349580184e+01,-4.500919341578723021e+01,1.755222914283649516e-04
1.538000000000000114e+02,2.000000000000000111e-01,-4.500897280402832479e+01,-4.500914756343470202e+01,1.747594063772339723e-04
1.539000000000000057e+02,2.000000000000000111e-01,-4.500892794000818498e+01,-4.500910193977173890e+01,1.739997635539225485e-04
1.540000000000000000e+02,2.000000000000000111e-01,-4.500888330030814188e+01,-4.500905654365773501e+01,1.732433495931218204e-04
1.541000000000000227e+02,2.000000000000000111e-01,-4.500883888380660380e+01,-4.500901137395780438e+01,1.724901512005772020e-04
1.542000000000000171e+02,2.000000000000000111e-01,-4.500879468938757100e+01,-4.500896642954268145e+01,1.717401551104558166e-04
1.543000000000000114e+02,2.000000000000000111e-01,-4.500875071594063570e+01,-4.500892170928877078e+01,1.709933481350844886e-04
1.544000000000000057e+02,2.000000000000000111e-01,-4.500870696236093238e+01,-4.500887721207806180e+01,1.702497171294226064e-04
1.545000000000000000e+02,2.000000000000000111e-01,-4.500866342754913063e+01,-4.500883293679810748e+01,1.695092489768512678e-04
1.546000000000000227e+02,2.000000000000000111e-01,-4.500862011041138544e+01,-4.500878888234203856e+01,1.687719306531221264e-04
1.547000000000000171e+02,2.000000000000000111e-01,-4.500857700985933008e+01,-4.500874504760848538e+01,1.680377491553031177e-04
1.548000000000000114e+02,2.000000000000000111e-01,-4.500853412481003346e+01,-4.500870143150157787e+01,1.673066915444110236e-04
1.549000000000000057e+02,2.000000000000000111e-01,-4.500849145418598596e+01,-4.500865803293091005e+01,1.665787449240951901e-04
1.550000000000000000e+02,2.000000000000000111e-01,-4.500844899691505674e+01,-4.500861485081151159e+01,1.658538964548483818e-04
1.551000000000000227e+02,2.000000000000000111e-01,-4.500840675193047957e+01,-4.500857188406384068e+01,1.651321333611122100e-04
1.552000000000000171e+02,2.000000000000000111e-01,-4.500836471817082440e+01,-4.500852913161371305e+01,1.644134428886445676e-04
1.553000000000000114e+02,2.000000000000000111e-01,-4.500832289457996893e+01,-4.500848659239231608e+01,1.636978123471521940e-04
1.554000000000000057e+02,2.000000000000000111e-01,-4.500828128010707019e+01,-4.500844426533618048e+01,1.629852291102906747e-04
1.555000000000000000e+02,2.000000000000000111e-01,-4.500823987370653612e+01,-4.500840214938711625e+01,1.622756805801373048e-04
1.556000000000000227e+02,2.000000000000000111e-01,-4.500819867433800425e+01,-4.500836024349221987e+01,1.615691542156127980e-04
1.557000000000000171e+02,2.000000000000000111e-01,-4.500815768096631331e+01,-4.500831854660384579e+01,1.608656375324812871e-04
1.558000000000000114e+02,2.000000000000000111e-01,-4.500811689256148185e+01,-4.500827705767957809e+01,1.601651180962448962e-04
1.559000000000000057e+02,2.000000000000000111e-01,-4.500807630809867277e+01,-4.500823577568217360e+01,1.594675835008274589e-04
1.560000000000000000e+02,2.000000000000000111e-01,-4.500803592655817909e+01,-4.500819469957959740e+01,1.587730214183125099e-04
1.561000000000000227e+02,2.000000000000000111e-01,-4.500799574692538840e+01,-4.500815382834493050e+01,1.580814195420998658e-04
1.562000000000000171e+02,2.000000000000000111e-01,-4.500795576819076160e+01,-4.500811316095639825e+01,1.573927656366436167e-04
1.563000000000000114e+02,2.000000000000000111e-01,-4.500791598934980442e+01,-4.500807269639732056e+01,1.567070475161358445e-04
1.564000000000000057e+02,2.000000000000000111e-01,-4.500787640940305323e+01,-4.500803243365606932e+01,1.560242530160849128e-04
1.565000000000000000e+02,2.000000000000000111e-01,-4.500783702735603953e+01,-4.500799237172607548e+01,1.553443700359480317e-04
1.566000000000000227e+02,2.000000000000000111e-01,-4.500779784221926150e+01,-4.500795250960578642e+01,1.546673865249204027e-04
1.567000000000000171e+02,2.000000000000000111e-01,-4.500775885300816270e+01,-4.500791284629866595e+01,1.539932905032515009e-04
1.568000000000000114e+02,2.000000000000000111e-01,-4.500772005874312498e+01,-4.500787338081310196e+01,1.533220699769799467e-04
1.569000000000000057e+02,2.000000000000000111e-01,-4.500768145844941159e+01,-4.500783411216247032e+01,1.526537130587257707e-04
1.570000000000000000e+02,2.000000000000000111e-01,-4.500764305115716724e+01,-4.500779503936505677e+01,1.519882078895307131e-04
1.571000000000000227e+02,2.000000000000000111e-01,-4.500760483590138250e+01,-4.500775616144402846e+01,1.513255426459636510e-04
1.572000000000000171e+02,2.000000000000000111e-01,-4.500756681172187257e+01,-4.500771747742744111e+01,1.506657055685423074e-04
1.573000000000000114e+02,2.000000000000000111e-01,-4.500752897766326299e+01,-4.500767898634819630e+01,1.500086849333115424e-04
1.574000000000000057e+02,2.000000000000000111e-01,-4.500749133277494707e+01,-4.500764068724400602e+01,1.493544690589487800e-04
1.575000000000000000e+02,2.000000000000000111e-01,-4.500745387611107162e+01,-4.500760257915739260e+01,1.487030463209748632e-04
1.576000000000000227e+02,2.000000000000000111e-01,-4.500741660673051570e+01,-4.500756466113565324e+01,1.480544051375431991e-04
1.577000000000000171e+02,2.000000000000000111e-01,-4.500737952369686212e+01,-4.500752693223083867e+01,1.474085339765451863e-04
1.578000000000000114e+02,2.000000000000000111e-01,-4.500734262607837621e+01,-4.500748939149971761e+01,1.467654213413993602e-04
1.579000000000000057e+02,2.000000000000000111e-01,-4.500730591294798444e+01,-4.500745203800378391e+01,1.461250557994731025e-04
1.580000000000000000e+02,2.000000000000000111e-01,-4.500726938338324601e+01,-4.500741487080918546e+01,1.454874259394500768e-04
1.581000000000000227e+02,2.000000000000000111e-01,-4.500723303646633155e+01,-4.500737788898673841e+01,1.448525204068573657e-04
1.582000000000000171e+02,2.000000000000000111e-01,-4.500719687128400182e+01,-4.500734109161190588e+01,1.442203279040654706e-04
1.583000000000000114e+02,2.000000000000000111e-01,-4.500716088692757921e+01,-4.500730447776474108e+01,1.435908371618666024e-04
1.584000000000000057e+02,2.000000000000000111e-01,-4.500712508249294075e+01,-4.500726804652990154e+01,1.429640369607909633e-04
1.585000000000000000e+02,2.000000000000000111e-01,-4.500708945708047537e+01,-4.500723179699660648e+01,1.423399161311067473e-04
1.586000000000000227e+02,2.000000000000000111e-01,-4.500705400979506976e+01,-4.500719572825860837e+01,1.417184635386092850e-04
1.587000000000000171e+02,2.000000000000000111e-01,-4.500701873974609413e+01,-4.500715983941420006e+01,1.410996681059373259e-04
1.588000000000000114e+02,2.000000000000000111e-01,-4.500698364604736668e+01,-4.500712412956613662e+01,1.404835187699404742e-04
1.589000000000000057e+02,2.000000000000000111e-01,-4.500694872781713229e+01,-4.500708859782169213e+01,1.398700045598388897e-04
1.590000000000000000e+02,2.000000000000000111e-01,-4.500691398417804834e+01,-4.500705324329256030e+01,1.392591145119581597e-04
1.591000000000000227e+02,2.000000000000000111e-01,-4.500687941425715621e+01,-4.500701806509488279e+01,1.386508377265727177e-04
1.592000000000000171e+02,2.000000000000000111e-01,-4.500684501718586716e+01,-4.500698306234919244e+01,1.380451633252732790e-04
1.593000000000000114e+02,2.000000000000000111e-01,-4.500681079209994095e+01,-4.500694823418042745e+01,1.374420804864939782e-04
1.594000000000000057e+02,2.000000000000000111e-01,-4.500677673813944324e+01,-4.500691357971788165e+01,1.368415784384069411e-04
1.595000000000000000e+02,2.000000000000000111e-01,-4.500674285444874556e+01,-4.500687909809518317e+01,1.362436464376060030e-04
1.596000000000000227e+02,2.000000000000000111e-01,-4.500670914017650404e+01,-4.500684478845030156e+01,1.356482737975284181e-04
1.597000000000000171e+02,2.000000000000000111e-01,-4.500667559447562383e+01,-4.500681064992548386e+01,1.350554498600331499e-04
1.598000000000000114e+02,2.000000000000000111e-01,-4.500664221650324492e+01,-4.500677668166726875e+01,1.344651640238225809e-04
1.599000000000000057e+02,2.000000000000000111e-01,-4.500660900542072795e+01,-4.500674288282645108e+01,1.338774057231262304e-04
1.600000000000000000e+02,2.000000000000000111e-01,-4.500657596039362573e+01,-4.500670925255805344e+01,1.332921644277007545e-04
1.601000000000000227e+02,2.000000000000000111e-01,-4.500654308059165487e+01,-4.500667579002131902e+01,1.327094296641462279e-04
1.602000000000000171e+02,2.000000000000000111e-01,-4.500651036518869574e+01,-4.500664249437967612e+01,1.321291909803790077e-04
1.603000000000000114e+02,2.000000000000000111e-01,-4.500647781336274988e+01,-4.500660936480074525e+01,1.315514379953697244e-04
1.604000000000000057e+02,2.000000000000000111e-01,-4.500644542429593287e+01,-4.500657640045628227e+01,1.309761603494052906e-04
1.605000000000000000e+02,2.000000000000000111e-01,-4.500641319717445299e+01,-4.500654360052216418e+01,1.304033477111943284e-04
1.606000000000000227e+02,2.000000000000000111e-01,-4.500638113118858286e+01,-4.500651096417840336e+01,1.298329898204997335e-04
1.607000000000000171e+02,2.000000000000000111e-01,-4.500634922553263806e+01,-4.500647849060909778e+01,1.292650764597169655e-04
1.608000000000000114e+02,2.000000000000000111e-01,-4.500631747940497718e+01,-4.500644617900238131e+01,1.286995974041360569e-04
1.609000000000000057e+02,2.000000000000000111e-01,-4.500628589200795204e+01,-4.500641402855048057e+01,1.281365425285230231e-04
1.610000000000000000e+02,2.000000000000000111e-01,-4.500625446254791484e+01,-4.500638203844962248e+01,1.275759017076438795e-04
1.611000000000000227e+02,2.000000000000000111e-01,-4.500622319023517548e+01,-4.500635020790006280e+01,1.270176648873189151e-04
1.612000000000000171e+02,2.000000000000000111e-01,-4.500619207428400159e+01,-4.500631853610603628e+01,1.264618220346847011e-04
1.613000000000000114e+02,2.000000000000000111e-01,-4.500616111391258301e+01,-4.500628702227572830e+01,1.259083631452995178e-04
1.614000000000000057e+02,2.000000000000000111e-01,-4.500613030834301753e+01,-4.500625566562131041e+01,1.253572782928813467e-04
1.615000000000000000e+02,2.000000000000000111e-01,-4.500609965680130387e+01,-4.500622446535886212e+01,1.248085575582535967e-04
1.616000000000000227e+02,2.000000000000000111e-01,-4.500606915851729894e+01,-4.500619342070837092e+01,1.242621910719776679e-04
1.617000000000000171e+02,2.000000000000000111e-01,-4.500603881272471085e+01,-4.500616253089371810e+01,1.237181690072475249e-04
1.618000000000000114e+02,2.000000000000000111e-01,-4.500600861866108460e+01,-4.500613179514266449e+01,1.231764815798896961e-04
1.619000000000000057e+02,2.000000000000000111e-01,-4.500597857556778081e+01,-4.500610121268680075e+01,1.226371190199415651e-04
1.620000000000000000e+02,2.000000000000000111e-01,-4.500594868268994020e+01,-4.500607078276158290e+01,1.221000716427056432e-04
1.621000000000000227e+02,2.000000000000000111e-01,-4.500591893927649068e+01,-4.500604050460623284e+01,1.215653297421681600e-04
1.622000000000000171e+02,2.000000000000000111e-01,-4.500588934458010471e+01,-4.500601037746382360e+01,1.210328837188967555e-04
1.623000000000000114e+02,2.000000000000000111e-01,-4.500585989785720642e+01,-4.500598040058116567e+01,1.205027239592482147e-04
1.624000000000000057e+02,2.000000000000000111e-01,-4.500583059836792188e+01,-4.500595057320883541e+01,1.199748409135281690e-04
1.625000000000000000e+02,2.000000000000000111e-01,-4.500580144537607907e+01,-4.500592089460113243e+01,1.194492250533585320e-04
1.626000000000000227e+02,2.000000000000000111e-01,-4.500577243814920081e+01,-4.500589136401611512e+01,1.189258669143100633e-04
1.627000000000000171e+02,2.000000000000000111e-01,-4.500574357595845498e+01,-4.500586198071550115e+01,1.184047570461643772e-04
1.628000000000000114e+02,2.000000000000000111e-01,-4.500571485807866168e+01,-4.500583274396471012e+01,1.178858860484410798e-04
1.629000000000000057e+02,2.000000000000000111e-01,-4.500568628378827185e+01,-4.500580365303282804e+01,1.173692445561869135e-04
1.630000000000000000e+02,2.000000000000000111e-01,-4.500565785236933181e+01,-4.500577470719256468e+01,1.168548232328703307e-04
1.631000000000000227e+02,2.000000000000000111e-01,-4.500562956310748319e+01,-4.500574590572028910e+01,1.163426128059086295e-04
1.632000000000000171e+02,2.000000000000000111e-01,-4.500560141529194880e+01,-4.500571724789594441e+01,1.158326039956136810e-04
1.633000000000000114e+02,2.000000000000000111e-01,-4.500557340821548991e+01,-4.500568873300310457e+01,1.153247876146679118e-04
1.634000000000000057e+02,2.000000000000000111e-01,-4.500554554117441342e+01,-4.500566036032888917e+01,1.148191544757537486e-04
1.635000000000000000e+02,2.000000000000000111e-01,-4.500551781346854341e+01,-4.500563212916397049e+01,1.143156954270807546e-04
1.636000000000000227e+02,2.000000000000000111e-01,-4.500549022440119984e+01,-4.500560403880257354e+01,1.138144013737019122e-04
1.637000000000000171e+02,2.000000000000000111e-01,-4.500546277327919142e+01,-4.500557608854244052e+01,1.133152632490919132e-04
1.638000000000000114e+02,2.000000000000000111e-01,-4.500543545941279433e+01,-4.500554827768480948e+01,1.128182720151471585e-04
1.639000000000000057e+02,2.000000000000000111e-01,-4.500540828211573086e+01,-4.500552060553441436e+01,1.123234186835020409e-04
1.640000000000000000e+02,2.000000000000000111e-01,-4.500538124070515522e+01,-4.500549307139944233e+01,1.118306942871072351e-04
1.641000000000000227e+02,2.000000000000000111e-01,-4.500535433450163225e+01,-4.500546567459154090e+01,1.113400899086514073e-04
1.642000000000000171e+02,2.000000000000000111e-01,-4.500532756282912317e+01,-4.500543841442578952e+01,1.108515966663503605e-04
1.643000000000000114e+02,2.000000000000000111e-01,-4.500530092501497847e+01,-4.500541129022067821e+01,1.103652056997361797e-04
1.644000000000000057e+02,2.000000000000000111e-01,-4.500527442038990245e+01,-4.500538430129810763e+01,1.098809082051843689e-04
1.645000000000000000e+02,2.000000000000000111e-01,-4.500524804828795311e+01,-4.500535744698335350e+01,1.093986954003867140e-04
1.646000000000000227e+02,2.000000000000000111e-01,-4.500522180804651384e+01,-4.500533072660505240e+01,1.089185585385621380e-04
1.647000000000000171e+02,2.000000000000000111e-01,-4.500519569900627914e+01,-4.500530413949519470e+01,1.084404889155621277e-04
1.648000000000000114e+02,2.000000000000000111e-01,-4.500516972051124753e+01,-4.500527768498909609e+01,1.079644778485544521e-04
1.649000000000000057e+02,2.000000000000000111e-01,-4.500514387190869314e+01,-4.500525136242539759e+01,1.074905167044448717e-04
1.650000000000000000e+02,2.000000000000000111e-01,-4.500511815254915149e+01,-4.500522517114603716e+01,1.070185968856662839e-04
1.651000000000000227e+02,2.000000000000000111e-01,-4.500509256178640527e+01,-4.500519911049622124e+01,1.065487098159678681e-04
1.652000000000000171e+02,2.000000000000000111e-01,-4.500506709897747015e+01,-4.500517317982443899e+01,1.060808469688367950e-04
1.653000000000000114e+02,2.000000000000000111e-01,-4.500504176348258056e+01,-4.500514737848242675e+01,1.056149998461819450e-04
1.654000000000000057e+02,2.000000000000000111e-01,-4.500501655466516837e+01,-4.500512170582514671e+01,1.051511599783339079e-04
1.655000000000000000e+02,2.000000000000000111e-01,-4.500499147189184157e+01,-4.500509616121077272e+01,1.046893189311504102e-04
1.656000000000000227e+02,2.000000000000000111e-01,-4.500496651453238428e+01,-4.500507074400069030e+01,1.042294683060163152e-04
1.657000000000000171e+02,2.000000000000000111e-01,-4.500494168195972122e+01,-4.500504545355948238e+01,1.037715997611599050e-04
1.658000000000000114e+02,2.000000000000000111e-01,-4.500491697354992482e+01,-4.500502028925487252e+01,1.033157049477040346e-04
1.659000000000000057e+02,2.000000000000000111e-01,-4.500489238868217257e+01,-4.500499525045775329e+01,1.028617755807204048e-04
1.660000000000000000e+02,2.000000000000000111e-01,-4.500486792673876124e+01,-4.500497033654215784e+01,1.024098033965969989e-04
1.661000000000000227e+02,2.000000000000000111e-01,-4.500484358710506427e+01,-4.500494554688523863e+01,1.019597801743543641e-04
1.662000000000000171e+02,2.000000000000000111e-01,-4.500481936916953885e+01,-4.500492088086724607e+01,1.015116977072239024e-04
1.663000000000000114e+02,2.000000000000000111e-01,-4.500479527232369037e+01,-4.500489633787152854e+01,1.010655478381750072e-04
1.664000000000000057e+02,2.000000000000000111e-01,-4.500477129596207249e+01,-4.500487191728451108e+01,1.006213224385987814e-04
1.665000000000000000e+02,2.000000000000000111e-01,-4.500474743948225864e+01,-4.500484761849568827e+01,1.001790134296243195e-04
1.666000000000000227e+02,2.000000000000000111e-01,-4.500472370228484920e+01,-4.500482344089756737e+01,9.973861271816986118e-05
1.667000000000000171e+02,2.000000000000000111e-01,-4.500470008377342168e+01,-4.500479938388573231e+01,9.930011231062962906e-05
1.668000000000000114e+02,2.000000000000000111e-01,-4.500467658335455212e+01,-4.500477544685874420e+01,9.886350419208156382e-05
1.669000000000000057e+02,2.000000000000000111e-01,-4.500465320043777950e+01,-4.500475162921816263e+01,9.842878038313074285e-05
1.670000000000000000e+02,2.000000000000000111e-01,-4.500462993443559157e+01,-4.500472793036857411e+01,9.799593298254194451e-05
1.671000000000000227e+02,2.000000000000000111e-01,-4.500460678476341059e+01,-4.500470434971748546e+01,9.756495407486909244e-05
1.672000000000000171e+02,2.000000000000000111e-01,-4.500458375083959339e+01,-4.500468088667538780e+01,9.713583579440410176e-05
1.673000000000000114e+02,2.000000000000000111e-01,-4.500456083208539582e+01,-4.500465754065569257e+01,9.670857029675516969e-05
1.674000000000000057e+02,2.000000000000000111e-01,-4.500453802792496560e+01,-4.500463431107476708e+01,9.628314980147933966e-05
1.675000000000000000e+02,2.000000000000000111e-01,-4.500451533778534241e+01,-4.500461119735184923e+01,9.585956650681737301e-05
1.676000000000000227e+02,2.000000000000000111e-01,-4.500449276109641517e+01,-4.500458819890911144e+01,9.543781269627515940e-05
1.677000000000000171e+02,2.000000000000000111e-01,-4.500447029729093629e+01,-4.500456531517158254e+01,9.501788064625316110e-05
1.678000000000000114e+02,2.000000000000000111e-01,-4.500444794580447905e+01,-4.500454254556717615e+01,9.459976269710068664e-05
1.679000000000000057e+02,2.000000000000000111e-01,-4.500442570607545889e+01,-4.500451988952663385e+01,9.418345117495618979e-05
1.680000000000000000e+02,2.000000000000000111e-01,-4.500440357754508369e+01,-4.500449734648357492e+01,9.376893849122325264e-05
1.681000000000000227e+02,2.000000000000000111e-01,-4.500438155965736087e+01,-4.500447491587441107e+01,9.335621705020002992e-05
1.682000000000000171e+02,2.000000000000000111e-01,-4.500435965185907605e+01,-4.500445259713838198e+01,9.294527930592266785e-05
1.683000000000000114e+02,2.000000000000000111e-01,-4.500433785359977890e+01,-4.500443038971749843e+01,9.253611771953274001e-05
1.684000000000000057e+02,2.000000000000000111e-01,-4.500431616433178306e+01,-4.500440829305659918e+01,9.212872481612066622e-05
1.685000000000000000e+02,2.000000000000000111e-01,-4.500429458351012357e+01,-4.500438630660325856e+01,9.172309313498772099e-05
1.686000000000000227e+02,2.000000000000000111e-01,-4.500427311059257107e+01,-4.500436442980780782e+01,9.131921523675146091e-05
1.687000000000000171e+02,2.000000000000000111e-01,-4.500425174503961046e+01,-4.500434266212332801e+01,9.091708371755657936e-05
1.688000000000000114e+02,2.000000000000000111e-01,-4.500423048631441247e+01,-4.500432100300562865e+01,9.051669121618033387e-05
1.689000000000000057e+02,2.000000000000000111e-01,-4.500420933388284084e+01,-4.500429945191322645e+01,9.011803038561083667e-05
1.690000000000000000e+02,2.000000000000000111e-01,-4.500418828721342379e+01,-4.500427800830735237e+01,8.972109392857419152e-05
1.691000000000000227e+02,2.000000000000000111e-01,-4.500416734577735411e+01,-4.500425667165190191e+01,8.932587454779650216e-05
1.692000000000000171e+02,2.000000000000000111e-01,-4.500414650904846781e+01,-4.500423544141347065e+01,8.893236500284729118e-05
1.693000000000000114e+02,2.000000000000000111e-01,-4.500412577650322277e+01,-4.500421431706129738e+01,8.854055807461236327e-05
1.694000000000000057e+02,2.000000000000000111e-01,-4.500410514762070591e+01,-4.500419329806726410e+01,8.815044655818837782e-05
1.695000000000000000e+02,2.000000000000000111e-01,-4.500408462188260472e+01,-4.500417238390589603e+01,8.776202329130455837e-05
1.696000000000000227e+02,2.000000000000000111e-01,-4.500406419877319308e+01,-4.500415157405435451e+01,8.737528116142811996e-05
1.697000000000000171e+02,2.000000000000000111e-01,-4.500404387777932413e+01,-4.500413086799237306e+01,8.699021304892085027e-05
1.698000000000000114e+02,2.000000000000000111e-01,-4.500402365839043028e+01,-4.500411026520231417e+01,8.660681188388252849e-05
1.699000000000000057e+02,2.000000000000000111e-01,-4.500400354009848058e+01,-4.500408976516909121e+01,8.622507061062378853e-05
1.700000000000000000e+02,2.000000000000000111e-01,-4.500398352239798783e+01,-4.500406936738021102e+01,8.584498222319325578e-05
1.701000000000000227e+02,2.000000000000000111e-01,-4.500396360478599433e+01,-4.500404907132573129e+01,8.546653973695583772e-05
1.702000000000000171e+02,2.000000000000000111e-01,-4.500394378676206486e+01,-4.500402887649823924e+01,8.508973617438186920e-05
1.703000000000000114e+02,2.000000000000000111e-01,-4.500392406782825105e+01,-4.500400878239288005e+01,8.471456462899595863e-05
1.704000000000000057e+02,2.000000000000000111e-01,-4.500390444748911278e+01,-4.500398878850728579e+01,8.434101817300643233e-05
1.705000000000000000e+02,2.000000000000000111e-01,-4.500388492525166839e+01,-4.500396889434161096e+01,8.396908994257046288e-05
1.706000000000000227e+02,2.000000000000000111e-01,-4.500386550062540891e+01,-4.500394909939849697e+01,8.359877308805607754e-05
1.707000000000000171e+02,2.000000000000000111e-01,-4.500384617312228386e+01,-4.500392940318307922e+01,8.323006079535844037e-05
1.708000000000000114e+02,2.000000000000000111e-01,-4.500382694225667279e+01,-4.500390980520293738e+01,8.286294626458357016e-05
1.709000000000000057e+02,2.000000000000000111e-01,-4.500380780754539245e+01,-4.500389030496813803e+01,8.249742274557547717e-05
1.710000000000000000e+02,2.000000000000000111e-01,-4.500378876850766829e+01,-4.500387090199116358e+01,8.213348349528359904e-05
1.711000000000000227e+02,2.000000000000000111e-01,-4.500376982466512743e+01,-4.500385159578694072e+01,8.177112181328993756e-05
1.712000000000000171e+02,2.000000000000000111e-01,-4.500375097554179860e+01,-4.500383238587281198e+01,8.141033101338734923e-05
1.713000000000000114e+02,2.000000000000000111e-01,-4.500373222066409085e+01,-4.500381327176852864e+01,8.105110443779039997e-05
1.714000000000000057e+02,2.000000000000000111e-01,-4.500371355956077224e+01,-4.500379425299623648e+01,8.069343546424079250e-05
1.715000000000000000e+02,2.000000000000000111e-01,-4.500369499176296983e+01,-4.500377532908046874e+01,8.033731749890193896e-05
1.716000000000000227e+02,2.000000000000000111e-01,-4.500367651680415548e+01,-4.500375649954812474e+01,7.998274396925353358e-05
1.717000000000000171e+02,2.000000000000000111e-01,-4.500365813422013161e+01,-4.500373776392846992e+01,7.962970833830240736e-05
1.718000000000000114e+02,2.000000000000000111e-01,-4.500363984354903124e+01,-4.500371912175310740e+01,7.927820407616081866e-05
1.719000000000000057e+02,2.000000000000000111e-01,-4.500362164433128953e+01,-4.500370057255597089e+01,7.892822468136273528e-05
1.720000000000000000e+02,2.000000000000000111e-01,-4.500360353610962960e+01,-4.500368211587335310e+01,7.857976372349639860e-05
1.721000000000000227e+02,2.000000000000000111e-01,-4.500358551842908383e+01,-4.500366375124382046e+01,7.823281473662291319e-05
1.722000000000000171e+02,2.000000000000000111e-01,-4.500356759083693703e+01,-4.500364547820825578e+01,7.788737131875222985e-05
1.723000000000000114e+02,2.000000000000000111e-01,-4.500354975288275483e+01,-4.500362729630984404e+01,7.754342708921058147e-05
1.724000000000000057e+02,2.000000000000000111e-01,-4.500353200411834109e+01,-4.500360920509402263e+01,7.720097568153505563e-05
1.725000000000000000e+02,2.000000000000000111e-01,-4.500351434409775209e+01,-4.500359120410851688e+01,7.686001076478987670e-05
1.726000000000000227e+02,2.000000000000000111e-01,-4.500349677237726098e+01,-4.500357329290330455e+01,7.652052604356640586e-05
1.727000000000000171e+02,2.000000000000000111e-01,-4.500347928851537205e+01,-4.500355547103059450e+01,7.618251522245600427e-05
1.728000000000000114e+02,2.000000000000000111e-01,-4.500346189207279224e+01,-4.500353773804485513e+01,7.584597206289345195e-05
1.729000000000000057e+02,2.000000000000000111e-01,-4.500344458261243119e+01,-4.500352009350274329e+01,7.551089031210267422e-05
1.730000000000000000e+02,2.000000000000000111e-01,-4.500342735969936570e+01,-4.500350253696315406e+01,7.517726378836186996e-05
1.731000000000000227e+02,2.000000000000000111e-01,-4.500341022290086812e+01,-4.500348506798717096e+01,7.484508630284381070e-05
1.732000000000000171e+02,2.000000000000000111e-01,-4.500339317178636378e+01,-4.500346768613806603e+01,7.451435170224840476e-05
1.733000000000000114e+02,2.000000000000000111e-01,-4.500337620592743093e+01,-4.500345039098129973e+01,7.418505386880269725e-05
1.734000000000000057e+02,2.000000000000000111e-01,-4.500335932489779367e+01,-4.500343318208449261e+01,7.385718669894458799e-05
1.735000000000000000e+02,2.000000000000000111e-01,-4.500334252827330772e+01,-4.500341605901741104e+01,7.353074410332283151e-05
1.736000000000000227e+02,2.000000000000000111e-01,-4.500332581563193912e+01,-4.500339902135198145e+01,7.320572004232417385e-05
1.737000000000000171e+02,2.000000000000000111e-01,-4.500330918655377843e+01,-4.500338206866226187e+01,7.288210848344078840e-05
1.738000000000000114e+02,2.000000000000000111e-01,-4.500329264062101231e+01,-4.500336520052444200e+01,7.255990342969198537e-05
1.739000000000000057e+02,2.000000000000000111e-01,-4.500327617741790931e+01,-4.500334841651680051e+01,7.223909889120250227e-05
1.740000000000000000e+02,2.000000000000000111e-01,-4.500325979653081987e+01,-4.500333171621974770e+01,7.191968892783506817e-05
1.741000000000000227e+02,2.000000000000000111e-01,-4.500324349754816922e+01,-4.500331509921578288e+01,7.160166761366326682e-05
1.742000000000000171e+02,2.000000000000000111e-01,-4.500322728006042894e+01,-4.500329856508946591e+01,7.128502903697153670e-05
1.743000000000000114e+02,2.000000000000000111e-01,-4.500321114366012409e+01,-4.500328211342744567e+01,7.096976732157145307e-05
1.744000000000000057e+02,2.000000000000000111e-01,-4.500319508794182610e+01,-4.500326574381843869e+01,7.065587661259087326e-05
1.745000000000000000e+02,2.000000000000000111e-01,-4.500317911250211722e+01,-4.500324945585319369e+01,7.034335107647393670e-05
1.746000000000000227e+02,2.000000000000000111e-01,-4.500316321693960475e+01,-4.500323324912450573e+01,7.003218490098106486e-05
1.747000000000000171e+02,2.000000000000000111e-01,-4.500314740085490683e+01,-4.500321712322723045e+01,6.972237232361067072e-05
1.748000000000000114e+02,2.000000000000000111e-01,-4.500313166385063113e+01,-4.500320107775819167e+01,6.941390756054488520e-05
1.749000000000000057e+02,2.000000000000000111e-01,-4.500311600553137481e+01,-4.500318511231626672e+01,6.910678489191468543e-05
1.750000000000000000e+02,2.000000000000000111e-01,-4.500310042550371747e+01,-4.500316922650231533e+01,6.880099859785104854e-05
1.751000000000000227e+02,2.000000000000000111e-01,-4.500308492337619981e+01,-4.500315341991918672e+01,6.849654298690666110e-05
1.752000000000000171e+02,2.000000000000000111e-01,-4.500306949875931650e+01,-4.500313769217173387e+01,6.819341241737220116e-05
1.753000000000000114e+02,2.000000000000000111e-01,-4.500305415126552333e+01,-4.500312204286673534e+01,6.789160121201121001e-05
1.754000000000000057e+02,2.000000000000000111e-01,-4.500303888050919454e+01,-4.500310647161298050e+01,6.759110378595778457e-05
1.755000000000000000e+02,2.000000000000000111e-01,-4.500302368610665127e+01,-4.500309097802117009e+01,6.729191451881888497e-05
1.756000000000000227e+02,2.000000000000000111e-01,-4.500300856767611890e+01,-4.500307556170398016e+01,6.699402786125574494e-05
1.757000000000000171e+02,2.000000000000000111e-01,-4.500299352483774129e+01,-4.500306022227598390e+01,6.669743824261331611e-05
1.758000000000000114e+02,2.000000000000000111e-01,-4.500297855721355234e+01,-4.500304495935370142e+01,6.640214014907996898e-05
1.759000000000000057e+02,2.000000000000000111e-01,-4.500296366442748308e+01,-4.500302977255557124e+01,6.610812808816035613e-05
1.760000000000000000e+02,2.000000000000000111e-01,-4.500294884610534751e+01,-4.500301466150190777e+01,6.581539656025370277e-05
1.761000000000000227e+02,2.000000000000000111e-01,-4.500293410187482124e+01,-4.500299962581493673e+01,6.552394011549722563e-05
1.762000000000000171e+02,2.000000000000000111e-01,-4.500291943136544859e+01,-4.500298466511877393e+01,6.523375332534442350e-05
1.763000000000000114e+02,2.000000000000000111e-01,-4.500290483420862131e+01,-4.500296977903938966e+01,6.494483076835422253e-05
1.764000000000000057e+02,2.000000000000000111e-01,-4.500289031003757856e+01,-4.500295496720464428e+01,6.465716706571811301e-05
1.765000000000000000e+02,2.000000000000000111e-01,-4.500287585848739269e+01,-4.500294022924421711e+01,6.437075682441673052e-05
1.766000000000000227e+02,2.000000000000000111e-01,-4.500286147919495505e+01,-4.500292556478969175e+01,6.408559473669583895e-05
1.767000000000000171e+02,2.000000000000000111e-01,-4.500284717179898308e+01,-4.500291097347442815e+01,6.380167544506321065e-05
1.768000000000000114e+02,2.000000000000000111e-01,-4.500283293593998479e+01,-4.500289645493365498e+01,6.351899367018631892e-05
1.769000000000000057e+02,2.000000000000000111e-01,-4.500281877126028718e+01,-4.500288200880440570e+01,6.323754411852178237e-05
1.770000000000000000e+02,2.000000000000000111e-01,-4.500280467740398649e+01,-4.500286763472552565e+01,6.295732153915878371e-05
1.771000000000000227e+02,2.000000000000000111e-01,-4.500279065401696954e+01,-4.500285333233766494e+01,6.267832069539736040e-05
1.772000000000000171e+02,2.000000000000000111e-01,-4.500277670074688530e+01,-4.500283910128325715e+01,6.240053637185383195e-05
1.773000000000000114e+02,2.000000000000000111e-01,-4.500276281724315197e+01,-4.500282494120654064e+01,6.212396338867165468e-05
1.774000000000000057e+02,2.000000000000000111e-01,-4.500274900315693571e+01,-4.500281085175349460e+01,6.184859655888885754e-05
1.775000000000000000e+02,2.000000000000000111e-01,-4.500273525814115061e+01,-4.500279683257188168e+01,6.157443073107060627e-05
1.776000000000000227e+02,2.000000000000000111e-01,-4.500272158185044447e+01,-4.500278288331123377e+01,6.130146078930920339e-05
1.777000000000000171e+02,2.000000000000000111e-01,-4.500270797394119171e+01,-4.500276900362281651e+01,6.102968162480237879e-05
1.778000000000000114e+02,2.000000000000000111e-01,-4.500269443407148628e+01,-4.500275519315962924e+01,6.075908814295871707e-05
1.779000000000000057e+02,2.000000000000000111e-01,-4.500268096190112743e+01,-4.500274145157641925e+01,6.048967529181936698e-05
1.780000000000000000e+02,2.000000000000000111e-01,-4.500266755709161970e+01,-4.500272777852963912e+01,6.022143801942547725e-05
1.781000000000000227e+02,2.000000000000000111e-01,-4.500265421930615872e+01,-4.500271417367746096e+01,5.995437130223990607e-05
1.782000000000000171e+02,2.000000000000000111e-01,-4.500264094820963123e+01,-4.500270063667977638e+01,5.968847014514722105e-05
1.783000000000000114e+02,2.000000000000000111e-01,-4.500262774346857952e+01,-4.500268716719813966e+01,5.942372956013741714e-05
1.784000000000000057e+02,2.000000000000000111e-01,-4.500261460475123698e+01,-4.500267376489583171e+01,5.916014459472762610e-05
1.785000000000000000e+02,2.000000000000000111e-01,-4.500260153172747835e+01,-4.500266042943777478e+01,5.889771029643497968e-05
1.786000000000000227e+02,2.000000000000000111e-01,-4.500258852406884102e+01,-4.500264716049059643e+01,5.863642175540917378e-05
1.787000000000000171e+02,2.000000000000000111e-01,-4.500257558144849668e+01,-4.500263395772257269e+01,5.837627407601075902e-05
1.788000000000000114e+02,2.000000000000000111e-01,-4.500256270354125121e+01,-4.500262082080362802e+01,5.811726237681114071e-05
1.789000000000000057e+02,2.000000000000000111e-01,-4.500254989002354478e+01,-4.500260774940533537e+01,5.785938179059257891e-05
1.790000000000000000e+02,2.000000000000000111e-01,-4.500253714057343046e+01,-4.500259474320091613e+01,5.760262748566447044e-05
1.791000000000000227e+02,2.000000000000000111e-01,-4.500252445487056008e+01,-4.500258180186521173e+01,5.734699465165249421e-05
1.792000000000000171e+02,2.000000000000000111e-01,-4.500251183259620547e+01,-4.500256892507468365e+01,5.709247847818232913e-05
1.793000000000000114e+02,2.000000000000000111e-01,-4.500249927343322298e+01,-4.500255611250742760e+01,5.683907420461764559e-05
1.794000000000000057e+02,2.000000000000000111e-01,-4.500248677706605349e+01,-4.500254336384310960e+01,5.658677705611125930e-05
1.795000000000000000e+02,2.000000000000000111e-01,-4.500247434318072237e+01,-4.500253067876302282e+01,5.633558230044855009e-05
1.796000000000000227e+02,2.000000000000000111e-01,-4.500246197146481819e+01,-4.500251805695003782e+01,5.608548521962575251e-05
1.797000000000000171e+02,2.000000000000000111e-01,-4.500244966160749271e+01,-4.500250549808860256e+01,5.583648110984995583e-05
1.798000000000000114e+02,2.000000000000000111e-01,-4.500243741329945379e+01,-4.500249300186474954e+01,5.558856529574995875e-05
1.799000000000000057e+02,2.000000000000000111e-01,-4.500242522623295827e+01,-4.500248056796607443e+01,5.534173311616541469e-05
1.800000000000000000e+02,2.000000000000000111e-01,-4.500241310010179063e+01,-4.500246819608173610e+01,5.509597994546311384e-05
1.801000000000000227e+02,2.000000000000000111e-01,-4.500240103460128438e+01,-4.500245588590242107e+01,5.485130113669356433e-05
1.802000000000000171e+02,2.000000000000000111e-01,-4.500238902942827934e+01,-4.500244363712037909e+01,5.460769209975069316e-05
1.803000000000000114e+02,2.000000000000000111e-01,-4.500237708428113592e+01,-4.500243144942939466e+01,5.436514825873928203e-05
1.804000000000000057e+02,2.000000000000000111e-01,-4.500236519885972797e+01,-4.500241932252477284e+01,5.412366504486954000e-05
1.805000000000000000e+02,2.000000000000000111e-01,-4.500235337286542858e+01,-4.500240725610334636e+01,5.388323791777338556e-05
1.806000000000000227e+02,2.000000000000000111e-01,-4.500234160600110300e+01,-4.500239524986344009e+01,5.364386233708273721e-05
1.807000000000000171e+02,2.000000000000000111e-01,-4.500232989797109440e+01,-4.500238330350490656e+01,5.340553381216750495e-05
1.808000000000000114e+02,2.000000000000000111e-01,-4.500231824848123807e+01,-4.500237141672909047e+01,5.316824785239759876e-05
1.809000000000000057e+02,2.000000000000000111e-01,-4.500230665723883305e+01,-4.500235958923880730e+01,5.293199997424835601e-05
1.810000000000000000e+02,2.000000000000000111e-01,-4.500229512395264209e+01,-4.500234782073837891e+01,5.269678573682767819e-05
1.811000000000000227e+02,2.000000000000000111e-01,-4.500228364833287742e+01,-4.500233611093359798e+01,5.246260072055974888e-05
1.812000000000000171e+02,2.000000000000000111e-01,-4.500227223009121502e+01,-4.500232445953170668e+01,5.222944049165789693e-05
1.813000000000000114e+02,2.000000000000000111e-01,-4.500226086894075905e+01,-4.500231286624142513e+01,5.199730066607344270e-05
1.814000000000000057e+02,2.000000000000000111e-01,-4.500224956459605608e+01,-4.500230133077292294e+01,5.176617686686313391e-05
1.815000000000000000e+02,2.000000000000000111e-01,-4.500223831677307373e+01,-4.500228985283780503e+01,5.153606473129457299e-05
1.816000000000000227e+02,2.000000000000000111e-01,-4.500222712518920787e+01,-4.500227843214914003e+01,5.130695993216249917e-05
1.817000000000000171e+02,2.000000000000000111e-01,-4.500221598956326119e+01,-4.500226706842138924e+01,5.107885812805079695e-05
1.818000000000000114e+02,2.000000000000000111e-01,-4.500220490961544328e+01,-4.500225576137046346e+01,5.085175502017591498e-05
1.819000000000000057e+02,2.000000000000000111e-01,-4.500219388506736351e+01,-4.500224451071368748e+01,5.062564632396515663e-05
1.820000000000000000e+02,2.000000000000000111e-01,-4.500218291564202389e+01,-4.500223331616980005e+01,5.040052777616210733e-05
1.821000000000000227e+02,2.000000000000000111e-01,-4.500217200106381199e+01,-4.500222217745893261e+01,5.017639512061577989e-05
1.822000000000000171e+02,2.000000000000000111e-01,-4.500216114105849385e+01,-4.500221109430262345e+01,4.995324412959689653e-05
1.823000000000000114e+02,2.000000000000000111e-01,-4.500215033535319975e+01,-4.500220006642378223e+01,4.973107058248160683e-05
1.824000000000000057e+02,2.000000000000000111e-01,-4.500213958367643130e+01,-4.500218909354671837e+01,4.950987028706776982e-05
1.825000000000000000e+02,2.000000000000000111e-01,-4.500212888575804726e+01,-4.500217817539710552e+01,4.928963905825867187e-05
1.826000000000000227e+02,2.000000000000000111e-01,-4.500211824132925642e+01,-4.500216731170198159e+01,4.907037272516845405e-05
1.827000000000000171e+02,2.000000000000000111e-01,-4.500210765012261049e+01,-4.500215650218977714e+01,4.885206716664924897e-05
1.828000000000000114e+02,2.000000000000000111e-01,-4.500209711187199701e+01,-4.500214574659023015e+01,4.863471823313147979e-05
1.829000000000000057e+02,2.000000000000000111e-01,-4.500208662631263934e+01,-4.500213504463447123e+01,4.841832183188898853e-05
1.830000000000000000e+02,2.000000000000000111e-01,-4.500207619318107533e+01,-4.500212439605493131e+01,4.820287385598476249e-05
1.831000000000000227e+02,2.000000000000000111e-01,-4.500206581221517155e+01,-4.500211380058540556e+01,4.798837023400892576e-05
1.832000000000000171e+02,2.000000000000000111e-01,-4.500205548315409487e+01,-4.500210325796099653e+01,4.777480690165702981e-05
1.833000000000000114e+02,2.000000000000000111e-01,-4.500204520573832667e+01,-4.500209276791815682e+01,4.756217983015176287e-05
1.834000000000000057e+02,2.000000000000000111e-01,-4.500203497970963440e+01,-4.500208233019461801e+01,4.735048498361038583e-05
1.835000000000000000e+02,2.000000000000000111e-01,-4.500202480481108580e+01,-4.500207194452944748e+01,4.713971836167729634e-05
1.836000000000000227e+02,2.000000000000000111e-01,-4.500201468078702760e+01,-4.500206161066299160e+01,4.692987596399689210e-05
1.837000000000000171e+02,2.000000000000000111e-01,-4.500200460738309260e+01,-4.500205132833691835e+01,4.672095382574070754e-05
1.838000000000000114e+02,2.000000000000000111e-01,-4.500199458434617839e+01,-4.500204109729415336e+01,4.651294797497484979e-05
1.839000000000000057e+02,2.000000000000000111e-01,-4.500198461142444728e+01,-4.500203091727892968e+01,4.630585448239799007e-05
1.840000000000000000e+02,2.000000000000000111e-01,-4.500197468836732639e+01,-4.500202078803674510e+01,4.609966941870879964e-05
1.841000000000000227e+02,2.000000000000000111e-01,-4.500196481492548628e+01,-4.500201070931436220e+01,4.589438887592223182e-05
1.842000000000000171e+02,2.000000000000000111e-01,-4.500195499085086226e+01,-4.500200068085982252e+01,4.569000896026409464e-05
1.843000000000000114e+02,2.000000000000000111e-01,-4.500194521589660468e+01,-4.500199070242240396e+01,4.548652579927647821e-05
1.844000000000000057e+02,2.000000000000000111e-01,-4.500193548981712155e+01,-4.500198077375264916e+01,4.528393552760690000e-05
1.845000000000000000e+02,2.000000000000000111e-01,-4.500192581236803591e+01,-4.500197089460234423e+01,4.508223430832458689e-05
1.846000000000000227e+02,2.000000000000000111e-01,-4.500191618330619292e+01,-4.500196106472450452e+01,4.488141831160419315e-05
1.847000000000000171e+02,2.000000000000000111e-01,-4.500190660238965989e+01,-4.500195128387338883e+01,4.468148372893665510e-05
1.848000000000000114e+02,2.000000000000000111e-01,-4.500189706937771206e+01,-4.500194155180446387e+01,4.448242675181290906e-05
1.849000000000000057e+02,2.000000000000000111e-01,-4.500188758403082545e+01,-4.500193186827443981e+01,4.428424361435645551e-05
1.850000000000000000e+02,2.000000000000000111e-01,-4.500187814611066983e+01,-4.500192223304122763e+01,4.408693055779622227e-05
1.851000000000000227e+02,2.000000000000000111e-01,-4.500186875538011577e+01,-4.500191264586393913e+01,4.389048382336113718e-05
1.852000000000000171e+02,2.000000000000000111e-01,-4.500185941160321335e+01,-4.500190310650289405e+01,4.369489968070183750e-05
1.853000000000000114e+02,2.000000000000000111e-01,-4.500185011454519923e+01,-4.500189361471961291e+01,4.350017441367981519e-05
1.854000000000000057e+02,2.000000000000000111e-01,-4.500184086397247540e+01,-4.500188417027679577e+01,4.330630432036741695e-05
1.855000000000000000e+02,2.000000000000000111e-01,-4.500183165965261622e+01,-4.500187477293833638e+01,4.311328572015327154e-05
1.856000000000000227e+02,2.000000000000000111e-01,-4.500182250135435424e+01,-4.500186542246929378e+01,4.292111493953143508e-05
1.857000000000000171e+02,2.000000000000000111e-01,-4.500181338884758020e+01,-4.500185611863592072e+01,4.272978834052310049e-05
1.858000000000000114e+02,2.000000000000000111e-01,-4.500180432190334301e+01,-4.500184686120559974e+01,4.253930225672775123e-05
1.859000000000000057e+02,2.000000000000000111e-01,-4.500179530029382846e+01,-4.500183764994690705e+01,4.234965307858828965e-05
1.860000000000000000e+02,2.000000000000000111e-01,-4.500178632379235921e+01,-4.500182848462956287e+01,4.216083720365304544e-05
1.861000000000000227e+02,2.000000000000000111e-01,-4.500177739217339479e+01,-4.500181936502443136e+01,4.197285103657577565e-05
1.862000000000000171e+02,2.000000000000000111e-01,-4.500176850521252447e+01,-4.500181029090351359e+01,4.178569098911566471e-05
1.863000000000000114e+02,2.000000000000000111e-01,-4.500175966268646022e+01,-4.500180126203996167e+01,4.159935350145360644e-05
1.864000000000000057e+02,2.000000000000000111e-01,-4.500175086437302951e+01,-4.500179227820805750e+01,4.141383502798134941e-05
1.865000000000000000e+02,2.000000000000000111e-01,-4.500174211005116121e+01,-4.500178333918320561e+01,4.122913204440692425e-05
1.866000000000000227e+02,2.000000000000000111e-01,-4.500173339950090678e+01,-4.500177444474192612e+01,4.104524101933293423e-05
1.867000000000000171e+02,2.000000000000000111e-01,-4.500172473250340488e+01,-4.500176559466184756e+01,4.086215844267826469e-05
1.868000000000000114e+02,2.000000000000000111e-01,-4.500171610884088835e+01,-4.500175678872173535e+01,4.067988084699436513e-05
1.869000000000000057e+02,2.000000000000000111e-01,-4.500170752829668430e+01,-4.500174802670143492e+01,4.049840475062183032e-05
1.870000000000000000e+02,2.000000000000000111e-01,-4.500169899065519985e+01,-4.500173930838188596e+01,4.031772668611210975e-05
1.871000000000000227e+02,2.000000000000000111e-01,-4.500169049570192215e+01,-4.500173063354514369e+01,4.013784322154378970e-05
1.872000000000000171e+02,2.000000000000000111e-01,-4.500168204322341126e+01,-4.500172200197432915e+01,3.995875091789002909e-05
1.873000000000000114e+02,2.000000000000000111e-01,-4.500167363300729306e+01,-4.500171341345365050e+01,3.978044635744026891e-05
1.874000000000000057e+02,2.000000000000000111e-01,-4.500166526484225926e+01,-4.500170486776839596e+01,3.960292613669480488e-05
1.875000000000000000e+02,2.000000000000000111e-01,-4.500165693851804605e+01,-4.500169636470492662e+01,3.942618688057564214e-05
1.876000000000000227e+02,2.000000000000000111e-01,-4.500164865382545543e+01,-4.500168790405066943e+01,3.925022521400478581e-05
1.877000000000000171e+02,2.000000000000000111e-01,-4.500164041055632680e+01,-4.500167948559409581e+01,3.907503776900966841e-05
1.878000000000000114e+02,2.000000000000000111e-01,-4.500163220850354406e+01,-4.500167110912474300e+01,3.890062119893400450e-05
1.879000000000000057e+02,2.000000000000000111e-01,-4.500162404746102851e+01,-4.500166277443321405e+01,3.872697218554321807e-05
1.880000000000000000e+02,2.000000000000000111e-01,-4.500161592722372461e+01,-4.500165448131113521e+01,3.855408741060273314e-05
1.881000000000000227e+02,2.000000000000000111e-01,-4.500160784758760713e+01,-4.500164622955117011e+01,3.838196356298340106e-05
1.882000000000000171e+02,2.000000000000000111e-01,-4.500159980834966689e+01,-4.500163801894702686e+01,3.821059735997778262e-05
1.883000000000000114e+02,2.000000000000000111e-01,-4.500159180930791791e+01,-4.500162984929345100e+01,3.803998553308929331e-05
1.884000000000000057e+02,2.000000000000000111e-01,-4.500158385026137609e+01,-4.500162172038618280e+01,3.787012480671592130e-05
1.885000000000000000e+02,2.000000000000000111e-01,-4.500157593101006626e+01,-4.500161363202201414e+01,3.770101194788821886e-05
1.886000000000000227e+02,2.000000000000000111e-01,-4.500156805135501514e+01,-4.500160558399872457e+01,3.753264370942588357e-05
1.887000000000000171e+02,2.000000000000000111e-01,-4.500156021109823712e+01,-4.500159757611513101e+01,3.736501689388660452e-05
1.888000000000000114e+02,2.000000000000000111e-01,-4.500155241004274842e+01,-4.500158960817100962e+01,3.719812826119550664e-05
1.889000000000000057e+02,2.000000000000000111e-01,-4.500154464799253162e+01,-4.500158167996718106e+01,3.703197464943741579e-05
1.890000000000000000e+02,2.000000000000000111e-01,-4.500153692475257117e+01,-4.500157379130543234e+01,3.686655286117002106e-05
1.891000000000000227e+02,2.000000000000000111e-01,-4.500152924012881073e+01,-4.500156594198855231e+01,3.670185974158357567e-05
1.892000000000000171e+02,2.000000000000000111e-01,-4.500152159392816742e+01,-4.500155813182030329e+01,3.653789213586833284e-05
1.893000000000000114e+02,2.000000000000000111e-01,-4.500151398595852470e+01,-4.500155036060542812e+01,3.637464690342540052e-05
1.894000000000000057e+02,2.000000000000000111e-01,-4.500150641602873236e+01,-4.500154262814965023e+01,3.621212091786674137e-05
1.895000000000000000e+02,2.000000000000000111e-01,-4.500149888394858522e+01,-4.500153493425965223e+01,3.605031106701517274e-05
1.896000000000000227e+02,2.000000000000000111e-01,-4.500149138952884442e+01,-4.500152727874309733e+01,3.588921425290436673e-05
1.897000000000000171e+02,2.000000000000000111e-01,-4.500148393258120194e+01,-4.500151966140859372e+01,3.572882739177885014e-05
1.898000000000000114e+02,2.000000000000000111e-01,-4.500147651291829476e+01,-4.500151208206569464e+01,3.556914739988314977e-05
1.899000000000000057e+02,2.000000000000000111e-01,-4.500146913035370488e+01,-4.500150454052492677e+01,3.541017122188350186e-05
1.900000000000000000e+02,2.000000000000000111e-01,-4.500146178470193803e+01,-4.500149703659775469e+01,3.525189581665699734e-05
1.901000000000000227e+02,2.000000000000000111e-01,-4.500145447577843072e+01,-4.500148957009657380e+01,3.509431814308072717e-05
1.902000000000000171e+02,2.000000000000000111e-01,-4.500144720339953608e+01,-4.500148214083472453e+01,3.493743518845349172e-05
1.903000000000000114e+02,2.000000000000000111e-01,-4.500143996738253804e+01,-4.500147474862647101e+01,3.478124393296866401e-05
1.904000000000000057e+02,2.000000000000000111e-01,-4.500143276754562294e+01,-4.500146739328700818e+01,3.462574138524132650e-05
1.905000000000000000e+02,2.000000000000000111e-01,-4.500142560370789369e+01,-4.500146007463246178e+01,3.447092456809741634e-05
1.906000000000000227e+02,2.000000000000000111e-01,-4.500141847568935560e+01,-4.500145279247985286e+01,3.431679049725744335e-05
1.907000000000000171e+02,2.000000000000000111e-01,-4.500141138331090929e+01,-4.500144554664712615e+01,3.416333621686362676e-05
1.908000000000000114e+02,2.000000000000000111e-01,-4.500140432639435772e+01,-4.500143833695314299e+01,3.401055878526904053e-05
1.909000000000000057e+02,2.000000000000000111e-01,-4.500139730476238498e+01,-4.500143116321766001e+01,3.385845527503761332e-05
1.910000000000000000e+02,2.000000000000000111e-01,-4.500139031823857039e+01,-4.500142402526134333e+01,3.370702277294412852e-05
1.911000000000000227e+02,2.000000000000000111e-01,-4.500138336664737437e+01,-4.500141692290571882e+01,3.355625834444708744e-05
1.912000000000000171e+02,2.000000000000000111e-01,-4.500137644981413843e+01,-4.500140985597324317e+01,3.340615910474298289e-05
1.913000000000000114e+02,2.000000000000000111e-01,-4.500136956756507089e+01,-4.500140282428723992e+01,3.325672216902830769e-05
1.914000000000000057e+02,2.000000000000000111e-01,-4.500136271972724700e+01,-4.500139582767192081e+01,3.310794467381583672e-05
1.915000000000000000e+02,2.000000000000000111e-01,-4.500135590612860881e+01,-4.500138886595236443e+01,3.295982375561834488e-05
1.916000000000000227e+02,2.000000000000000111e-01,-4.500134912659796527e+01,-4.500138193895452332e+01,3.281235655805403439e-05
1.917000000000000171e+02,2.000000000000000111e-01,-4.500134238096497796e+01,-4.500137504650523823e+01,3.266554026026824431e-05
1.918000000000000114e+02,2.000000000000000111e-01,-4.500133566906015403e+01,-4.500136818843218123e+01,3.251937202719545894e-05
1.919000000000000057e+02,2.000000000000000111e-01,-4.500132899071485326e+01,-4.500136136456390545e+01,3.237384905219187203e-05
1.920000000000000000e+02,2.000000000000000111e-01,-4.500132234576128099e+01,-4.500135457472981670e+01,3.222896853571910469e-05
1.921000000000000227e+02,2.000000000000000111e-01,-4.500131573403247387e+01,-4.500134781876016632e+01,3.208472769244963274e-05
1.922000000000000171e+02,2.000000000000000111e-01,-4.500130915536231413e+01,-4.500134109648605829e+01,3.194112374416135935e-05
1.923000000000000114e+02,2.000000000000000111e-01,-4.500130260958550110e+01,-4.500133440773942795e+01,3.179815392684304243e-05
1.924000000000000057e+02,2.000000000000000111e-01,-4.500129609653757257e+01,-4.500132775235306326e+01,3.165581549069429457e-05
1.925000000000000000e+02,2.000000000000000111e-01,-4.500128961605488342e+01,-4.500132113016057644e+01,3.151410569302015574e-05
1.926000000000000227e+02,2.000000000000000111e-01,-4.500128316797460570e+01,-4.500131454099640393e+01,3.137302179823109327e-05
1.927000000000000171e+02,2.000000000000000111e-01,-4.500127675213473566e+01,-4.500130798469584192e+01,3.123256110626471127e-05
1.928000000000000114e+02,2.000000000000000111e-01,-4.500127036837406536e+01,-4.500130146109495399e+01,3.109272088863690442e-05
1.929000000000000057e+02,2.000000000000000111e-01,-4.500126401653219688e+01,-4.500129497003065637e+01,3.095349845949613155e-05
1.930000000000000000e+02,2.000000000000000111e-01,-4.500125769644953522e+01,-4.500128851134068952e+01,3.081489115430713355e-05
1.931000000000000227e+02,2.000000000000000111e-01,-4.500125140796728829e+01,-4.500128208486356129e+01,3.067689627300751454e-05
1.932000000000000171e+02,2.000000000000000111e-01,-4.500124515092745270e+01,-4.500127569043863218e+01,3.053951117948372485e-05
1.933000000000000114e+02,2.000000000000000111e-01,-4.500123892517281377e+01,-4.500126932790602297e+01,3.040273320920050537e-05
1.934000000000000057e+02,2.000000000000000111e-01,-4.500123273054695261e+01,-4.500126299710667865e+01,3.026655972604430644e-05
1.935000000000000000e+02,2.000000000000000111e-01,-4.500122656689421774e+01,-4.500125669788233296e+01,3.013098811521786047e-05
1.936000000000000227e+02,2.000000000000000111e-01,-4.500122043405974637e+01,-4.500125043007550119e+01,2.999601575481847249e-05
1.937000000000000171e+02,2.000000000000000111e-01,-4.500121433188945019e+01,-4.500124419352947314e+01,2.986164002294344755e-05
1.938000000000000114e+02,2.000000000000000111e-01,-4.500120826023000120e+01,-4.500123798808836284e+01,2.972785836163893691e-05
1.939000000000000057e+02,2.000000000000000111e-01,-4.500120221892885297e+01,-4.500123181359701618e+01,2.959466816321310034e-05
1.940000000000000000e+02,2.000000000000000111e-01,-4.500119620783421226e+01,-4.500122566990106066e+01,2.946206684839580703e-05
1.941000000000000227e+02,2.000000000000000111e-01,-4.500119022679503900e+01,-4.500121955684693376e+01,2.933005189476034502e-05
1.942000000000000171e+02,2.000000000000000111e-01,-4.500118427566106050e+01,-4.500121347428178353e+01,2.919862072303658351e-05
1.943000000000000114e+02,2.000000000000000111e-01,-4.500117835428275725e+01,-4.500120742205355384e+01,2.906777079658695584e-05
1.944000000000000057e+02,2.000000000000000111e-01,-4.500117246251134162e+01,-4.500120140001093461e+01,2.893749959298475005e-05
1.945000000000000000e+02,2.000000000000000111e-01,-4.500116660019878623e+01,-4.500119540800338314e+01,2.880780459690868156e-05
1.946000000000000227e+02,2.000000000000000111e-01,-4.500116076719779556e+01,-4.500118944588109571e+01,2.867868330014289313e-05
1.947000000000000171e+02,2.000000000000000111e-01,-4.500115496336180598e+01,-4.500118351349500756e+01,2.855013320157695489e-05
1.948000000000000114e+02,2.000000000000000111e-01,-4.500114918854499990e+01,-4.500117761069682842e+01,2.842215182852214639e-05
1.949000000000000057e+02,2.000000000000000111e-01,-4.500114344260227739e+01,-4.500117173733897857e+01,2.829473670118431983e-05
1.950000000000000000e+02,2.000000000000000111e-01,-4.500113772538926327e+01,-4.500116589327461725e+01,2.816788535398018212e-05
1.951000000000000227e+02,2.000000000000000111e-01,-4.500113203676231421e+01,-4.500116007835764975e+01,2.804159533553729489e-05
1.952000000000000171e+02,2.000000000000000111e-01,-4.500112637657850456e+01,-4.500115429244270615e+01,2.791586420158864712e-05
1.953000000000000114e+02,2.000000000000000111e-01,-4.500112074469561207e+01,-4.500114853538512705e+01,2.779068951497265516e-05
1.954000000000000057e+02,2.000000000000000111e-01,-4.500111514097213217e+01,-4.500114280704099201e+01,2.766606885984401742e-05
1.955000000000000000e+02,2.000000000000000111e-01,-4.500110956526727080e+01,-4.500113710726709826e+01,2.754199982746285968e-05
1.956000000000000227e+02,2.000000000000000111e-01,-4.500110401744093735e+01,-4.500113143592094644e+01,2.741848000908930771e-05
1.957000000000000171e+02,2.000000000000000111e-01,-4.500109849735373047e+01,-4.500112579286074777e+01,2.729550701729976936e-05
1.958000000000000114e+02,2.000000000000000111e-01,-4.500109300486695929e+01,-4.500112017794543107e+01,2.717307847177607982e-05
1.959000000000000057e+02,2.000000000000000111e-01,-4.500108753984262222e+01,-4.500111459103462153e+01,2.705119199930550167e-05
1.960000000000000000e+02,2.000000000000000111e-01,-4.500108210214340687e+01,-4.500110903198864776e+01,2.692984524088615217e-05
1.961000000000000227e+02,2.000000000000000111e-01,-4.500107669163269009e+01,-4.500110350066852050e+01,2.680903583041072125e-05
1.962000000000000171e+02,2.000000000000000111e-01,-4.500107130817452372e+01,-4.500109799693598234e+01,2.668876145861531768e-05
1.963000000000000114e+02,2.000000000000000111e-01,-4.500106595163364887e+01,-4.500109252065341536e+01,2.656901976649805874e-05
1.964000000000000057e+02,2.000000000000000111e-01,-4.500106062187548162e+01,-4.500108707168392641e+01,2.644980844479505322e-05
1.965000000000000000e+02,2.000000000000000111e-01,-4.500105531876610598e+01,-4.500108164989128312e+01,2.633112517713698253e-05
1.966000000000000227e+02,2.000000000000000111e-01,-4.500105004217227389e+01,-4.500107625513994236e+01,2.621296766847081017e-05
1.967000000000000171e+02,2.000000000000000111e-01,-4.500104479196141227e+01,-4.500107088729503602e+01,2.609533362374349963e-05
1.968000000000000114e+02,2.000000000000000111e-01,-4.500103956800160176e+01,-4.500106554622237098e+01,2.597822076921829648e-05
1.969000000000000057e+02,2.000000000000000111e-01,-4.500103437016159091e+01,-4.500106023178841497e+01,2.586162682405301894e-05
1.970000000000000000e+02,2.000000000000000111e-01,-4.500102919831078196e+01,-4.500105494386031069e+01,2.574554952872176727e-05
1.971000000000000227e+02,2.000000000000000111e-01,-4.500102405231923086e+01,-4.500104968230585456e+01,2.562998662369864178e-05
1.972000000000000171e+02,2.000000000000000111e-01,-4.500101893205763304e+01,-4.500104444699351802e+01,2.551493588498487952e-05
1.973000000000000114e+02,2.000000000000000111e-01,-4.500101383739734473e+01,-4.500103923779239778e+01,2.540039505305458079e-05
1.974000000000000057e+02,2.000000000000000111e-01,-4.500100876821035456e+01,-4.500103405457228689e+01,2.528636193233069207e-05
1.975000000000000000e+02,2.000000000000000111e-01,-4.500100372436930485e+01,-4.500102889720359656e+01,2.517283429170902309e-05
1.976000000000000227e+02,2.000000000000000111e-01,-4.500099870574745609e+01,-4.500102376555737749e+01,2.505980992140166563e-05
1.977000000000000171e+02,2.000000000000000111e-01,-4.500099371221871536e+01,-4.500101865950536251e+01,2.494728664714784827e-05
1.978000000000000114e+02,2.000000000000000111e-01,-4.500098874365762214e+01,-4.500101357891988130e+01,2.483526225915966279e-05
1.979000000000000057e+02,2.000000000000000111e-01,-4.500098379993933406e+01,-4.500100852367393145e+01,2.472373459738719248e-05
1.980000000000000000e+02,2.000000000000000111e-01,-4.500097888093963405e+01,-4.500100349364112162e+01,2.461270148756966591e-05
1.981000000000000227e+02,2.000000000000000111e-01,-4.500097398653493741e+01,-4.500099848869571417e+01,2.450216077676259374e-05
1.982000000000000171e+02,2.000000000000000111e-01,-4.500096911660226340e+01,-4.500099350871256831e+01,2.439211030491605925e-05
1.983000000000000114e+02,2.000000000000000111e-01,-4.500096427101924945e+01,-4.500098855356718275e+01,2.428254793329642780e-05
1.984000000000000057e+02,2.000000000000000111e-01,-4.500095944966415118e+01,-4.500098362313570277e+01,2.417347155159177419e-05
1.985000000000000000e+02,2.000000000000000111e-01,-4.500095465241582815e+01,-4.500097871729484211e+01,2.406487901396303641e-05
1.986000000000000227e+02,2.000000000000000111e-01,-4.500094987915375100e+01,-4.500097383592197531e+01,2.395676822430914399e-05
1.987000000000000171e+02,2.000000000000000111e-01,-4.500094512975798011e+01,-4.500096897889504532e+01,2.384913706521274435e-05
1.988000000000000114e+02,2.000000000000000111e-01,-4.500094040410918694e+01,-4.500096414609264883e+01,2.374198346188904907e-05
1.989000000000000057e+02,2.000000000000000111e-01,-4.500093570208863980e+01,-4.500095933739395093e+01,2.363530531113156030e-05
1.990000000000000000e+02,2.000000000000000111e-01,-4.500093102357819674e+01,-4.500095455267873490e+01,2.352910053815548963e-05
1.991000000000000227e+02,2.000000000000000111e-01,-4.500092636846030558e+01,-4.500094979182738797e+01,2.342336708238690335e-05
1.992000000000000171e+02,2.000000000000000111e-01,-4.500092173661800388e+01,-4.500094505472088713e+01,2.331810288325186775e-05
1.993000000000000114e+02,2.000000000000000111e-01,-4.500091712793491183e+01,-4.500094034124080622e+01,2.321330589438730385e-05
1.994000000000000057e+02,2.000000000000000111e-01,-4.500091254229523940e+01,-4.500093565126930173e+01,2.310897406232470530e-05
1.995000000000000000e+02,2.000000000000000111e-01,-4.500090797958376498e+01,-4.500093098468911990e+01,2.300510535491184783e-05
1.996000000000000227e+02,2.000000000000000111e-01,-4.500090343968584961e+01,-4.500092634138361802e+01,2.290169776841821658e-05
1.997000000000000171e+02,2.000000000000000111e-01,-4.500089892248742274e+01,-4.500092172123669343e+01,2.279874927069158730e-05
1.998000000000000114e+02,2.000000000000000111e-01,-4.500089442787498228e+01,-4.500091712413284029e+01,2.269625785800144513e-05
1.999000000000000057e+02,2.000000000000000111e-01,-4.500088995573560879e+01,-4.500091254995714962e+01,2.259422154082812995e-05
2.000000000000000000e+02,2.000000000000000111e-01,-4.500088550595692993e+01,-4.500090799859525248e+01,2.249263832254655426e-05
