time_ms,current_nA,numerical_voltage_mv,analytical_voltage_mv,error_mv
0.000000000000000000e+00,1.000000000000000056e-01,-6.500000000000000000e+01,-6.500000000000000000e+01,0.000000000000000000e+00
1.000000000000000056e-01,1.000000000000000056e-01,-6.495000000000000284e+01,-6.495012479192682520e+01,1.247919268223540712e-04
2.000000000000000111e-01,1.000000000000000056e-01,-6.490024999999999977e+01,-6.490049833749168329e+01,2.483374916835145996e-04
3.000000000000000444e-01,1.000000000000000056e-01,-6.485074874999999395e+01,-6.485111939603062581e+01,3.706460306318604125e-04
4.000000000000000222e-01,1.000000000000000056e-01,-6.480149500624999348e+01,-6.480198673306755097e+01,4.917268175574918132e-04
5.000000000000000000e-01,1.000000000000000056e-01,-6.475248753121874756e+01,-6.475309912028332349e+01,6.115890645759236577e-04
6.000000000000000888e-01,1.000000000000000056e-01,-6.470372509356265311e+01,-6.470445533548507910e+01,7.302419224259892871e-04
7.000000000000000666e-01,1.000000000000000056e-01,-6.465520646809484617e+01,-6.465605416257565707e+01,8.476944808109010410e-04
8.000000000000000444e-01,1.000000000000000056e-01,-6.460693043575437855e+01,-6.460789439152323155e+01,9.639557688529976076e-04
9.000000000000000222e-01,1.000000000000000056e-01,-6.455889578357560765e+01,-6.455997481833099982e+01,1.079034755392171974e-03
1.000000000000000000e+00,1.000000000000000056e-01,-6.451110130465772841e+01,-6.451229424500714060e+01,1.192940349412197065e-03
1.100000000000000089e+00,1.000000000000000056e-01,-6.446354579813443308e+01,-6.446485147953484329e+01,1.305681400410207971e-03
1.200000000000000178e+00,1.000000000000000056e-01,-6.441622806914375587e+01,-6.441764533584247943e+01,1.417266698723551599e-03
1.300000000000000044e+00,1.000000000000000056e-01,-6.436914692879803113e+01,-6.437067463377402987e+01,1.527704975998744885e-03
1.400000000000000133e+00,1.000000000000000056e-01,-6.432230119415403635e+01,-6.432393819905948362e+01,1.637004905447270176e-03
1.500000000000000000e+00,1.000000000000000056e-01,-6.427568968818326312e+01,-6.427743486328552081e+01,1.745175102257690014e-03
1.600000000000000089e+00,1.000000000000000056e-01,-6.422931123974234424e+01,-6.423116346386635200e+01,1.852224124007761930e-03
1.700000000000000178e+00,1.000000000000000056e-01,-6.418316468354363735e+01,-6.418512284401457180e+01,1.958160470934444675e-03
1.800000000000000044e+00,1.000000000000000056e-01,-6.413724886012592208e+01,-6.413931185271228230e+01,2.062992586360223868e-03
1.900000000000000133e+00,1.000000000000000056e-01,-6.409156261582529623e+01,-6.409372934468231620e+01,2.166728857019961652e-03
2.000000000000000000e+00,1.000000000000000056e-01,-6.404610480274617146e+01,-6.404837418035958763e+01,2.269377613416168060e-03
2.100000000000000089e+00,1.000000000000000056e-01,-6.400087427873243939e+01,-6.400324522586265630e+01,2.370947130216904952e-03
2.200000000000000178e+00,1.000000000000000056e-01,-6.395586990733877997e+01,-6.395834135296528444e+01,2.471445626504475968e-03
2.300000000000000266e+00,1.000000000000000056e-01,-6.391109055780208337e+01,-6.391366143906831354e+01,2.570881266230173878e-03
2.400000000000000355e+00,1.000000000000000056e-01,-6.386653510501307096e+01,-6.386920436717157656e+01,2.669262158505603111e-03
2.500000000000000000e+00,1.000000000000000056e-01,-6.382220242948800859e+01,-6.382496902584595233e+01,2.766596357943740259e-03
2.600000000000000089e+00,1.000000000000000056e-01,-6.377809141734056908e+01,-6.378095430920561171e+01,2.862891865042627160e-03
2.700000000000000178e+00,1.000000000000000056e-01,-6.373420096025386528e+01,-6.373715911688034197e+01,2.958156626476693418e-03
2.800000000000000266e+00,1.000000000000000056e-01,-6.369052995545259677e+01,-6.369358235398806301e+01,3.052398535466238627e-03
2.900000000000000355e+00,1.000000000000000056e-01,-6.364707730567533162e+01,-6.365022293110741458e+01,3.145625432082965744e-03
3.000000000000000000e+00,1.000000000000000056e-01,-6.360384191914695151e+01,-6.360707976425057808e+01,3.237845103626568743e-03
3.100000000000000089e+00,1.000000000000000056e-01,-6.356082270955121771e+01,-6.356415177483613377e+01,3.329065284916055134e-03
3.200000000000000178e+00,1.000000000000000056e-01,-6.351801859600346489e+01,-6.352143788966210991e+01,3.419293658645017331e-03
3.300000000000000266e+00,1.000000000000000056e-01,-6.347542850302344419e+01,-6.347893704087915978e+01,3.508537855715587739e-03
3.400000000000000355e+00,1.000000000000000056e-01,-6.343305136050832971e+01,-6.343664816596383815e+01,3.596805455508444993e-03
3.500000000000000000e+00,1.000000000000000056e-01,-6.339088610370578891e+01,-6.339457020769206963e+01,3.684103986280717891e-03
3.600000000000000089e+00,1.000000000000000056e-01,-6.334893167318725915e+01,-6.335270211411271646e+01,3.770440925457307912e-03
3.700000000000000178e+00,1.000000000000000056e-01,-6.330718701482132360e+01,-6.331104283852126002e+01,3.855823699936422599e-03
3.800000000000000266e+00,1.000000000000000056e-01,-6.326565107974721514e+01,-6.326959133943362446e+01,3.940259686409319784e-03
3.900000000000000355e+00,1.000000000000000056e-01,-6.322432282434847650e+01,-6.322834658056018498e+01,4.023756211708473529e-03
4.000000000000000000e+00,1.000000000000000056e-01,-6.318320121022673419e+01,-6.318730753077981888e+01,4.106320553084685798e-03
4.100000000000000533e+00,1.000000000000000056e-01,-6.314228520417560020e+01,-6.314647316411414124e+01,4.187959938541041538e-03
4.200000000000000178e+00,1.000000000000000056e-01,-6.310157377815472302e+01,-6.310584245970186856e+01,4.268681547145547484e-03
4.299999999999999822e+00,1.000000000000000056e-01,-6.306106590926395228e+01,-6.306541440177326763e+01,4.348492509315349253e-03
4.400000000000000355e+00,1.000000000000000056e-01,-6.302076057971763134e+01,-6.302518797962478914e+01,4.427399907157791858e-03
4.500000000000000000e+00,1.000000000000000056e-01,-6.298065677681904617e+01,-6.298516218759377239e+01,4.505410774726215095e-03
4.600000000000000533e+00,1.000000000000000056e-01,-6.294075349293495236e+01,-6.294533602503334180e+01,4.582532098389435760e-03
4.700000000000000178e+00,1.000000000000000056e-01,-6.290104972547027984e+01,-6.290570849628735317e+01,4.658770817073332182e-03
4.800000000000000711e+00,1.000000000000000056e-01,-6.286154447684292990e+01,-6.286627861066553180e+01,4.734133822601904740e-03
4.900000000000000355e+00,1.000000000000000056e-01,-6.282223675445871436e+01,-6.282704538241868164e+01,4.808627959967282095e-03
5.000000000000000000e+00,1.000000000000000056e-01,-6.278312557068642263e+01,-6.278800783071405078e+01,4.882260027628149146e-03
5.100000000000000533e+00,1.000000000000000056e-01,-6.274420994283298825e+01,-6.274916497961081063e+01,4.955036777822385829e-03
5.200000000000000178e+00,1.000000000000000056e-01,-6.270548889311882590e+01,-6.271051585803566297e+01,5.026964916837073361e-03
5.300000000000000711e+00,1.000000000000000056e-01,-6.266696144865323248e+01,-6.267205949975856072e+01,5.098051105328238464e-03
5.400000000000000355e+00,1.000000000000000056e-01,-6.262862664140996571e+01,-6.263379494336852815e+01,5.168301958562437903e-03
5.500000000000000000e+00,1.000000000000000056e-01,-6.259048350820291517e+01,-6.259572123224968720e+01,5.237724046772029851e-03
5.600000000000000533e+00,1.000000000000000056e-01,-6.255253109066190120e+01,-6.255783741455725533e+01,5.306323895354125852e-03
5.700000000000000178e+00,1.000000000000000056e-01,-6.251476843520859461e+01,-6.252014254319382758e+01,5.374107985232967621e-03
5.800000000000000711e+00,1.000000000000000056e-01,-6.247719459303255007e+01,-6.248263567578565159e+01,5.441082753101511571e-03
5.900000000000000355e+00,1.000000000000000056e-01,-6.243980862006738874e+01,-6.244531587465909439e+01,5.507254591705645907e-03
6.000000000000000000e+00,1.000000000000000056e-01,-6.240260957696705191e+01,-6.240818220681718032e+01,5.572629850128407725e-03
6.100000000000000533e+00,1.000000000000000056e-01,-6.236559652908221807e+01,-6.237123374391627806e+01,5.637214834059989244e-03
6.200000000000000178e+00,1.000000000000000056e-01,-6.232876854643680531e+01,-6.233446956224289437e+01,5.701015806089060334e-03
6.300000000000000711e+00,1.000000000000000056e-01,-6.229212470370462285e+01,-6.229788874269056720e+01,5.764038985944353044e-03
6.400000000000000355e+00,1.000000000000000056e-01,-6.225566408018610076e+01,-6.226149037073690806e+01,5.826290550807300406e-03
6.500000000000000000e+00,1.000000000000000056e-01,-6.221938575978516894e+01,-6.222527353642072256e+01,5.887776635553620963e-03
6.600000000000000533e+00,1.000000000000000056e-01,-6.218328883098624260e+01,-6.218923733431925882e+01,5.948503333016219585e-03
6.700000000000000178e+00,1.000000000000000056e-01,-6.214737238683131437e+01,-6.215338086352559799e+01,6.008476694283615416e-03
6.800000000000000711e+00,1.000000000000000056e-01,-6.211163552489716011e+01,-6.211770322762609453e+01,6.067702728934420975e-03
6.900000000000000355e+00,1.000000000000000056e-01,-6.207607734727267257e+01,-6.208220353467800123e+01,6.126187405328664681e-03
7.000000000000000000e+00,1.000000000000000056e-01,-6.204069696053630878e+01,-6.204688089718713684e+01,6.183936650828059101e-03
7.100000000000000533e+00,1.000000000000000056e-01,-6.200549347573362979e+01,-6.201173443208572422e+01,6.240956352094428894e-03
7.200000000000000178e+00,1.000000000000000056e-01,-6.197046600835496122e+01,-6.197676326071031383e+01,6.297252355352611630e-03
7.300000000000000711e+00,1.000000000000000056e-01,-6.193561367831318876e+01,-6.194196650877978527e+01,6.352830466596515180e-03
7.400000000000000355e+00,1.000000000000000056e-01,-6.190093560992162480e+01,-6.190734330637354788e+01,6.407696451923072800e-03
7.500000000000000000e+00,1.000000000000000056e-01,-6.186643093187201714e+01,-6.187289278790971991e+01,6.461856037702773392e-03
7.600000000000000533e+00,1.000000000000000056e-01,-6.183209877721265713e+01,-6.183861409212355653e+01,6.515314910899405731e-03
7.700000000000000178e+00,1.000000000000000056e-01,-6.179793828332659444e+01,-6.180450636204587767e+01,6.568078719283221290e-03
7.800000000000000711e+00,1.000000000000000056e-01,-6.176394859190995845e+01,-6.177056874498164518e+01,6.620153071686729618e-03
7.900000000000000355e+00,1.000000000000000056e-01,-6.173012884895040742e+01,-6.173680039248867502e+01,6.671543538267599160e-03
8.000000000000000000e+00,1.000000000000000056e-01,-6.169647820470565591e+01,-6.170320046035639194e+01,6.722255650736030930e-03
8.099999999999999645e+00,1.000000000000000056e-01,-6.166299581368213012e+01,-6.166976810858474778e+01,6.772294902617659318e-03
8.200000000000001066e+00,1.000000000000000056e-01,-6.162968083461372260e+01,-6.163650250136319642e+01,6.821666749473820346e-03
8.300000000000000711e+00,1.000000000000000056e-01,-6.159653243044065363e+01,-6.160340280704983229e+01,6.870376609178663330e-03
8.400000000000000355e+00,1.000000000000000056e-01,-6.156354976828845338e+01,-6.157046819815056438e+01,6.918429862110997419e-03
8.500000000000000000e+00,1.000000000000000056e-01,-6.153073201944700799e+01,-6.153769785129847492e+01,6.965831851466930402e-03
8.599999999999999645e+00,1.000000000000000056e-01,-6.149807835934977618e+01,-6.150509094723316394e+01,7.012587883387766396e-03
8.700000000000001066e+00,1.000000000000000056e-01,-6.146558796755302723e+01,-6.147264667078034250e+01,7.058703227315277218e-03
8.800000000000000711e+00,1.000000000000000056e-01,-6.143326002771526362e+01,-6.144036421083141164e+01,7.104183116148021782e-03
8.900000000000000355e+00,1.000000000000000056e-01,-6.140109372757668638e+01,-6.140824276032319062e+01,7.149032746504246916e-03
9.000000000000000000e+00,1.000000000000000056e-01,-6.136908825893880248e+01,-6.137628151621773043e+01,7.193257278927944753e-03
9.099999999999999645e+00,1.000000000000000056e-01,-6.133724281764411046e+01,-6.134447967948228353e+01,7.236861838173069827e-03
9.200000000000001066e+00,1.000000000000000056e-01,-6.130555660355589254e+01,-6.131283645506925950e+01,7.279851513366963900e-03
9.300000000000000711e+00,1.000000000000000056e-01,-6.127402882053811339e+01,-6.128135105189640797e+01,7.322231358294573056e-03
9.400000000000000355e+00,1.000000000000000056e-01,-6.124265867643542549e+01,-6.125002268282700868e+01,7.364006391583188815e-03
9.500000000000000000e+00,1.000000000000000056e-01,-6.121144538305324545e+01,-6.121885056465020369e+01,7.405181596958243517e-03
9.600000000000001421e+00,1.000000000000000056e-01,-6.118038815613797965e+01,-6.118783391806140770e+01,7.445761923428051432e-03
9.700000000000001066e+00,1.000000000000000056e-01,-6.114948621535729245e+01,-6.115697196764285337e+01,7.485752285560920427e-03
9.800000000000000711e+00,1.000000000000000056e-01,-6.111873878428050944e+01,-6.112626394184415801e+01,7.525157563648576797e-03
9.900000000000000355e+00,1.000000000000000056e-01,-6.108814509035910589e+01,-6.109570907296308917e+01,7.563982603983276931e-03
1.000000000000000000e+01,1.000000000000000056e-01,-6.105770436490730901e+01,-6.106530659712633735e+01,7.602232219028337568e-03
1.010000000000000142e+01,1.000000000000000056e-01,-6.102741584308277112e+01,-6.103505575427040242e+01,7.639911187631298617e-03
1.020000000000000107e+01,1.000000000000000056e-01,-6.099727876386735659e+01,-6.100495578812265762e+01,7.677024255301034827e-03
1.030000000000000071e+01,1.000000000000000056e-01,-6.096729237004802116e+01,-6.097500594618237812e+01,7.713576134356969760e-03
1.040000000000000036e+01,1.000000000000000056e-01,-6.093745590819778357e+01,-6.094520547970194002e+01,7.749571504156449464e-03
1.050000000000000000e+01,1.000000000000000056e-01,-6.090776862865679675e+01,-6.091555364366814729e+01,7.785015011350537861e-03
1.060000000000000142e+01,1.000000000000000056e-01,-6.087822978551351127e+01,-6.088604969678355161e+01,7.819911270040336149e-03
1.070000000000000107e+01,1.000000000000000056e-01,-6.084883863658594549e+01,-6.085669290144793564e+01,7.854264861990145619e-03
1.080000000000000071e+01,1.000000000000000056e-01,-6.081959444340301246e+01,-6.082748252373989573e+01,7.888080336883263044e-03
1.090000000000000036e+01,1.000000000000000056e-01,-6.079049647118599609e+01,-6.079841783339846017e+01,7.921362212464089225e-03
1.100000000000000000e+01,1.000000000000000056e-01,-6.076154398883006280e+01,-6.076949810380486383e+01,7.954114974801029803e-03
1.110000000000000142e+01,1.000000000000000056e-01,-6.073273626888591536e+01,-6.074072261196435818e+01,7.986343078442814658e-03
1.120000000000000107e+01,1.000000000000000056e-01,-6.070407258754148927e+01,-6.071209063848814935e+01,8.018050946660082445e-03
1.130000000000000071e+01,1.000000000000000056e-01,-6.067555222460378417e+01,-6.068360146757540718e+01,8.049242971623016274e-03
1.140000000000000036e+01,1.000000000000000056e-01,-6.064717446348076635e+01,-6.065525438699537375e+01,8.079923514607401103e-03
1.150000000000000000e+01,1.000000000000000056e-01,-6.061893859116336358e+01,-6.062704868806955716e+01,8.110096906193575705e-03
1.160000000000000142e+01,1.000000000000000056e-01,-6.059084389820754524e+01,-6.059898366565401773e+01,8.139767446472490064e-03
1.170000000000000107e+01,1.000000000000000056e-01,-6.056288967871650897e+01,-6.057105861812173941e+01,8.168939405230446482e-03
1.180000000000000071e+01,1.000000000000000056e-01,-6.053507523032292426e+01,-6.054327284734507231e+01,8.197617022148051547e-03
1.190000000000000036e+01,1.000000000000000056e-01,-6.050739985417131095e+01,-6.051562565867829591e+01,8.225804506984957243e-03
1.200000000000000000e+01,1.000000000000000056e-01,-6.047986285490045333e+01,-6.048811636094026767e+01,8.253506039814340056e-03
1.210000000000000142e+01,1.000000000000000056e-01,-6.045246354062594918e+01,-6.046074426639709287e+01,8.280725771143693237e-03
1.220000000000000107e+01,1.000000000000000056e-01,-6.042520122292282281e+01,-6.043350869074500054e+01,8.307467822177727612e-03
1.230000000000000071e+01,1.000000000000000056e-01,-6.039807521680820912e+01,-6.040640895309316249e+01,8.333736284953374707e-03
1.240000000000000036e+01,1.000000000000000056e-01,-6.037108484072416559e+01,-6.037944437594674696e+01,8.359535222581371272e-03
1.250000000000000000e+01,1.000000000000000056e-01,-6.034422941652054817e+01,-6.035261428518990101e+01,8.384868669352840698e-03
1.260000000000000142e+01,1.000000000000000056e-01,-6.031750826943794408e+01,-6.032591801006897470e+01,8.409740631030615532e-03
1.270000000000000107e+01,1.000000000000000056e-01,-6.029092072809075376e+01,-6.029935488317568826e+01,8.434155084934502611e-03
1.280000000000000071e+01,1.000000000000000056e-01,-6.026446612445030127e+01,-6.027292424043048413e+01,8.458115980182867588e-03
1.290000000000000036e+01,1.000000000000000056e-01,-6.023814379382805129e+01,-6.024662542106592866e+01,8.481627237877376047e-03
1.300000000000000000e+01,1.000000000000000056e-01,-6.021195307485891135e+01,-6.022045776761015645e+01,8.504692751245102045e-03
1.310000000000000142e+01,1.000000000000000056e-01,-6.018589330948461935e+01,-6.019442062587047815e+01,8.527316385858796366e-03
1.320000000000000107e+01,1.000000000000000056e-01,-6.015996384293719501e+01,-6.016851334491698822e+01,8.549501979793205919e-03
1.330000000000000071e+01,1.000000000000000056e-01,-6.013416402372251213e+01,-6.014273527706632194e+01,8.571253343809814851e-03
1.340000000000000036e+01,1.000000000000000056e-01,-6.010849320360389925e+01,-6.011708577786542662e+01,8.592574261527374802e-03
1.350000000000000000e+01,1.000000000000000056e-01,-6.008295073758588245e+01,-6.009156420607548910e+01,8.613468489606646017e-03
1.360000000000000142e+01,1.000000000000000056e-01,-6.005753598389795656e+01,-6.006616992365589169e+01,8.633939757935138459e-03
1.370000000000000107e+01,1.000000000000000056e-01,-6.003224830397847001e+01,-6.004090229574825344e+01,8.653991769783431209e-03
1.380000000000000071e+01,1.000000000000000056e-01,-6.000708706245858082e+01,-6.001576069066055652e+01,8.673628201975702723e-03
1.390000000000000036e+01,1.000000000000000056e-01,-5.998205162714629068e+01,-5.999074447985135805e+01,8.692852705067366514e-03
1.400000000000000000e+01,1.000000000000000056e-01,-5.995714136901055724e+01,-5.996585303791409416e+01,8.711668903536917696e-03
1.410000000000000142e+01,1.000000000000000056e-01,-5.993235566216550581e+01,-5.994108574256141253e+01,8.730080395906725244e-03
1.420000000000000107e+01,1.000000000000000056e-01,-5.990769388385467664e+01,-5.991644197460965415e+01,8.748090754977511097e-03
1.430000000000000071e+01,1.000000000000000056e-01,-5.988315541443540013e+01,-5.989192111796331375e+01,8.765703527913615289e-03
1.440000000000000036e+01,1.000000000000000056e-01,-5.985873963736322168e+01,-5.986752255959972047e+01,8.782922236498791335e-03
1.450000000000000000e+01,1.000000000000000056e-01,-5.983444593917640475e+01,-5.984324568955362622e+01,8.799750377221471354e-03
1.460000000000000142e+01,1.000000000000000056e-01,-5.981027370948051924e+01,-5.981908990090202138e+01,8.816191421502139747e-03
1.470000000000000107e+01,1.000000000000000056e-01,-5.978622234093311505e+01,-5.979505458974894339e+01,8.832248815828336319e-03
1.480000000000000071e+01,1.000000000000000056e-01,-5.976229122922845249e+01,-5.977113915521034215e+01,8.847925981889659397e-03
1.490000000000000036e+01,1.000000000000000056e-01,-5.973847977308231094e+01,-5.974734299939912319e+01,8.863226316812244931e-03
1.500000000000000000e+01,1.000000000000000056e-01,-5.971478737421689686e+01,-5.972366552741014800e+01,8.878153193251137054e-03
1.510000000000000142e+01,1.000000000000000056e-01,-5.969121343734581586e+01,-5.970010614730537668e+01,8.892709959560818334e-03
1.520000000000000107e+01,1.000000000000000056e-01,-5.966775737015908732e+01,-5.967666427009909569e+01,8.906899940008372596e-03
1.530000000000000071e+01,1.000000000000000056e-01,-5.964441858330829405e+01,-5.965333930974313148e+01,8.920726434837433771e-03
1.540000000000000036e+01,1.000000000000000056e-01,-5.962119649039175329e+01,-5.963013068311228437e+01,8.934192720531086707e-03
1.550000000000000000e+01,1.000000000000000056e-01,-5.959809050793979424e+01,-5.960703780998965584e+01,8.947302049861605155e-03
1.560000000000000142e+01,1.000000000000000056e-01,-5.957510005540009246e+01,-5.958406011305223160e+01,8.960057652139141737e-03
1.570000000000000107e+01,1.000000000000000056e-01,-5.955222455512308954e+01,-5.956119701785639364e+01,8.972462733304098492e-03
1.580000000000000071e+01,1.000000000000000056e-01,-5.952946343234747673e+01,-5.953844795282356017e+01,8.984520476083446283e-03
1.590000000000000036e+01,1.000000000000000056e-01,-5.950681611518574243e+01,-5.951581234922592500e+01,8.996234040182571334e-03
1.600000000000000000e+01,1.000000000000000056e-01,-5.948428203460981223e+01,-5.949328964117221830e+01,9.007606562406067496e-03
1.610000000000000142e+01,1.000000000000000056e-01,-5.946186062443675979e+01,-5.947087926559356674e+01,9.018641156806950221e-03
1.619999999999999929e+01,1.000000000000000056e-01,-5.943955132131457475e+01,-5.944858066222941062e+01,9.029340914835870535e-03
1.630000000000000071e+01,1.000000000000000056e-01,-5.941735356470800156e+01,-5.942639327361351320e+01,9.039708905511645298e-03
1.640000000000000213e+01,1.000000000000000056e-01,-5.939526679688446364e+01,-5.940431654505999148e+01,9.049748175527838612e-03
1.650000000000000000e+01,1.000000000000000056e-01,-5.937329046290004442e+01,-5.938234992464948903e+01,9.059461749444608358e-03
1.660000000000000142e+01,1.000000000000000056e-01,-5.935142401058554640e+01,-5.936049286321535590e+01,9.068852629809498467e-03
1.669999999999999929e+01,1.000000000000000056e-01,-5.932966689053262144e+01,-5.933874481432990677e+01,9.077923797285336605e-03
1.680000000000000071e+01,1.000000000000000056e-01,-5.930801855607995776e+01,-5.931710523429079274e+01,9.086678210834975289e-03
1.690000000000000213e+01,1.000000000000000056e-01,-5.928647846329955939e+01,-5.929557358210739437e+01,9.095118807834978725e-03
1.700000000000000000e+01,1.000000000000000056e-01,-5.926504607098306110e+01,-5.927414931948726462e+01,9.103248504203520497e-03
1.710000000000000142e+01,1.000000000000000056e-01,-5.924372084062814281e+01,-5.925283191082274215e+01,9.111070194599335537e-03
1.719999999999999929e+01,1.000000000000000056e-01,-5.922250223642500089e+01,-5.923162082317748656e+01,9.118586752485668967e-03
1.730000000000000071e+01,1.000000000000000056e-01,-5.920138972524287624e+01,-5.921051552627321257e+01,9.125801030336333497e-03
1.740000000000000213e+01,1.000000000000000056e-01,-5.918038277661666058e+01,-5.918951549247638866e+01,9.132715859728079977e-03
1.750000000000000000e+01,1.000000000000000056e-01,-5.915948086273357376e+01,-5.916862019678508489e+01,9.139334051511127655e-03
1.760000000000000142e+01,1.000000000000000056e-01,-5.913868345841990504e+01,-5.914782911681581368e+01,9.145658395908640159e-03
1.769999999999999929e+01,1.000000000000000056e-01,-5.911799004112780409e+01,-5.912714173279049845e+01,9.151691662694361185e-03
1.780000000000000071e+01,1.000000000000000056e-01,-5.909740009092216440e+01,-5.910655752752345649e+01,9.157436601292090472e-03
1.790000000000000213e+01,1.000000000000000056e-01,-5.907691309046755634e+01,-5.908607598640848124e+01,9.162895940924897786e-03
1.800000000000000000e+01,1.000000000000000056e-01,-5.905652852501521721e+01,-5.906569659740598865e+01,9.168072390771442315e-03
1.810000000000000142e+01,1.000000000000000056e-01,-5.903624588239014059e+01,-5.904541885103019183e+01,9.172968640051237799e-03
1.819999999999999929e+01,1.000000000000000056e-01,-5.901606465297818715e+01,-5.902524224033636102e+01,9.177587358173866505e-03
1.830000000000000071e+01,1.000000000000000056e-01,-5.899598432971329487e+01,-5.900516626090819017e+01,9.181931194895298631e-03
1.840000000000000213e+01,1.000000000000000056e-01,-5.897600440806473188e+01,-5.898519041084514214e+01,9.186002780410262858e-03
1.850000000000000000e+01,1.000000000000000056e-01,-5.895612438602440619e+01,-5.896531419074992897e+01,9.189804725522776607e-03
1.860000000000000142e+01,1.000000000000000056e-01,-5.893634376409428199e+01,-5.894553710371601341e+01,9.193339621731411171e-03
1.869999999999999929e+01,1.000000000000000056e-01,-5.891666204527381012e+01,-5.892585865531518152e+01,9.196610041371400257e-03
1.880000000000000071e+01,1.000000000000000056e-01,-5.889707873504744384e+01,-5.890627835358520770e+01,9.199618537763853965e-03
1.890000000000000213e+01,1.000000000000000056e-01,-5.887759334137220435e+01,-5.888679570901752669e+01,9.202367645322340195e-03
1.900000000000000000e+01,1.000000000000000056e-01,-5.885820537466534574e+01,-5.886741023454501232e+01,9.204859879666571487e-03
1.910000000000000142e+01,1.000000000000000056e-01,-5.883891434779202001e+01,-5.884812144552978452e+01,9.207097737764513568e-03
1.920000000000000284e+01,1.000000000000000056e-01,-5.881971977605306279e+01,-5.882892885975111597e+01,9.209083698053177613e-03
1.930000000000000071e+01,1.000000000000000056e-01,-5.880062117717280046e+01,-5.880983199739337408e+01,9.210820220573623374e-03
1.940000000000000213e+01,1.000000000000000056e-01,-5.878161807128693539e+01,-5.879083038103398451e+01,9.212309747049118869e-03
1.950000000000000000e+01,1.000000000000000056e-01,-5.876270998093050224e+01,-5.877192353563157212e+01,9.213554701069881503e-03
1.960000000000000142e+01,1.000000000000000056e-01,-5.874389643102585268e+01,-5.875311098851399549e+01,9.214557488142816055e-03
1.970000000000000284e+01,1.000000000000000056e-01,-5.872517694887072537e+01,-5.873439226936660873e+01,9.215320495883361218e-03
1.980000000000000071e+01,1.000000000000000056e-01,-5.870655106412637281e+01,-5.871576691022045935e+01,9.215846094086543872e-03
1.990000000000000213e+01,1.000000000000000056e-01,-5.868801830880573789e+01,-5.869723444544058566e+01,9.216136634847771347e-03
2.000000000000000000e+01,1.000000000000000056e-01,-5.866957821726170863e+01,-5.867879441171442068e+01,9.216194452712045404e-03
2.010000000000000142e+01,1.000000000000000056e-01,-5.865123032617540133e+01,-5.866044634804015345e+01,9.216021864752121928e-03
2.020000000000000284e+01,1.000000000000000056e-01,-5.863297417454452187e+01,-5.864218979571523249e+01,9.215621170710619481e-03
2.030000000000000071e+01,1.000000000000000056e-01,-5.861480930367179809e+01,-5.862402429832490469e+01,9.214994653106600708e-03
2.040000000000000213e+01,1.000000000000000056e-01,-5.859673525715344056e+01,-5.860594940173078271e+01,9.214144577342153752e-03
2.050000000000000000e+01,1.000000000000000056e-01,-5.857875158086767442e+01,-5.858796465405951892e+01,9.213073191844500798e-03
2.060000000000000142e+01,1.000000000000000056e-01,-5.856085782296333520e+01,-5.857006960569147225e+01,9.211782728137052345e-03
2.070000000000000284e+01,1.000000000000000056e-01,-5.854305353384852140e+01,-5.855226380924951712e+01,9.210275400995726613e-03
2.080000000000000071e+01,1.000000000000000056e-01,-5.852533826617927559e+01,-5.853454681958780270e+01,9.208553408527109241e-03
2.090000000000000213e+01,1.000000000000000056e-01,-5.850771157484837914e+01,-5.851691819378066839e+01,9.206618932289245549e-03
2.100000000000000000e+01,1.000000000000000056e-01,-5.849017301697413984e+01,-5.849937749111155227e+01,9.204474137412432810e-03
2.110000000000000142e+01,1.000000000000000056e-01,-5.847272215188927191e+01,-5.848192427306197771e+01,9.202121172705801655e-03
2.120000000000000284e+01,1.000000000000000056e-01,-5.845535854112982577e+01,-5.846455810330057545e+01,9.199562170749686629e-03
2.130000000000000071e+01,1.000000000000000056e-01,-5.843808174842417458e+01,-5.844727854767219810e+01,9.196799248023523887e-03
2.140000000000000213e+01,1.000000000000000056e-01,-5.842089133968205061e+01,-5.843008517418707015e+01,9.193834505019538028e-03
2.150000000000000000e+01,1.000000000000000056e-01,-5.840378688298363841e+01,-5.841297755300993799e+01,9.190670026299585516e-03
2.160000000000000142e+01,1.000000000000000056e-01,-5.838676794856871766e+01,-5.839595525644939045e+01,9.187307880672790361e-03
2.170000000000000284e+01,1.000000000000000056e-01,-5.836983410882587719e+01,-5.837901785894712958e+01,9.183750121252387544e-03
2.180000000000000071e+01,1.000000000000000056e-01,-5.835298493828175026e+01,-5.836216493706733388e+01,9.179998785583620702e-03
2.190000000000000213e+01,1.000000000000000056e-01,-5.833622001359034215e+01,-5.834539606948607826e+01,9.176055895736112689e-03
2.200000000000000000e+01,1.000000000000000056e-01,-5.831953891352239339e+01,-5.832871083698079673e+01,9.171923458403341556e-03
2.210000000000000142e+01,1.000000000000000056e-01,-5.830294121895477844e+01,-5.831210882241980897e+01,9.167603465030538246e-03
2.220000000000000284e+01,1.000000000000000056e-01,-5.828642651286000387e+01,-5.829558961075188961e+01,9.163097891885740864e-03
2.230000000000000071e+01,1.000000000000000056e-01,-5.826999438029570655e+01,-5.827915278899588714e+01,9.158408700180586948e-03
2.240000000000000213e+01,1.000000000000000056e-01,-5.825364440839422997e+01,-5.826279794623039265e+01,9.153537836162684016e-03
2.250000000000000000e+01,1.000000000000000056e-01,-5.823737618635225743e+01,-5.824652467358349384e+01,9.148487231236401840e-03
2.260000000000000142e+01,1.000000000000000056e-01,-5.822118930542049497e+01,-5.823033256422252890e+01,9.143258802033926713e-03
2.270000000000000284e+01,1.000000000000000056e-01,-5.820508335889338980e+01,-5.821422121334391164e+01,9.137854450521842864e-03
2.280000000000000071e+01,1.000000000000000056e-01,-5.818905794209891980e+01,-5.819819021816303461e+01,9.132276064114819292e-03
2.290000000000000213e+01,1.000000000000000056e-01,-5.817311265238842566e+01,-5.818223917790419364e+01,9.126525515767980323e-03
2.300000000000000000e+01,1.000000000000000056e-01,-5.815724708912648566e+01,-5.816636769379053362e+01,9.120604664047959886e-03
2.310000000000000142e+01,1.000000000000000056e-01,-5.814146085368085437e+01,-5.815057536903412938e+01,9.114515353275010057e-03
2.320000000000000284e+01,1.000000000000000056e-01,-5.812575354941245109e+01,-5.813486180882605225e+01,9.108259413601160759e-03
2.330000000000000071e+01,1.000000000000000056e-01,-5.811012478166539097e+01,-5.811922662032646514e+01,9.101838661074168613e-03
2.340000000000000213e+01,1.000000000000000056e-01,-5.809457415775706579e+01,-5.810366941265485252e+01,9.095254897786730908e-03
2.350000000000000000e+01,1.000000000000000056e-01,-5.807910128696828167e+01,-5.808818979688020079e+01,9.088509911919118167e-03
2.360000000000000142e+01,1.000000000000000056e-01,-5.806370578053343934e+01,-5.807278738601131352e+01,9.081605477874177268e-03
2.370000000000000284e+01,1.000000000000000056e-01,-5.804838725163077129e+01,-5.805746179498711967e+01,9.074543356348385714e-03
2.380000000000000071e+01,1.000000000000000056e-01,-5.803314531537261445e+01,-5.804221264066703867e+01,9.067325294424222193e-03
2.390000000000000213e+01,1.000000000000000056e-01,-5.801797958879575390e+01,-5.802703954182143065e+01,9.059953025676747984e-03
2.400000000000000000e+01,1.000000000000000056e-01,-5.800288969085177371e+01,-5.801194211912201837e+01,9.052428270244661235e-03
2.410000000000000142e+01,1.000000000000000056e-01,-5.798787524239751434e+01,-5.799691999513246543e+01,9.044752734951089224e-03
2.420000000000000284e+01,1.000000000000000056e-01,-5.797293586618553007e+01,-5.798197279429887629e+01,9.036928113346220925e-03
2.430000000000000071e+01,1.000000000000000056e-01,-5.795807118685460324e+01,-5.796710014294045266e+01,9.028956085849415558e-03
2.440000000000000213e+01,1.000000000000000056e-01,-5.794328083092032955e+01,-5.795230166924014270e+01,9.020838319813151429e-03
2.450000000000000000e+01,1.000000000000000056e-01,-5.792856442676572470e+01,-5.793757700323532589e+01,9.012576469601185636e-03
2.460000000000000142e+01,1.000000000000000056e-01,-5.791392160463189498e+01,-5.792292577680859722e+01,9.004172176702240904e-03
2.470000000000000284e+01,1.000000000000000056e-01,-5.789935199660873621e+01,-5.790834762367851596e+01,8.995627069779743579e-03
2.480000000000000071e+01,1.000000000000000056e-01,-5.788485523662568966e+01,-5.789384217939050359e+01,8.986942764813932172e-03
2.490000000000000213e+01,1.000000000000000056e-01,-5.787043096044256174e+01,-5.787940908130769913e+01,8.978120865137384499e-03
2.500000000000000000e+01,1.000000000000000056e-01,-5.785607880564035099e+01,-5.786504796860189970e+01,8.969162961548704516e-03
2.510000000000000142e+01,1.000000000000000056e-01,-5.784179841161214597e+01,-5.785075848224453665e+01,8.960070632390682022e-03
2.520000000000000284e+01,1.000000000000000056e-01,-5.782758941955408716e+01,-5.783654026499770140e+01,8.950845443614241503e-03
2.530000000000000071e+01,1.000000000000000056e-01,-5.781345147245631466e+01,-5.782239296140523521e+01,8.941488948920550683e-03
2.540000000000000213e+01,1.000000000000000056e-01,-5.779938421509402957e+01,-5.780831621778379770e+01,8.932002689768125947e-03
2.550000000000000000e+01,1.000000000000000056e-01,-5.778538729401856244e+01,-5.779430968221407028e+01,8.922388195507835462e-03
2.560000000000000142e+01,1.000000000000000056e-01,-5.777146035754847020e+01,-5.778037300453193836e+01,8.912646983468164308e-03
2.570000000000000284e+01,1.000000000000000056e-01,-5.775760305576072540e+01,-5.776650583631973745e+01,8.902780559012057893e-03
2.580000000000000071e+01,1.000000000000000056e-01,-5.774381504048191971e+01,-5.775270783089752058e+01,8.892790415600870801e-03
2.590000000000000213e+01,1.000000000000000056e-01,-5.773009596527951004e+01,-5.773897864331445362e+01,8.882678034943580769e-03
2.600000000000000000e+01,1.000000000000000056e-01,-5.771644548545311437e+01,-5.772531793034012537e+01,8.872444887010999537e-03
2.610000000000000142e+01,1.000000000000000056e-01,-5.770286325802585026e+01,-5.771172535045599972e+01,8.862092430149459688e-03
2.620000000000000284e+01,1.000000000000000056e-01,-5.768934894173572303e+01,-5.769820056384686779e+01,8.851622111144763494e-03
2.630000000000000071e+01,1.000000000000000056e-01,-5.767590219702704246e+01,-5.768474323239236412e+01,8.841035365321658901e-03
2.640000000000000213e+01,1.000000000000000056e-01,-5.766252268604191045e+01,-5.767135301965850402e+01,8.830333616593577517e-03
2.650000000000000000e+01,1.000000000000000056e-01,-5.764921007261170161e+01,-5.765802959088926372e+01,8.819518277562110598e-03
2.660000000000000142e+01,1.000000000000000056e-01,-5.763596402224864335e+01,-5.764477261299823851e+01,8.808590749595168745e-03
2.670000000000000284e+01,1.000000000000000056e-01,-5.762278420213740304e+01,-5.763158175456028687e+01,8.797552422883825329e-03
2.680000000000000071e+01,1.000000000000000056e-01,-5.760967028112671784e+01,-5.761845668580325963e+01,8.786404676541792469e-03
2.690000000000000213e+01,1.000000000000000056e-01,-5.759662192972108130e+01,-5.760539707859975778e+01,8.775148878676475306e-03
2.700000000000000000e+01,1.000000000000000056e-01,-5.758363882007247270e+01,-5.759240260645891851e+01,8.763786386445815424e-03
2.710000000000000142e+01,1.000000000000000056e-01,-5.757072062597210760e+01,-5.757947294451825826e+01,8.752318546150661405e-03
2.720000000000000284e+01,1.000000000000000056e-01,-5.755786702284224532e+01,-5.756660776953555825e+01,8.740746693312928528e-03
2.730000000000000071e+01,1.000000000000000056e-01,-5.754507768772803189e+01,-5.755380675988077854e+01,8.729072152746653046e-03
2.740000000000000213e+01,1.000000000000000056e-01,-5.753235229928939276e+01,-5.754106959552800049e+01,8.717296238607730174e-03
2.750000000000000000e+01,1.000000000000000056e-01,-5.751969053779294683e+01,-5.752839595804746153e+01,8.705420254514706357e-03
2.760000000000000142e+01,1.000000000000000056e-01,-5.750709208510398440e+01,-5.751578553059756160e+01,8.693445493577200978e-03
2.770000000000000284e+01,1.000000000000000056e-01,-5.749455662467846651e+01,-5.750323799791696189e+01,8.681373238495382338e-03
2.780000000000000071e+01,1.000000000000000056e-01,-5.748208384155507389e+01,-5.749075304631668359e+01,8.669204761609705656e-03
2.790000000000000213e+01,1.000000000000000056e-01,-5.746967342234729870e+01,-5.747833036367228488e+01,8.656941324986178188e-03
2.800000000000000000e+01,1.000000000000000056e-01,-5.745732505523556455e+01,-5.746596963941606617e+01,8.644584180501624360e-03
2.810000000000000142e+01,1.000000000000000056e-01,-5.744503842995938925e+01,-5.745367056452926136e+01,8.632134569872107477e-03
2.820000000000000284e+01,1.000000000000000056e-01,-5.743281323780959013e+01,-5.744143283153437096e+01,8.619593724780827415e-03
2.830000000000000071e+01,1.000000000000000056e-01,-5.742064917162053916e+01,-5.742925613448742439e+01,8.606962866885226049e-03
2.840000000000000213e+01,1.000000000000000056e-01,-5.740854592576243931e+01,-5.741714016897036288e+01,8.594243207923568661e-03
2.850000000000000000e+01,1.000000000000000056e-01,-5.739650319613362939e+01,-5.740508463208342249e+01,8.581435949793103646e-03
2.860000000000000142e+01,1.000000000000000056e-01,-5.738452068015295993e+01,-5.739308922243754552e+01,8.568542284585589641e-03
2.870000000000000284e+01,1.000000000000000056e-01,-5.737259807675219747e+01,-5.738115364014687003e+01,8.555563394672560662e-03
2.880000000000000071e+01,1.000000000000000056e-01,-5.736073508636843599e+01,-5.736927758682121947e+01,8.542500452783485798e-03
2.890000000000000213e+01,1.000000000000000056e-01,-5.734893141093659352e+01,-5.735746076555863482e+01,8.529354622041296352e-03
2.900000000000000000e+01,1.000000000000000056e-01,-5.733718675388190888e+01,-5.734570288093797785e+01,8.516127056068967249e-03
2.910000000000000142e+01,1.000000000000000056e-01,-5.732550082011250225e+01,-5.733400363901151309e+01,8.502818899010833320e-03
2.920000000000000284e+01,1.000000000000000056e-01,-5.731387331601194290e+01,-5.732236274729758918e+01,8.489431285646276137e-03
2.930000000000000071e+01,1.000000000000000056e-01,-5.730230394943188088e+01,-5.731077991477329903e+01,8.475965341418145726e-03
2.940000000000000213e+01,1.000000000000000056e-01,-5.729079242968472130e+01,-5.729925485186723932e+01,8.462422182518025693e-03
2.950000000000000000e+01,1.000000000000000056e-01,-5.727933846753629865e+01,-5.728778727045222752e+01,8.448802915928865787e-03
2.960000000000000142e+01,1.000000000000000056e-01,-5.726794177519861506e+01,-5.727637688383812531e+01,8.435108639510247031e-03
2.970000000000000284e+01,1.000000000000000056e-01,-5.725660206632262117e+01,-5.726502340676469061e+01,8.421340442069435994e-03
2.980000000000000071e+01,1.000000000000000056e-01,-5.724531905599101123e+01,-5.725372655539438682e+01,8.407499403375595648e-03
2.990000000000000213e+01,1.000000000000000056e-01,-5.723409246071105372e+01,-5.724248604730535561e+01,8.393586594301893911e-03
3.000000000000000000e+01,1.000000000000000056e-01,-5.722292199840750015e+01,-5.723130160148429724e+01,8.379603076797081940e-03
3.010000000000000142e+01,1.000000000000000056e-01,-5.721180738841546543e+01,-5.722017293831949303e+01,8.365549904027602679e-03
3.020000000000000284e+01,1.000000000000000056e-01,-5.720074835147338632e+01,-5.720909977959377812e+01,8.351428120391801713e-03
3.030000000000000071e+01,1.000000000000000056e-01,-5.718974460971602269e+01,-5.719808184847761368e+01,8.337238761590981539e-03
3.040000000000000213e+01,1.000000000000000056e-01,-5.717879588666744439e+01,-5.718711886952214485e+01,8.322982854700455846e-03
3.050000000000000000e+01,1.000000000000000056e-01,-5.716790190723411058e+01,-5.717621056865232987e+01,8.308661418219287498e-03
3.060000000000000142e+01,1.000000000000000056e-01,-5.715706239769794195e+01,-5.716535667316006908e+01,8.294275462127131959e-03
3.070000000000000284e+01,1.000000000000000056e-01,-5.714627708570944975e+01,-5.715455691169741925e+01,8.279825987969502421e-03
3.080000000000000071e+01,1.000000000000000056e-01,-5.713554570028090041e+01,-5.714381101426977949e+01,8.265313988879086082e-03
3.090000000000000213e+01,1.000000000000000056e-01,-5.712486797177949427e+01,-5.713311871222914817e+01,8.250740449653903852e-03
3.100000000000000000e+01,1.000000000000000056e-01,-5.711424363192059417e+01,-5.712247973826742964e+01,8.236106346835470049e-03
3.110000000000000142e+01,1.000000000000000056e-01,-5.710367241376098946e+01,-5.711189382640971246e+01,8.221412648723003258e-03
3.120000000000000284e+01,1.000000000000000056e-01,-5.709315405169218138e+01,-5.710136071200764718e+01,8.206660315465796884e-03
3.130000000000000071e+01,1.000000000000000056e-01,-5.708268828143371820e+01,-5.709088013173283116e+01,8.191850299112957146e-03
3.140000000000000213e+01,1.000000000000000056e-01,-5.707227484002655160e+01,-5.708045182357020764e+01,8.176983543656035636e-03
3.150000000000000000e+01,1.000000000000000056e-01,-5.706191346582642154e+01,-5.707007552681152873e+01,8.162060985107189026e-03
3.160000000000000142e+01,1.000000000000000056e-01,-5.705160389849729086e+01,-5.705975098204883267e+01,8.147083551541811630e-03
3.170000000000000284e+01,1.000000000000000056e-01,-5.704134587900480113e+01,-5.704947793116797072e+01,8.132052163169589676e-03
3.180000000000000071e+01,1.000000000000000056e-01,-5.703113914960977837e+01,-5.703925611734213419e+01,8.116967732355817589e-03
3.190000000000000213e+01,1.000000000000000056e-01,-5.702098345386173150e+01,-5.702908528502543817e+01,8.101831163706663119e-03
3.200000000000000000e+01,1.000000000000000056e-01,-5.701087853659242199e+01,-5.701896517994655511e+01,8.086643354133116190e-03
3.210000000000000142e+01,1.000000000000000056e-01,-5.700082414390946184e+01,-5.700889554910231993e+01,8.071405192858094324e-03
3.220000000000000284e+01,1.000000000000000056e-01,-5.699082002318991158e+01,-5.699887614075144171e+01,8.056117561530129478e-03
3.230000000000000426e+01,1.000000000000000056e-01,-5.698086592307396359e+01,-5.698890670440819406e+01,8.040781334230473476e-03
3.239999999999999858e+01,1.000000000000000056e-01,-5.697096159345859689e+01,-5.697898699083614815e+01,8.025397377551257705e-03
3.250000000000000000e+01,1.000000000000000056e-01,-5.696110678549130313e+01,-5.696911675204194125e+01,8.009966550638125682e-03
3.260000000000000142e+01,1.000000000000000056e-01,-5.695130125156384793e+01,-5.695929574126909500e+01,7.994489705247076472e-03
3.270000000000000284e+01,1.000000000000000056e-01,-5.694154474530602528e+01,-5.694952371299182659e+01,7.978967685801308107e-03
3.280000000000000426e+01,1.000000000000000056e-01,-5.693183702157949710e+01,-5.693980042290891674e+01,7.963401329419639296e-03
3.289999999999999858e+01,1.000000000000000056e-01,-5.692217783647159735e+01,-5.693012562793762044e+01,7.947791466023090834e-03
3.300000000000000000e+01,1.000000000000000056e-01,-5.691256694728924259e+01,-5.692049908620754195e+01,7.932138918299358465e-03
3.310000000000000142e+01,1.000000000000000056e-01,-5.690300411255279300e+01,-5.691092055705464503e+01,7.916444501852026860e-03
3.320000000000000284e+01,1.000000000000000056e-01,-5.689348909199002691e+01,-5.690138980101520616e+01,7.900709025179253331e-03
3.330000000000000426e+01,1.000000000000000056e-01,-5.688402164653007986e+01,-5.689190657981981758e+01,7.884933289737716677e-03
3.339999999999999858e+01,1.000000000000000056e-01,-5.687460153829742637e+01,-5.688247065638746847e+01,7.869118090042093172e-03
3.350000000000000000e+01,1.000000000000000056e-01,-5.686522853060593974e+01,-5.687308179481956927e+01,7.853264213629529422e-03
3.360000000000000142e+01,1.000000000000000056e-01,-5.685590238795290929e+01,-5.686373976039409683e+01,7.837372441187540062e-03
3.370000000000000284e+01,1.000000000000000056e-01,-5.684662287601314290e+01,-5.685444431955971112e+01,7.821443546568218608e-03
3.380000000000000426e+01,1.000000000000000056e-01,-5.683738976163307655e+01,-5.684519523992989321e+01,7.805478296816659167e-03
3.389999999999999858e+01,1.000000000000000056e-01,-5.682820281282491237e+01,-5.683599229027717570e+01,7.789477452263326995e-03
3.400000000000000000e+01,1.000000000000000056e-01,-5.681906179876078511e+01,-5.682683524052734469e+01,7.773441766559585631e-03
3.410000000000000142e+01,1.000000000000000056e-01,-5.680996648976697827e+01,-5.681772386175367728e+01,7.757371986699013178e-03
3.420000000000000284e+01,1.000000000000000056e-01,-5.680091665731814032e+01,-5.680865792617122167e+01,7.741268853081351153e-03
3.430000000000000426e+01,1.000000000000000056e-01,-5.679191207403155062e+01,-5.679963720713111996e+01,7.725133099569347905e-03
3.439999999999999858e+01,1.000000000000000056e-01,-5.678295251366139240e+01,-5.679066147911493090e+01,7.708965453538496604e-03
3.450000000000000000e+01,1.000000000000000056e-01,-5.677403775109308270e+01,-5.678173051772898106e+01,7.692766635898351524e-03
3.460000000000000142e+01,1.000000000000000056e-01,-5.676516756233761640e+01,-5.677284409969877998e+01,7.676537361163582318e-03
3.470000000000000284e+01,1.000000000000000056e-01,-5.675634172452593162e+01,-5.676400200286339981e+01,7.660278337468184873e-03
3.480000000000000426e+01,1.000000000000000056e-01,-5.674756001590330357e+01,-5.675520400616996852e+01,7.643990266664957289e-03
3.489999999999999858e+01,1.000000000000000056e-01,-5.673882221582378804e+01,-5.674644988966810644e+01,7.627673844318394458e-03
3.500000000000000000e+01,1.000000000000000056e-01,-5.673012810474467216e+01,-5.673773943450444790e+01,7.611329759775742332e-03
3.510000000000000142e+01,1.000000000000000056e-01,-5.672147746422094627e+01,-5.672907242291716301e+01,7.594958696216735916e-03
3.520000000000000284e+01,1.000000000000000056e-01,-5.671287007689983994e+01,-5.672044863823050775e+01,7.578561330667810125e-03
3.530000000000000426e+01,1.000000000000000056e-01,-5.670430572651534362e+01,-5.671186786484940967e+01,7.562138334066048628e-03
3.539999999999999858e+01,1.000000000000000056e-01,-5.669578419788276591e+01,-5.670332988825409615e+01,7.545690371330238122e-03
3.550000000000000000e+01,1.000000000000000056e-01,-5.668730527689335474e+01,-5.669483449499470140e+01,7.529218101346657477e-03
3.560000000000000142e+01,1.000000000000000056e-01,-5.667886875050889017e+01,-5.668638147268595162e+01,7.512722177061448292e-03
3.570000000000000284e+01,1.000000000000000056e-01,-5.667047440675634817e+01,-5.667797061000185721e+01,7.496203245509036606e-03
3.580000000000000426e+01,1.000000000000000056e-01,-5.666212203472256448e+01,-5.666960169667040503e+01,7.479661947840554603e-03
3.589999999999999858e+01,1.000000000000000056e-01,-5.665381142454894814e+01,-5.666127452346832882e+01,7.463098919380684038e-03
3.600000000000000000e+01,1.000000000000000056e-01,-5.664554236742620219e+01,-5.665298888221586537e+01,7.446514789663183365e-03
3.610000000000000142e+01,1.000000000000000056e-01,-5.663731465558907274e+01,-5.664474456577154626e+01,7.429910182473520308e-03
3.620000000000000284e+01,1.000000000000000056e-01,-5.662912808231112649e+01,-5.663654136802703931e+01,7.413285715912820706e-03
3.630000000000000426e+01,1.000000000000000056e-01,-5.662098244189957086e+01,-5.662837908390196873e+01,7.396642002397868509e-03
3.639999999999999858e+01,1.000000000000000056e-01,-5.661287752969007414e+01,-5.662025750933880630e+01,7.379979648732160058e-03
3.650000000000000000e+01,1.000000000000000056e-01,-5.660481314204162118e+01,-5.661217644129776971e+01,7.363299256148536642e-03
3.660000000000000142e+01,1.000000000000000056e-01,-5.659678907633141165e+01,-5.660413567775172794e+01,7.346601420316289932e-03
3.670000000000000284e+01,1.000000000000000056e-01,-5.658880513094975129e+01,-5.659613501768117771e+01,7.329886731426427104e-03
3.680000000000000426e+01,1.000000000000000056e-01,-5.658086110529499990e+01,-5.658817426106920578e+01,7.313155774205881698e-03
3.689999999999999858e+01,1.000000000000000056e-01,-5.657295679976852654e+01,-5.658025320889647958e+01,7.296409127953040752e-03
3.700000000000000000e+01,1.000000000000000056e-01,-5.656509201576968593e+01,-5.657237166313627341e+01,7.279647366587482793e-03
3.710000000000000142e+01,1.000000000000000056e-01,-5.655726655569083761e+01,-5.656452942674954443e+01,7.262871058706821259e-03
3.720000000000000284e+01,1.000000000000000056e-01,-5.654948022291238630e+01,-5.655672630367997300e+01,7.246080767586704496e-03
3.730000000000000426e+01,1.000000000000000056e-01,-5.654173282179782234e+01,-5.654896209884906710e+01,7.229277051244764607e-03
3.739999999999999858e+01,1.000000000000000056e-01,-5.653402415768883316e+01,-5.654123661815131641e+01,7.212460462483250012e-03
3.750000000000000000e+01,1.000000000000000056e-01,-5.652635403690038629e+01,-5.653354966844928242e+01,7.195631548896130880e-03
3.760000000000000142e+01,1.000000000000000056e-01,-5.651872226671588351e+01,-5.652590105756883787e+01,7.178790852954364254e-03
3.770000000000000284e+01,1.000000000000000056e-01,-5.651112865538230068e+01,-5.651829059429430657e+01,7.161938912005894053e-03
3.780000000000000426e+01,1.000000000000000056e-01,-5.650357301210539163e+01,-5.651071808836370991e+01,7.145076258318283635e-03
3.789999999999999858e+01,1.000000000000000056e-01,-5.649605514704486353e+01,-5.650318335046400620e+01,7.128203419142664643e-03
3.800000000000000000e+01,1.000000000000000056e-01,-5.648857487130963762e+01,-5.649568619222635135e+01,7.111320916713737006e-03
3.810000000000000142e+01,1.000000000000000056e-01,-5.648113199695308850e+01,-5.648822642622140222e+01,7.094429268313717785e-03
3.820000000000000284e+01,1.000000000000000056e-01,-5.647372633696832622e+01,-5.648080386595462699e+01,7.077528986300762881e-03
3.830000000000000426e+01,1.000000000000000056e-01,-5.646635770528348530e+01,-5.647341832586161559e+01,7.060620578130283320e-03
3.840000000000000568e+01,1.000000000000000056e-01,-5.645902591675707072e+01,-5.646606962130350382e+01,7.043704546433104952e-03
3.850000000000000000e+01,1.000000000000000056e-01,-5.645173078717328252e+01,-5.645875756856227667e+01,7.026781388994152167e-03
3.860000000000000142e+01,1.000000000000000056e-01,-5.644447213323741863e+01,-5.645148198483623503e+01,7.009851598816396745e-03
3.870000000000000284e+01,1.000000000000000056e-01,-5.643724977257123498e+01,-5.644424268823541979e+01,6.992915664184806701e-03
3.880000000000000426e+01,1.000000000000000056e-01,-5.643006352370837675e+01,-5.643703949777702888e+01,6.975974068652135429e-03
3.890000000000000568e+01,1.000000000000000056e-01,-5.642291320608983796e+01,-5.642987223338092662e+01,6.959027291088659695e-03
3.900000000000000000e+01,1.000000000000000056e-01,-5.641579864005938560e+01,-5.642274071586513884e+01,6.942075805753233908e-03
3.910000000000000142e+01,1.000000000000000056e-01,-5.640871964685909035e+01,-5.641564476694134100e+01,6.925120082250657561e-03
3.920000000000000284e+01,1.000000000000000056e-01,-5.640167604862479322e+01,-5.640858420921045280e+01,6.908160585659572916e-03
3.930000000000000426e+01,1.000000000000000056e-01,-5.639466766838167189e+01,-5.640155886615815461e+01,6.891197776482727022e-03
3.940000000000000568e+01,1.000000000000000056e-01,-5.638769433003976417e+01,-5.639456856215051062e+01,6.874232110746447688e-03
3.950000000000000000e+01,1.000000000000000056e-01,-5.638075585838956272e+01,-5.638761312242954915e+01,6.857264039986432635e-03
3.960000000000000142e+01,1.000000000000000056e-01,-5.637385207909761675e+01,-5.638069237310892845e+01,6.840294011311698341e-03
3.970000000000000284e+01,1.000000000000000056e-01,-5.636698281870212668e+01,-5.637380614116954547e+01,6.823322467418790893e-03
3.980000000000000426e+01,1.000000000000000056e-01,-5.636014790460861690e+01,-5.636695425445523711e+01,6.806349846620207700e-03
3.990000000000000568e+01,1.000000000000000056e-01,-5.635334716508557307e+01,-5.636013654166848852e+01,6.789376582915451763e-03
4.000000000000000000e+01,1.000000000000000056e-01,-5.634658042926014332e+01,-5.635335283236612725e+01,6.772403105983926253e-03
4.010000000000000142e+01,1.000000000000000056e-01,-5.633984752711383948e+01,-5.634660295695505994e+01,6.755429841220461640e-03
4.020000000000000284e+01,1.000000000000000056e-01,-5.633314828947827380e+01,-5.633988674668805174e+01,6.738457209777948265e-03
4.030000000000000426e+01,1.000000000000000056e-01,-5.632648254803088150e+01,-5.633320403365949147e+01,6.721485628609968899e-03
4.040000000000000568e+01,1.000000000000000056e-01,-5.631985013529072859e+01,-5.632655465080121360e+01,6.704515510485009600e-03
4.050000000000000000e+01,1.000000000000000056e-01,-5.631325088461427697e+01,-5.631993843187829896e+01,6.687547264021986848e-03
4.060000000000000142e+01,1.000000000000000056e-01,-5.630668463019120651e+01,-5.631335521148493228e+01,6.670581293725774685e-03
4.070000000000000284e+01,1.000000000000000056e-01,-5.630015120704025122e+01,-5.630680482504025264e+01,6.653618000001415567e-03
4.080000000000000426e+01,1.000000000000000056e-01,-5.629365045100504972e+01,-5.630028710878426068e+01,6.636657779210963781e-03
4.090000000000000568e+01,1.000000000000000056e-01,-5.628718219875002404e+01,-5.629380189977371174e+01,6.619701023687696306e-03
4.100000000000000000e+01,1.000000000000000056e-01,-5.628074628775627275e+01,-5.628734903587804439e+01,6.602748121771639944e-03
4.110000000000000142e+01,1.000000000000000056e-01,-5.627434255631749238e+01,-5.628092835577531616e+01,6.585799457823782177e-03
4.120000000000000284e+01,1.000000000000000056e-01,-5.626797084353590606e+01,-5.627453969894821029e+01,6.568855412304230867e-03
4.130000000000000426e+01,1.000000000000000056e-01,-5.626163098931822759e+01,-5.626818290567995007e+01,6.551916361722476267e-03
4.140000000000000568e+01,1.000000000000000056e-01,-5.625532283437163983e+01,-5.626185781705038380e+01,6.534982678743972428e-03
4.150000000000000000e+01,1.000000000000000056e-01,-5.624904622019978007e+01,-5.625556427493197020e+01,6.518054732190137202e-03
4.160000000000000142e+01,1.000000000000000056e-01,-5.624280098909878234e+01,-5.624930212198582069e+01,6.501132887038352237e-03
4.170000000000000284e+01,1.000000000000000056e-01,-5.623658698415329127e+01,-5.624307120165779139e+01,6.484217504500122686e-03
4.180000000000000426e+01,1.000000000000000056e-01,-5.623040404923252567e+01,-5.623687135817454674e+01,6.467308942021077200e-03
4.190000000000000568e+01,1.000000000000000056e-01,-5.622425202898636343e+01,-5.623070243653967992e+01,6.450407553316495068e-03
4.200000000000000000e+01,1.000000000000000056e-01,-5.621813076884143356e+01,-5.622456428252981908e+01,6.433513688385517071e-03
4.210000000000000142e+01,1.000000000000000056e-01,-5.621204011499722952e+01,-5.621845674269080462e+01,6.416627693575094327e-03
4.220000000000000284e+01,1.000000000000000056e-01,-5.620597991442224384e+01,-5.621237966433381672e+01,6.399749911572882866e-03
4.230000000000000426e+01,1.000000000000000056e-01,-5.619995001485013120e+01,-5.620633289553158107e+01,6.382880681449876192e-03
4.240000000000000568e+01,1.000000000000000056e-01,-5.619395026477587862e+01,-5.620031628511456745e+01,6.366020338688826996e-03
4.250000000000000000e+01,1.000000000000000056e-01,-5.618798051345199696e+01,-5.619432968266719541e+01,6.349169215198458005e-03
4.260000000000000142e+01,1.000000000000000056e-01,-5.618204061088473367e+01,-5.618837293852409687e+01,6.332327639363199978e-03
4.270000000000000284e+01,1.000000000000000056e-01,-5.617613040783030698e+01,-5.618244590376635728e+01,6.315495936050297132e-03
4.280000000000000426e+01,1.000000000000000056e-01,-5.617024975579115420e+01,-5.617654843021779243e+01,6.298674426638228852e-03
4.290000000000000568e+01,1.000000000000000056e-01,-5.616439850701220138e+01,-5.617068037044126072e+01,6.281863429059342252e-03
4.300000000000000000e+01,1.000000000000000056e-01,-5.615857651447714005e+01,-5.616484157773496833e+01,6.265063257828273890e-03
4.310000000000000142e+01,1.000000000000000056e-01,-5.615278363190475375e+01,-5.615903190612878859e+01,6.248274224034844337e-03
4.320000000000000284e+01,1.000000000000000056e-01,-5.614701971374523026e+01,-5.615325121038062406e+01,6.231496635393796169e-03
4.330000000000000426e+01,1.000000000000000056e-01,-5.614128461517650237e+01,-5.614749934597278980e+01,6.214730796287426529e-03
4.340000000000000568e+01,1.000000000000000056e-01,-5.613557819210061695e+01,-5.614177616910836122e+01,6.197977007744270850e-03
4.350000000000000000e+01,1.000000000000000056e-01,-5.612990030114011120e+01,-5.613608153670763556e+01,6.181235567524367980e-03
4.360000000000000142e+01,1.000000000000000056e-01,-5.612425079963441021e+01,-5.613041530640450105e+01,6.164506770090838472e-03
4.370000000000000284e+01,1.000000000000000056e-01,-5.611862954563623873e+01,-5.612477733654289835e+01,6.147790906659622578e-03
4.380000000000000426e+01,1.000000000000000056e-01,-5.611303639790805420e+01,-5.611916748617328921e+01,6.131088265235007384e-03
4.390000000000000568e+01,1.000000000000000056e-01,-5.610747121591851538e+01,-5.611358561504912501e+01,6.114399130609626809e-03
4.400000000000000000e+01,1.000000000000000056e-01,-5.610193385983892256e+01,-5.610803158362333676e+01,6.097723784414199599e-03
4.410000000000000142e+01,1.000000000000000056e-01,-5.609642419053972873e+01,-5.610250525304485336e+01,6.081062505124634754e-03
4.420000000000000284e+01,1.000000000000000056e-01,-5.609094206958702955e+01,-5.609700648515511290e+01,6.064415568083347807e-03
4.430000000000000426e+01,1.000000000000000056e-01,-5.608548735923909589e+01,-5.609153514248463779e+01,6.047783245541893393e-03
4.440000000000000568e+01,1.000000000000000056e-01,-5.608005992244289928e+01,-5.608609108824958156e+01,6.031165806682281527e-03
4.450000000000000000e+01,1.000000000000000056e-01,-5.607465962283068706e+01,-5.608067418634828982e+01,6.014563517602766751e-03
4.460000000000000142e+01,1.000000000000000056e-01,-5.606928632471653628e+01,-5.607528430135794650e+01,5.997976641410218690e-03
4.470000000000000284e+01,1.000000000000000056e-01,-5.606393989309295023e+01,-5.606992129853114193e+01,5.981405438191700341e-03
4.480000000000000426e+01,1.000000000000000056e-01,-5.605862019362748327e+01,-5.606458504379252616e+01,5.964850165042889785e-03
4.490000000000000568e+01,1.000000000000000056e-01,-5.605332709265934454e+01,-5.605927540373545526e+01,5.948311076110712747e-03
4.500000000000000000e+01,1.000000000000000056e-01,-5.604806045719605123e+01,-5.605399224561864457e+01,5.931788422593342602e-03
4.510000000000000142e+01,1.000000000000000056e-01,-5.604282015491006774e+01,-5.604873543736287189e+01,5.915282452804149216e-03
4.520000000000000284e+01,1.000000000000000056e-01,-5.603760605413551588e+01,-5.604350484754765205e+01,5.898793412136171810e-03
4.530000000000000426e+01,1.000000000000000056e-01,-5.603241802386483528e+01,-5.603830034540796845e+01,5.882321543133173236e-03
4.540000000000000568e+01,1.000000000000000056e-01,-5.602725593374550783e+01,-5.603312180083100458e+01,5.865867085496745403e-03
4.550000000000000000e+01,1.000000000000000056e-01,-5.602211965407678207e+01,-5.602796908435286127e+01,5.849430276079203850e-03
4.560000000000000142e+01,1.000000000000000056e-01,-5.601700905580639755e+01,-5.602284206715537351e+01,5.833011348975958299e-03
4.570000000000000284e+01,1.000000000000000056e-01,-5.601192401052736614e+01,-5.601774062106283480e+01,5.816610535468669241e-03
4.580000000000000426e+01,1.000000000000000056e-01,-5.600686439047473186e+01,-5.601266461853883527e+01,5.800228064103407633e-03
4.590000000000000568e+01,1.000000000000000056e-01,-5.600183006852235934e+01,-5.600761393268303578e+01,5.783864160676444044e-03
4.600000000000000000e+01,1.000000000000000056e-01,-5.599682091817975049e+01,-5.600258843722803448e+01,5.767519048283986649e-03
4.610000000000000142e+01,1.000000000000000056e-01,-5.599183681358885423e+01,-5.599758800653618351e+01,5.751192947329286653e-03
4.620000000000000284e+01,1.000000000000000056e-01,-5.598687762952091163e+01,-5.599261251559645558e+01,5.734886075543954576e-03
4.630000000000000426e+01,1.000000000000000056e-01,-5.598194324137330824e+01,-5.598766184002131752e+01,5.718598648009276531e-03
4.640000000000000568e+01,1.000000000000000056e-01,-5.597703352516644060e+01,-5.598273585604361813e+01,5.702330877177530510e-03
4.650000000000000000e+01,1.000000000000000056e-01,-5.597214835754061113e+01,-5.597783444051349733e+01,5.686082972886197240e-03
4.660000000000000142e+01,1.000000000000000056e-01,-5.596728761575290889e+01,-5.597295747089533080e+01,5.669855142421909022e-03
4.670000000000000284e+01,1.000000000000000056e-01,-5.596245117767414712e+01,-5.596810482526460362e+01,5.653647590456500893e-03
4.680000000000000426e+01,1.000000000000000056e-01,-5.595763892178577947e+01,-5.596327638230493307e+01,5.637460519153592031e-03
4.690000000000000568e+01,1.000000000000000056e-01,-5.595285072717685182e+01,-5.595847202130498488e+01,5.621294128133058621e-03
4.700000000000000000e+01,1.000000000000000056e-01,-5.594808647354096820e+01,-5.595369162215549608e+01,5.605148614527877271e-03
4.710000000000000142e+01,1.000000000000000056e-01,-5.594334604117326393e+01,-5.594893506534623384e+01,5.589024172969914162e-03
4.720000000000000284e+01,1.000000000000000056e-01,-5.593862931096739999e+01,-5.594420223196302544e+01,5.572920995625452179e-03
4.730000000000000426e+01,1.000000000000000056e-01,-5.593393616441256455e+01,-5.593949300368478816e+01,5.556839272223612625e-03
4.740000000000000568e+01,1.000000000000000056e-01,-5.592926648359050290e+01,-5.593480726278058768e+01,5.540779190084776928e-03
4.750000000000000000e+01,1.000000000000000056e-01,-5.592462015117254737e+01,-5.593014489210663243e+01,5.524740934085059507e-03
4.760000000000000142e+01,1.000000000000000056e-01,-5.591999705041668278e+01,-5.592550577510343146e+01,5.508724686748678323e-03
4.770000000000000284e+01,1.000000000000000056e-01,-5.591539706516459773e+01,-5.592088979579281016e+01,5.492730628212427746e-03
4.780000000000000426e+01,1.000000000000000056e-01,-5.591082007983877133e+01,-5.591629683877504675e+01,5.476758936275416545e-03
4.790000000000000568e+01,1.000000000000000056e-01,-5.590626597943957421e+01,-5.591172678922598038e+01,5.460809786406173316e-03
4.800000000000000000e+01,1.000000000000000056e-01,-5.590173464954237659e+01,-5.590717953289412634e+01,5.444883351749751910e-03
4.810000000000000142e+01,1.000000000000000056e-01,-5.589722597629466350e+01,-5.590265495609784097e+01,5.428979803177469421e-03
4.820000000000000284e+01,1.000000000000000056e-01,-5.589273984641319259e+01,-5.589815294572247950e+01,5.413099309286906191e-03
4.830000000000000426e+01,1.000000000000000056e-01,-5.588827614718112358e+01,-5.589367338921753259e+01,5.397242036409011234e-03
4.840000000000000568e+01,1.000000000000000056e-01,-5.588383476644521863e+01,-5.588921617459386226e+01,5.381408148643629374e-03
4.850000000000000000e+01,1.000000000000000056e-01,-5.587941559261299318e+01,-5.588478119042087400e+01,5.365597807880817527e-03
4.860000000000000142e+01,1.000000000000000056e-01,-5.587501851464993052e+01,-5.588036832582372426e+01,5.349811173793739272e-03
4.870000000000000284e+01,1.000000000000000056e-01,-5.587064342207668233e+01,-5.587597747048057784e+01,5.334048403895508272e-03
4.880000000000000426e+01,1.000000000000000056e-01,-5.586629020496629749e+01,-5.587160851461981537e+01,5.318309653517871993e-03
4.890000000000000568e+01,1.000000000000000056e-01,-5.586195875394146526e+01,-5.586726134901731200e+01,5.302595075846738837e-03
4.900000000000000000e+01,1.000000000000000056e-01,-5.585764896017175829e+01,-5.586293586499370178e+01,5.286904821943494426e-03
4.910000000000000142e+01,1.000000000000000056e-01,-5.585336071537089708e+01,-5.585863195441167051e+01,5.271239040773423312e-03
4.920000000000000284e+01,1.000000000000000056e-01,-5.584909391179404281e+01,-5.585434950967321299e+01,5.255597879170181841e-03
4.930000000000000426e+01,1.000000000000000056e-01,-5.584484844223507594e+01,-5.585008842371699700e+01,5.239981481921063278e-03
4.940000000000000568e+01,1.000000000000000056e-01,-5.584062420002390326e+01,-5.584584859001564894e+01,5.224389991745681527e-03
4.950000000000000000e+01,1.000000000000000056e-01,-5.583642107902378626e+01,-5.584162990257310355e+01,5.208823549317287416e-03
4.960000000000000142e+01,1.000000000000000056e-01,-5.583223897362866950e+01,-5.583743225592196069e+01,5.193282293291190399e-03
4.970000000000000284e+01,1.000000000000000056e-01,-5.582807777876052313e+01,-5.583325554512082789e+01,5.177766360304758564e-03
4.980000000000000426e+01,1.000000000000000056e-01,-5.582393738986672105e+01,-5.582909966575172689e+01,5.162275885005840337e-03
4.990000000000000568e+01,1.000000000000000056e-01,-5.581981770291739053e+01,-5.582496451391745040e+01,5.146811000059869912e-03
5.000000000000000000e+01,1.000000000000000056e-01,-5.581571861440280458e+01,-5.582084998623898997e+01,5.131371836185394386e-03
5.010000000000000142e+01,1.000000000000000056e-01,-5.581164002133078839e+01,-5.581675597985293535e+01,5.115958522146968335e-03
5.020000000000000284e+01,1.000000000000000056e-01,-5.580758182122413302e+01,-5.581268239240891660e+01,5.100571184783575518e-03
5.030000000000000426e+01,1.000000000000000056e-01,-5.580354391211800902e+01,-5.580862912206703896e+01,5.085209949029945165e-03
5.040000000000000568e+01,1.000000000000000056e-01,-5.579952619255741553e+01,-5.580459606749532497e+01,5.069874937909446544e-03
5.050000000000000000e+01,1.000000000000000056e-01,-5.579552856159462948e+01,-5.580058312786720620e+01,5.054566272576721531e-03
5.060000000000000142e+01,1.000000000000000056e-01,-5.579155091878665473e+01,-5.579659020285897952e+01,5.039284072324790031e-03
5.070000000000000284e+01,1.000000000000000056e-01,-5.578759316419272096e+01,-5.579261719264731312e+01,5.024028454592155413e-03
5.080000000000000426e+01,1.000000000000000056e-01,-5.578365519837175412e+01,-5.578866399790675246e+01,5.008799534998331637e-03
5.090000000000000568e+01,1.000000000000000056e-01,-5.577973692237989667e+01,-5.578473051980720498e+01,4.993597427308316128e-03
5.100000000000000000e+01,1.000000000000000056e-01,-5.577583823776799932e+01,-5.578081666001153138e+01,4.978422243532065750e-03
5.110000000000000142e+01,1.000000000000000056e-01,-5.577195904657916259e+01,-5.577692232067302314e+01,4.963274093860547964e-03
5.120000000000000284e+01,1.000000000000000056e-01,-5.576809925134626411e+01,-5.577304740443300091e+01,4.948153086736795103e-03
5.130000000000000426e+01,1.000000000000000056e-01,-5.576425875508953567e+01,-5.576919181441834183e+01,4.933059328806166377e-03
5.140000000000000568e+01,1.000000000000000056e-01,-5.576043746131409051e+01,-5.576535545423911344e+01,4.917992925022929285e-03
5.150000000000000000e+01,1.000000000000000056e-01,-5.575663527400752173e+01,-5.576153822798610094e+01,4.902953978579205341e-03
5.160000000000000142e+01,1.000000000000000056e-01,-5.575285209763748639e+01,-5.575774004022845531e+01,4.887942590968918921e-03
5.170000000000000284e+01,1.000000000000000056e-01,-5.574908783714929683e+01,-5.575396079601127752e+01,4.872958861980691836e-03
5.180000000000000426e+01,1.000000000000000056e-01,-5.574534239796354740e+01,-5.575020040085326656e+01,4.858002889719159612e-03
5.190000000000000568e+01,1.000000000000000056e-01,-5.574161568597372707e+01,-5.574645876074435336e+01,4.843074770626287773e-03
5.200000000000000000e+01,1.000000000000000056e-01,-5.573790760754386042e+01,-5.574273578214334179e+01,4.828174599481371843e-03
5.210000000000000142e+01,1.000000000000000056e-01,-5.573421806950614155e+01,-5.573903137197555679e+01,4.813302469415248197e-03
5.220000000000000284e+01,1.000000000000000056e-01,-5.573054697915861055e+01,-5.573534543763057059e+01,4.798458471960032057e-03
5.230000000000000426e+01,1.000000000000000056e-01,-5.572689424426281590e+01,-5.573167788695982239e+01,4.783642697006484923e-03
5.240000000000000568e+01,1.000000000000000056e-01,-5.572325977304150513e+01,-5.572802862827435888e+01,4.768855232853752568e-03
5.250000000000000000e+01,1.000000000000000056e-01,-5.571964347417629426e+01,-5.572439757034251784e+01,4.754096166223575892e-03
5.260000000000000142e+01,1.000000000000000056e-01,-5.571604525680541542e+01,-5.572078462238766150e+01,4.739365582246080066e-03
5.270000000000000284e+01,1.000000000000000056e-01,-5.571246503052138621e+01,-5.571718969408590993e+01,4.724663564523723380e-03
5.280000000000000426e+01,1.000000000000000056e-01,-5.570890270536877864e+01,-5.571361269556386020e+01,4.709990195081559250e-03
5.290000000000000568e+01,1.000000000000000056e-01,-5.570535819184193826e+01,-5.571005353739636945e+01,4.695345554431185064e-03
5.300000000000000000e+01,1.000000000000000056e-01,-5.570183140088273177e+01,-5.570651213060429541e+01,4.680729721563636758e-03
5.310000000000000142e+01,1.000000000000000056e-01,-5.569832224387831587e+01,-5.570298838665228658e+01,4.666142773970705093e-03
5.320000000000000284e+01,1.000000000000000056e-01,-5.569483063265892753e+01,-5.569948221744655115e+01,4.651584787623619377e-03
5.330000000000000426e+01,1.000000000000000056e-01,-5.569135647949563150e+01,-5.569599353533268982e+01,4.637055837058312591e-03
5.340000000000000568e+01,1.000000000000000056e-01,-5.568789969709815324e+01,-5.569252225309345761e+01,4.622555995304367116e-03
5.350000000000000000e+01,1.000000000000000056e-01,-5.568446019861266194e+01,-5.568906828394662512e+01,4.608085333963174435e-03
5.360000000000000142e+01,1.000000000000000056e-01,-5.568103789761959632e+01,-5.568563154154277584e+01,4.593643923179513422e-03
5.370000000000000284e+01,1.000000000000000056e-01,-5.567763270813149745e+01,-5.568221193996318163e+01,4.579231831684182907e-03
5.380000000000000426e+01,1.000000000000000056e-01,-5.567424454459084160e+01,-5.567880939371761428e+01,4.564849126772685395e-03
5.390000000000000568e+01,1.000000000000000056e-01,-5.567087332186788728e+01,-5.567542381774224225e+01,4.550495874354965053e-03
5.400000000000000000e+01,1.000000000000000056e-01,-5.566751895525855076e+01,-5.567205512739749906e+01,4.536172138948302290e-03
5.410000000000000142e+01,1.000000000000000056e-01,-5.566418136048226017e+01,-5.566870323846593749e+01,4.521877983677313750e-03
5.420000000000000284e+01,1.000000000000000056e-01,-5.566086045367985236e+01,-5.566536806715016894e+01,4.507613470316584880e-03
5.430000000000000426e+01,1.000000000000000056e-01,-5.565755615141145540e+01,-5.566204953007073186e+01,4.493378659276459075e-03
5.440000000000000568e+01,1.000000000000000056e-01,-5.565426837065439969e+01,-5.565874754426403115e+01,4.479173609631459385e-03
5.450000000000000000e+01,1.000000000000000056e-01,-5.565099702880112886e+01,-5.565546202718024205e+01,4.464998379113183091e-03
5.460000000000000142e+01,1.000000000000000056e-01,-5.564774204365712507e+01,-5.565219289668127800e+01,4.450853024152934267e-03
5.470000000000000284e+01,1.000000000000000056e-01,-5.564450333343884125e+01,-5.564894007103869455e+01,4.436737599853302072e-03
5.480000000000000426e+01,1.000000000000000056e-01,-5.564128081677164772e+01,-5.564570346893168562e+01,4.422652160037898739e-03
5.490000000000000568e+01,1.000000000000000056e-01,-5.563807441268779286e+01,-5.564248300944503001e+01,4.408596757237148722e-03
5.500000000000000000e+01,1.000000000000000056e-01,-5.563488404062435677e+01,-5.563927861206707348e+01,4.394571442716710408e-03
5.510000000000000142e+01,1.000000000000000056e-01,-5.563170962042123335e+01,-5.563609019668771793e+01,4.380576266484581538e-03
5.520000000000000284e+01,1.000000000000000056e-01,-5.562855107231912655e+01,-5.563291768359640344e+01,4.366611277276888359e-03
5.530000000000000426e+01,1.000000000000000056e-01,-5.562540831695753241e+01,-5.562976099348014714e+01,4.352676522614729038e-03
5.540000000000000568e+01,1.000000000000000056e-01,-5.562228127537274247e+01,-5.562662004742153243e+01,4.338772048789962810e-03
5.550000000000000000e+01,1.000000000000000056e-01,-5.561916986899587556e+01,-5.562349476689673367e+01,4.324897900858104549e-03
5.560000000000000142e+01,1.000000000000000056e-01,-5.561607401965089537e+01,-5.562038507377358343e+01,4.311054122688062762e-03
5.570000000000000284e+01,1.000000000000000056e-01,-5.561299364955264224e+01,-5.561729089030959017e+01,4.297240756947928730e-03
5.580000000000000426e+01,1.000000000000000056e-01,-5.560992868130487921e+01,-5.561421213914999839e+01,4.283457845119187368e-03
5.590000000000000568e+01,1.000000000000000056e-01,-5.560687903789835218e+01,-5.561114874332588442e+01,4.269705427532244357e-03
5.600000000000000000e+01,1.000000000000000056e-01,-5.560384464270885729e+01,-5.560810062625218109e+01,4.255983543323793583e-03
5.610000000000000142e+01,1.000000000000000056e-01,-5.560082541949531532e+01,-5.560506771172580187e+01,4.242292230486555127e-03
5.620000000000000284e+01,1.000000000000000056e-01,-5.559782129239783899e+01,-5.560204992392373669e+01,4.228631525897696974e-03
5.630000000000000426e+01,1.000000000000000056e-01,-5.559483218593585008e+01,-5.559904718740111917e+01,4.215001465269097025e-03
5.640000000000000568e+01,1.000000000000000056e-01,-5.559185802500616802e+01,-5.559605942708939352e+01,4.201402083225502793e-03
5.650000000000000000e+01,1.000000000000000056e-01,-5.558889873488113409e+01,-5.559308656829438888e+01,4.187833413254793413e-03
5.660000000000000142e+01,1.000000000000000056e-01,-5.558595424120672845e+01,-5.559012853669447907e+01,4.174295487750612210e-03
5.670000000000000284e+01,1.000000000000000056e-01,-5.558302447000069435e+01,-5.558718525833872093e+01,4.160788338026577549e-03
5.680000000000000426e+01,1.000000000000000056e-01,-5.558010934765069067e+01,-5.558425665964500695e+01,4.147311994316282835e-03
5.690000000000000568e+01,1.000000000000000056e-01,-5.557720880091243743e+01,-5.558134266739821783e+01,4.133866485780401945e-03
5.700000000000000000e+01,1.000000000000000056e-01,-5.557432275690787549e+01,-5.557844320874838218e+01,4.120451840506689223e-03
5.710000000000000142e+01,1.000000000000000056e-01,-5.557145114312333334e+01,-5.557555821120890016e+01,4.107068085566822901e-03
5.720000000000000284e+01,1.000000000000000056e-01,-5.556859388740771521e+01,-5.557268760265467478e+01,4.093715246959561682e-03
5.730000000000000426e+01,1.000000000000000056e-01,-5.556575091797067500e+01,-5.556983131132034259e+01,4.080393349667588154e-03
5.740000000000000568e+01,1.000000000000000056e-01,-5.556292216338081857e+01,-5.556698926579846898e+01,4.067102417650403368e-03
5.750000000000000000e+01,1.000000000000000056e-01,-5.556010755256391320e+01,-5.556416139503777174e+01,4.053842473858537687e-03
5.760000000000000142e+01,1.000000000000000056e-01,-5.555730701480109701e+01,-5.556134762834133767e+01,4.040613540240656221e-03
5.770000000000000284e+01,1.000000000000000056e-01,-5.555452047972708840e+01,-5.555854789536484617e+01,4.027415637757769673e-03
5.780000000000000426e+01,1.000000000000000056e-01,-5.555174787732845232e+01,-5.555576212611482845e+01,4.014248786376128919e-03
5.790000000000000568e+01,1.000000000000000056e-01,-5.554898913794180970e+01,-5.555299025094691245e+01,4.001113005102752140e-03
5.800000000000000000e+01,1.000000000000000056e-01,-5.554624419225210374e+01,-5.555023220056407496e+01,3.988008311971213971e-03
5.810000000000000142e+01,1.000000000000000056e-01,-5.554351297129084486e+01,-5.554748790601490072e+01,3.974934724055856350e-03
5.820000000000000284e+01,1.000000000000000056e-01,-5.554079540643439117e+01,-5.554475729869189848e+01,3.961892257507315662e-03
5.830000000000000426e+01,1.000000000000000056e-01,-5.553809142940222188e+01,-5.554204031032973177e+01,3.948880927509890171e-03
5.840000000000000568e+01,1.000000000000000056e-01,-5.553540097225521066e+01,-5.553933687300356326e+01,3.935900748352594292e-03
5.850000000000000000e+01,1.000000000000000056e-01,-5.553272396739393457e+01,-5.553664691912729978e+01,3.922951733365209748e-03
5.860000000000000142e+01,1.000000000000000056e-01,-5.553006034755696163e+01,-5.553397038145197229e+01,3.910033895010656124e-03
5.870000000000000284e+01,1.000000000000000056e-01,-5.552741004581917394e+01,-5.553130719306398788e+01,3.897147244813936595e-03
5.880000000000000426e+01,1.000000000000000056e-01,-5.552477299559007662e+01,-5.552865728738350271e+01,3.884291793426086770e-03
5.890000000000000568e+01,1.000000000000000056e-01,-5.552214913061212798e+01,-5.552602059816273794e+01,3.871467550609963837e-03
5.900000000000000000e+01,1.000000000000000056e-01,-5.551953838495906979e+01,-5.552339705948432425e+01,3.858674525254457421e-03
5.910000000000000142e+01,1.000000000000000056e-01,-5.551694069303427170e+01,-5.552078660575965330e+01,3.845912725381595010e-03
5.920000000000000284e+01,1.000000000000000056e-01,-5.551435598956909701e+01,-5.551818917172725776e+01,3.833182158160752806e-03
5.930000000000000426e+01,1.000000000000000056e-01,-5.551178420962125415e+01,-5.551560469245114149e+01,3.820482829887339449e-03
5.940000000000000568e+01,1.000000000000000056e-01,-5.550922528857314830e+01,-5.551303310331918794e+01,3.807814746039639431e-03
5.950000000000000000e+01,1.000000000000000056e-01,-5.550667916213028263e+01,-5.551047434004154724e+01,3.795177911264602244e-03
5.960000000000000142e+01,1.000000000000000056e-01,-5.550414576631963115e+01,-5.550792833864898768e+01,3.782572329356526097e-03
5.970000000000000284e+01,1.000000000000000056e-01,-5.550162503748803289e+01,-5.550539503549134679e+01,3.769998003313901336e-03
5.980000000000000426e+01,1.000000000000000056e-01,-5.549911691230059319e+01,-5.550287436723591838e+01,3.757454935325199585e-03
5.990000000000000568e+01,1.000000000000000056e-01,-5.549662132773909207e+01,-5.550036627086586094e+01,3.744943126768873753e-03
6.000000000000000000e+01,1.000000000000000056e-01,-5.549413822110039973e+01,-5.549787068367864151e+01,3.732462578241779738e-03
6.010000000000000142e+01,1.000000000000000056e-01,-5.549166752999489916e+01,-5.549538754328443702e+01,3.720013289537860146e-03
6.020000000000000284e+01,1.000000000000000056e-01,-5.548920919234492288e+01,-5.549291678760462077e+01,3.707595259697882284e-03
6.030000000000000426e+01,1.000000000000000056e-01,-5.548676314638319695e+01,-5.549045835487017087e+01,3.695208486973911022e-03
6.040000000000000568e+01,1.000000000000000056e-01,-5.548432933065127770e+01,-5.548801218362012833e+01,3.682852968850625075e-03
6.050000000000000000e+01,1.000000000000000056e-01,-5.548190768399802408e+01,-5.548557821270009782e+01,3.670528702073738714e-03
6.060000000000000142e+01,1.000000000000000056e-01,-5.547949814557803450e+01,-5.548315638126067739e+01,3.658235682642896336e-03
6.070000000000000284e+01,1.000000000000000056e-01,-5.547710065485014752e+01,-5.548074662875595209e+01,3.645973905804567039e-03
6.080000000000000426e+01,1.000000000000000056e-01,-5.547471515157590005e+01,-5.547834889494198052e+01,3.633743366080466330e-03
6.090000000000000568e+01,1.000000000000000056e-01,-5.547234157581802094e+01,-5.547596311987530271e+01,3.621544057281766982e-03
6.100000000000000000e+01,1.000000000000000056e-01,-5.546997986793893176e+01,-5.547358924391141244e+01,3.609375972480677319e-03
6.110000000000000142e+01,1.000000000000000056e-01,-5.546762996859924044e+01,-5.547122720770327930e+01,3.597239104038862934e-03
6.120000000000000284e+01,1.000000000000000056e-01,-5.546529181875624204e+01,-5.546887695219988501e+01,3.585133443642973816e-03
6.130000000000000426e+01,1.000000000000000056e-01,-5.546296535966246211e+01,-5.546653841864471701e+01,3.573058982254906368e-03
6.140000000000000568e+01,1.000000000000000056e-01,-5.546065053286415036e+01,-5.546421154857431191e+01,3.561015710161541392e-03
6.150000000000000000e+01,1.000000000000000056e-01,-5.545834728019983118e+01,-5.546189628381679881e+01,3.549003616967638663e-03
6.160000000000000142e+01,1.000000000000000056e-01,-5.545605554379883273e+01,-5.545959256649044278e+01,3.537022691610047787e-03
6.170000000000000284e+01,1.000000000000000056e-01,-5.545377526607983754e+01,-5.545730033900218103e+01,3.525072922343497339e-03
6.180000000000000426e+01,1.000000000000000056e-01,-5.545150638974944002e+01,-5.545501954404621614e+01,3.513154296776122010e-03
6.190000000000000568e+01,1.000000000000000056e-01,-5.544924885780068990e+01,-5.545275012460255226e+01,3.501266801862357170e-03
6.200000000000000000e+01,1.000000000000000056e-01,-5.544700261351168535e+01,-5.545049202393558119e+01,3.489410423895833446e-03
6.210000000000000142e+01,1.000000000000000056e-01,-5.544476760044412345e+01,-5.544824518559266835e+01,3.477585148544903859e-03
6.220000000000000284e+01,1.000000000000000056e-01,-5.544254376244190041e+01,-5.544600955340274595e+01,3.465790960845538393e-03
6.230000000000000426e+01,1.000000000000000056e-01,-5.544033104362969056e+01,-5.544378507147488477e+01,3.454027845194218571e-03
6.240000000000000568e+01,1.000000000000000056e-01,-5.543812938841153937e+01,-5.544157168419692994e+01,3.442295785390570018e-03
6.250000000000000000e+01,1.000000000000000056e-01,-5.543593874146948508e+01,-5.543936933623407270e+01,3.430594764587624468e-03
6.260000000000000142e+01,1.000000000000000056e-01,-5.543375904776213758e+01,-5.543717797252750756e+01,3.418924765369979468e-03
6.270000000000000284e+01,1.000000000000000056e-01,-5.543159025252332839e+01,-5.543499753829302534e+01,3.407285769696954958e-03
6.280000000000000426e+01,1.000000000000000056e-01,-5.542943230126071086e+01,-5.543282797901965608e+01,3.395677758945225833e-03
6.290000000000000568e+01,1.000000000000000056e-01,-5.542728513975441018e+01,-5.543066924046831190e+01,3.384100713901716517e-03
6.300000000000000000e+01,1.000000000000000056e-01,-5.542514871405563781e+01,-5.542852126867040141e+01,3.372554614763600966e-03
6.310000000000000142e+01,1.000000000000000056e-01,-5.542302297048536275e+01,-5.542638400992652947e+01,3.361039441166724373e-03
6.320000000000000284e+01,1.000000000000000056e-01,-5.542090785563293309e+01,-5.542425741080511159e+01,3.349555172178497742e-03
6.330000000000000426e+01,1.000000000000000056e-01,-5.541880331635476864e+01,-5.542214141814106654e+01,3.338101786297897888e-03
6.340000000000000568e+01,1.000000000000000056e-01,-5.541670929977299664e+01,-5.542003597903445211e+01,3.326679261455467440e-03
6.350000000000000000e+01,1.000000000000000056e-01,-5.541462575327413020e+01,-5.541794104084920036e+01,3.315287575070158255e-03
6.360000000000000142e+01,1.000000000000000056e-01,-5.541255262450776087e+01,-5.541585655121173204e+01,3.303926703971171719e-03
6.370000000000000284e+01,1.000000000000000056e-01,-5.541048986138522281e+01,-5.541378245800970603e+01,3.292596624483223877e-03
6.380000000000000426e+01,1.000000000000000056e-01,-5.540843741207829964e+01,-5.541171870939067645e+01,3.281297312376807440e-03
6.390000000000000568e+01,1.000000000000000056e-01,-5.540639522501790992e+01,-5.540966525376082785e+01,3.270028742917929776e-03
6.400000000000000000e+01,1.000000000000000056e-01,-5.540436324889282105e+01,-5.540762203978366074e+01,3.258790890839691201e-03
6.410000000000000853e+01,1.000000000000000056e-01,-5.540234143264835609e+01,-5.540558901637871969e+01,3.247583730363601262e-03
6.420000000000000284e+01,1.000000000000000056e-01,-5.540032972548511481e+01,-5.540356613272031439e+01,3.236407235199578736e-03
6.429999999999999716e+01,1.000000000000000056e-01,-5.539832807685768756e+01,-5.540155333823624062e+01,3.225261378553057057e-03
6.440000000000000568e+01,1.000000000000000056e-01,-5.539633643647339767e+01,-5.539955058260653686e+01,3.214146133139195172e-03
6.450000000000000000e+01,1.000000000000000056e-01,-5.539435475429102951e+01,-5.539755781576221239e+01,3.203061471182877540e-03
6.460000000000000853e+01,1.000000000000000056e-01,-5.539238298051957088e+01,-5.539557498788398959e+01,3.192007364418714133e-03
6.470000000000000284e+01,1.000000000000000056e-01,-5.539042106561696954e+01,-5.539360204940106058e+01,3.180983784091040434e-03
6.479999999999999716e+01,1.000000000000000056e-01,-5.538846896028888267e+01,-5.539163895098987211e+01,3.169990700989444576e-03
6.490000000000000568e+01,1.000000000000000056e-01,-5.538652661548744049e+01,-5.538968564357285373e+01,3.159028085413240206e-03
6.500000000000000000e+01,1.000000000000000056e-01,-5.538459398241000287e+01,-5.538774207831721696e+01,3.148095907214099043e-03
6.510000000000000853e+01,1.000000000000000056e-01,-5.538267101249795132e+01,-5.538580820663374027e+01,3.137194135788945459e-03
6.520000000000000284e+01,1.000000000000000056e-01,-5.538075765743545986e+01,-5.538388398017551850e+01,3.126322740058640193e-03
6.529999999999999716e+01,1.000000000000000056e-01,-5.537885386914827990e+01,-5.538196935083679762e+01,3.115481688517718339e-03
6.540000000000000568e+01,1.000000000000000056e-01,-5.537695959980253946e+01,-5.538006427075174543e+01,3.104670949205967645e-03
6.550000000000000000e+01,1.000000000000000056e-01,-5.537507480180352815e+01,-5.537816869229325079e+01,3.093890489722639359e-03
6.560000000000000853e+01,1.000000000000000056e-01,-5.537319942779451054e+01,-5.537628256807176541e+01,3.083140277254869943e-03
6.570000000000000284e+01,1.000000000000000056e-01,-5.537133343065553959e+01,-5.537440585093407464e+01,3.072420278535048510e-03
6.579999999999999716e+01,1.000000000000000056e-01,-5.536947676350226288e+01,-5.537253849396216054e+01,3.061730459897660239e-03
6.590000000000000568e+01,1.000000000000000056e-01,-5.536762937968475029e+01,-5.537068045047199405e+01,3.051070787243759241e-03
6.600000000000000000e+01,1.000000000000000056e-01,-5.536579123278632864e+01,-5.536883167401239803e+01,3.040441226069390268e-03
6.610000000000000853e+01,1.000000000000000056e-01,-5.536396227662239511e+01,-5.536699211836386780e+01,3.029841741472694139e-03
6.620000000000000284e+01,1.000000000000000056e-01,-5.536214246523928040e+01,-5.536516173753740588e+01,3.019272298125486031e-03
6.629999999999999716e+01,1.000000000000000056e-01,-5.536033175291308339e+01,-5.536334048577339928e+01,3.008732860315888047e-03
6.640000000000000568e+01,1.000000000000000056e-01,-5.535853009414852011e+01,-5.536152831754046133e+01,2.998223391941223781e-03
6.650000000000000000e+01,1.000000000000000056e-01,-5.535673744367777971e+01,-5.535972518753429483e+01,2.987743856515123753e-03
6.660000000000000853e+01,1.000000000000000056e-01,-5.535495375645938765e+01,-5.535793105067655517e+01,2.977294217167525403e-03
6.670000000000000284e+01,1.000000000000000056e-01,-5.535317898767709011e+01,-5.535614586211372057e+01,2.966874436630462242e-03
6.679999999999999716e+01,1.000000000000000056e-01,-5.535141309273870291e+01,-5.535436957721598361e+01,2.956484477280696410e-03
6.690000000000000568e+01,1.000000000000000056e-01,-5.534965602727501022e+01,-5.535260215157614283e+01,2.946124301132613255e-03
6.700000000000000000e+01,1.000000000000000056e-01,-5.534790774713863470e+01,-5.535084354100845161e+01,2.935793869816905044e-03
6.710000000000000853e+01,1.000000000000000056e-01,-5.534616820840294338e+01,-5.534909370154755948e+01,2.925493144616098107e-03
6.720000000000000284e+01,1.000000000000000056e-01,-5.534443736736093200e+01,-5.534735258944738234e+01,2.915222086450341976e-03
6.729999999999999716e+01,1.000000000000000056e-01,-5.534271518052413086e+01,-5.534562016118004379e+01,2.904980655912936527e-03
6.740000000000000568e+01,1.000000000000000056e-01,-5.534100160462151052e+01,-5.534389637343472401e+01,2.894768813213488556e-03
6.750000000000000000e+01,1.000000000000000056e-01,-5.533929659659840183e+01,-5.534218118311665791e+01,2.884586518256071486e-03
6.760000000000000853e+01,1.000000000000000056e-01,-5.533760011361540876e+01,-5.534047454734599114e+01,2.874433730582381941e-03
6.770000000000000284e+01,1.000000000000000056e-01,-5.533591211304732838e+01,-5.533877642345674275e+01,2.864310409414372316e-03
6.779999999999999716e+01,1.000000000000000056e-01,-5.533423255248209216e+01,-5.533708676899572509e+01,2.854216513632934493e-03
6.790000000000000568e+01,1.000000000000000056e-01,-5.533256138971967886e+01,-5.533540554172148518e+01,2.844152001806321550e-03
6.800000000000000000e+01,1.000000000000000056e-01,-5.533089858277107709e+01,-5.533373269960326013e+01,2.834116832183042334e-03
6.810000000000000853e+01,1.000000000000000056e-01,-5.532924408985721954e+01,-5.533206820081990429e+01,2.824110962684756032e-03
6.820000000000000284e+01,1.000000000000000056e-01,-5.532759786940793134e+01,-5.533041200375886604e+01,2.814134350934693884e-03
6.829999999999999716e+01,1.000000000000000056e-01,-5.532595988006089271e+01,-5.532876406701513616e+01,2.804186954243448326e-03
6.840000000000000568e+01,1.000000000000000056e-01,-5.532433008066058733e+01,-5.532712434939019630e+01,2.794268729608972990e-03
6.850000000000000000e+01,1.000000000000000056e-01,-5.532270843025728624e+01,-5.532549280989103124e+01,2.784379633745004412e-03
6.860000000000000853e+01,1.000000000000000056e-01,-5.532109488810599629e+01,-5.532386940772907025e+01,2.774519623073956609e-03
6.870000000000000284e+01,1.000000000000000056e-01,-5.531948941366546535e+01,-5.532225410231917095e+01,2.764688653705604793e-03
6.879999999999999716e+01,1.000000000000000056e-01,-5.531789196659713781e+01,-5.532064685327861042e+01,2.754886681472612509e-03
6.890000000000000568e+01,1.000000000000000056e-01,-5.531630250676415272e+01,-5.531904762042607615e+01,2.745113661923426207e-03
6.900000000000000000e+01,1.000000000000000056e-01,-5.531472099423033484e+01,-5.531745636378067843e+01,2.735369550343591527e-03
6.910000000000000853e+01,1.000000000000000056e-01,-5.531314738925918562e+01,-5.531587304356090584e+01,2.725654301720226158e-03
6.920000000000000284e+01,1.000000000000000056e-01,-5.531158165231288848e+01,-5.531429762018368024e+01,2.715967870791757832e-03
6.929999999999999716e+01,1.000000000000000056e-01,-5.531002374405132116e+01,-5.531273005426331935e+01,2.706310211998186332e-03
6.940000000000000568e+01,1.000000000000000056e-01,-5.530847362533106804e+01,-5.531117030661060596e+01,2.696681279537926912e-03
6.950000000000000000e+01,1.000000000000000056e-01,-5.530693125720441117e+01,-5.530961833823177187e+01,2.687081027360704866e-03
6.960000000000000853e+01,1.000000000000000056e-01,-5.530539660091839238e+01,-5.530807411032751020e+01,2.677509409117817540e-03
6.970000000000000284e+01,1.000000000000000056e-01,-5.530386961791379719e+01,-5.530653758429205880e+01,2.667966378261610316e-03
6.979999999999999716e+01,1.000000000000000056e-01,-5.530235026982423108e+01,-5.530500872171217708e+01,2.658451887946000625e-03
6.990000000000000568e+01,1.000000000000000056e-01,-5.530083851847511056e+01,-5.530348748436622230e+01,2.648965891111743076e-03
7.000000000000000000e+01,1.000000000000000056e-01,-5.529933432588273234e+01,-5.530197383422318325e+01,2.639508340450902324e-03
7.010000000000000853e+01,1.000000000000000056e-01,-5.529783765425332120e+01,-5.530046773344172806e+01,2.630079188406853063e-03
7.020000000000000284e+01,1.000000000000000056e-01,-5.529634846598205655e+01,-5.529896914436926636e+01,2.620678387209807170e-03
7.029999999999999716e+01,1.000000000000000056e-01,-5.529486672365214872e+01,-5.529747802954097580e+01,2.611305888827075705e-03
7.040000000000000568e+01,1.000000000000000056e-01,-5.529339239003388684e+01,-5.529599435167892096e+01,2.601961645034123194e-03
7.050000000000000000e+01,1.000000000000000056e-01,-5.529192542808371513e+01,-5.529451807369107286e+01,2.592645607357724202e-03
7.060000000000000853e+01,1.000000000000000056e-01,-5.529046580094329499e+01,-5.529304915867040648e+01,2.583357727111490476e-03
7.070000000000000284e+01,1.000000000000000056e-01,-5.528901347193858129e+01,-5.529158756989397006e+01,2.574097955388765513e-03
7.079999999999999716e+01,1.000000000000000056e-01,-5.528756840457889155e+01,-5.529013327082196838e+01,2.564866243076835417e-03
7.090000000000000568e+01,1.000000000000000056e-01,-5.528613056255599645e+01,-5.528868622509685338e+01,2.555662540856928899e-03
7.100000000000000000e+01,1.000000000000000056e-01,-5.528469990974321746e+01,-5.528724639654239326e+01,2.546486799175795568e-03
7.110000000000000853e+01,1.000000000000000056e-01,-5.528327641019450311e+01,-5.528581374916281277e+01,2.537338968309654774e-03
7.120000000000000284e+01,1.000000000000000056e-01,-5.528186002814353373e+01,-5.528438824714184818e+01,2.528218998314457622e-03
7.129999999999999716e+01,1.000000000000000056e-01,-5.528045072800281901e+01,-5.528296985484186621e+01,2.519126839047203248e-03
7.140000000000000568e+01,1.000000000000000056e-01,-5.527904847436280278e+01,-5.528155853680300424e+01,2.510062440201465961e-03
7.150000000000000000e+01,1.000000000000000056e-01,-5.527765323199098901e+01,-5.528015425774221825e+01,2.501025751229235539e-03
7.160000000000000853e+01,1.000000000000000056e-01,-5.527626496583103233e+01,-5.527875698255247272e+01,2.492016721440393212e-03
7.170000000000000284e+01,1.000000000000000056e-01,-5.527488364100187823e+01,-5.527736667630180278e+01,2.483035299924551964e-03
7.179999999999999716e+01,1.000000000000000056e-01,-5.527350922279686785e+01,-5.527598330423248996e+01,2.474081435622110803e-03
7.190000000000000568e+01,1.000000000000000056e-01,-5.527214167668288525e+01,-5.527460683176015976e+01,2.465155077274516771e-03
7.200000000000000000e+01,1.000000000000000056e-01,-5.527078096829946929e+01,-5.527323722447292909e+01,2.456256173459792080e-03
7.210000000000000853e+01,1.000000000000000056e-01,-5.526942706345797518e+01,-5.527187444813053219e+01,2.447384672557006979e-03
7.220000000000000284e+01,1.000000000000000056e-01,-5.526807992814068626e+01,-5.527051846866350360e+01,2.438540522817334022e-03
7.229999999999999716e+01,1.000000000000000056e-01,-5.526673952849998273e+01,-5.526916925217228282e+01,2.429723672300099224e-03
7.240000000000000568e+01,1.000000000000000056e-01,-5.526540583085748182e+01,-5.526782676492638302e+01,2.420934068901203773e-03
7.250000000000000000e+01,1.000000000000000056e-01,-5.526407880170319231e+01,-5.526649097336355254e+01,2.412171660360229453e-03
7.260000000000000853e+01,1.000000000000000056e-01,-5.526275840769467607e+01,-5.526516184408894361e+01,2.403436394267544074e-03
7.270000000000000284e+01,1.000000000000000056e-01,-5.526144461565620247e+01,-5.526383934387423835e+01,2.394728218035879763e-03
7.279999999999999716e+01,1.000000000000000056e-01,-5.526013739257792423e+01,-5.526252343965688141e+01,2.386047078957176382e-03
7.290000000000000568e+01,1.000000000000000056e-01,-5.525883670561503180e+01,-5.526121409853918465e+01,2.377392924152843534e-03
7.300000000000000000e+01,1.000000000000000056e-01,-5.525754252208695760e+01,-5.525991128778755268e+01,2.368765700595076851e-03
7.310000000000000853e+01,1.000000000000000056e-01,-5.525625480947652335e+01,-5.525861497483165863e+01,2.360165355135279697e-03
7.320000000000000284e+01,1.000000000000000056e-01,-5.525497353542914425e+01,-5.525732512726359857e+01,2.351591834454325181e-03
7.329999999999999716e+01,1.000000000000000056e-01,-5.525369866775199768e+01,-5.525604171283712418e+01,2.343045085126505001e-03
7.340000000000000568e+01,1.000000000000000056e-01,-5.525243017441323445e+01,-5.525476469946681135e+01,2.334525053576896880e-03
7.350000000000000000e+01,1.000000000000000056e-01,-5.525116802354116885e+01,-5.525349405522725021e+01,2.326031686081364569e-03
7.360000000000000853e+01,1.000000000000000056e-01,-5.524991218342346144e+01,-5.525222974835227063e+01,2.317564928809190405e-03
7.370000000000000284e+01,1.000000000000000056e-01,-5.524866262250634463e+01,-5.525097174723413929e+01,2.309124727794653609e-03
7.379999999999999716e+01,1.000000000000000056e-01,-5.524741930939381263e+01,-5.524972002042276387e+01,2.300711028951241133e-03
7.390000000000000568e+01,1.000000000000000056e-01,-5.524618221284684694e+01,-5.524847453662489727e+01,2.292323778050331384e-03
7.400000000000000000e+01,1.000000000000000056e-01,-5.524495130178261348e+01,-5.524723526470339152e+01,2.283962920778037642e-03
7.410000000000000853e+01,1.000000000000000056e-01,-5.524372654527370230e+01,-5.524600217367638066e+01,2.275628402678364637e-03
7.420000000000000284e+01,1.000000000000000056e-01,-5.524250791254733173e+01,-5.524477523271652757e+01,2.267320169195841117e-03
7.429999999999999716e+01,1.000000000000000056e-01,-5.524129537298459525e+01,-5.524355441115023524e+01,2.259038165639992712e-03
7.440000000000000568e+01,1.000000000000000056e-01,-5.524008889611967277e+01,-5.524233967845690785e+01,2.250782337235079922e-03
7.450000000000000000e+01,1.000000000000000056e-01,-5.523888845163907746e+01,-5.524113100426816914e+01,2.242552629091676408e-03
7.460000000000000853e+01,1.000000000000000056e-01,-5.523769400938088125e+01,-5.523992835836709503e+01,2.234348986213774424e-03
7.470000000000000284e+01,1.000000000000000056e-01,-5.523650553933397589e+01,-5.523873171068746757e+01,2.226171353491679383e-03
7.479999999999999716e+01,1.000000000000000056e-01,-5.523532301163730551e+01,-5.523754103131305015e+01,2.218019675744642427e-03
7.490000000000000568e+01,1.000000000000000056e-01,-5.523414639657912062e+01,-5.523635629047678464e+01,2.209893897664017004e-03
7.500000000000000000e+01,1.000000000000000056e-01,-5.523297566459622487e+01,-5.523517745856008787e+01,2.201793963862996861e-03
7.510000000000000853e+01,1.000000000000000056e-01,-5.523181078627324325e+01,-5.523400450609211276e+01,2.193719818869510618e-03
7.520000000000000284e+01,1.000000000000000056e-01,-5.523065173234187597e+01,-5.523283740374896666e+01,2.185671407090694629e-03
7.529999999999999716e+01,1.000000000000000056e-01,-5.522949847368016663e+01,-5.523167612235305057e+01,2.177648672883947256e-03
7.540000000000000568e+01,1.000000000000000056e-01,-5.522835098131176323e+01,-5.523052063287225621e+01,2.169651560492980025e-03
7.550000000000000000e+01,1.000000000000000056e-01,-5.522720922640520769e+01,-5.522937090641929103e+01,2.161680014083344759e-03
7.560000000000000853e+01,1.000000000000000056e-01,-5.522607318027318257e+01,-5.522822691425093211e+01,2.153733977749539008e-03
7.570000000000000284e+01,1.000000000000000056e-01,-5.522494281437181485e+01,-5.522708862776731564e+01,2.145813395500795195e-03
7.579999999999999716e+01,1.000000000000000056e-01,-5.522381810029995819e+01,-5.522595601851121927e+01,2.137918211261080614e-03
7.590000000000000568e+01,1.000000000000000056e-01,-5.522269900979846113e+01,-5.522482905816735865e+01,2.130048368897519140e-03
7.600000000000000000e+01,1.000000000000000056e-01,-5.522158551474947075e+01,-5.522370771856165561e+01,2.122203812184864091e-03
7.610000000000000853e+01,1.000000000000000056e-01,-5.522047758717572208e+01,-5.522259197166057021e+01,2.114384484848130796e-03
7.620000000000000284e+01,1.000000000000000056e-01,-5.521937519923984183e+01,-5.522148178957037601e+01,2.106590330534174882e-03
7.629999999999999716e+01,1.000000000000000056e-01,-5.521827832324364493e+01,-5.522037714453644952e+01,2.098821292804586847e-03
7.640000000000000568e+01,1.000000000000000056e-01,-5.521718693162742397e+01,-5.521927800894261651e+01,2.091077315192535480e-03
7.650000000000000000e+01,1.000000000000000056e-01,-5.521610099696928842e+01,-5.521818435531042724e+01,2.083358341138819014e-03
7.660000000000000853e+01,1.000000000000000056e-01,-5.521502049198443984e+01,-5.521709615629848855e+01,2.075664314048708547e-03
7.670000000000000284e+01,1.000000000000000056e-01,-5.521394538952451825e+01,-5.521601338470176046e+01,2.067995177242210048e-03
7.680000000000001137e+01,1.000000000000000056e-01,-5.521287566257689861e+01,-5.521493601345090241e+01,2.060350874003802346e-03
7.690000000000000568e+01,1.000000000000000056e-01,-5.521181128426401585e+01,-5.521386401561156987e+01,2.052731347554015429e-03
7.700000000000000000e+01,1.000000000000000056e-01,-5.521075222784269698e+01,-5.521279736438377483e+01,2.045136541077852144e-03
7.710000000000000853e+01,1.000000000000000056e-01,-5.520969846670348602e+01,-5.521173603310116818e+01,2.037566397682155639e-03
7.720000000000000284e+01,1.000000000000000056e-01,-5.520864997436996902e+01,-5.521067999523041436e+01,2.030020860445347353e-03
7.730000000000001137e+01,1.000000000000000056e-01,-5.520760672449812034e+01,-5.520962922437051645e+01,2.022499872396110732e-03
7.740000000000000568e+01,1.000000000000000056e-01,-5.520656869087562768e+01,-5.520858369425214818e+01,2.015003376520496658e-03
7.750000000000000000e+01,1.000000000000000056e-01,-5.520553584742125253e+01,-5.520754337873700024e+01,2.007531315747712597e-03
7.760000000000000853e+01,1.000000000000000056e-01,-5.520450816818414808e+01,-5.520650825181712662e+01,2.000083632978544301e-03
7.770000000000000284e+01,1.000000000000000056e-01,-5.520348562734322684e+01,-5.520547828761430509e+01,1.992660271078250389e-03
7.780000000000001137e+01,1.000000000000000056e-01,-5.520246819920651404e+01,-5.520445346037937639e+01,1.985261172862351486e-03
7.790000000000000568e+01,1.000000000000000056e-01,-5.520145585821047973e+01,-5.520343374449160478e+01,1.977886281125051937e-03
7.800000000000000000e+01,1.000000000000000056e-01,-5.520044857891942769e+01,-5.520241911445804561e+01,1.970535538617923521e-03
7.810000000000000853e+01,1.000000000000000056e-01,-5.519944633602482753e+01,-5.520140954491288454e+01,1.963208888057010881e-03
7.820000000000000284e+01,1.000000000000000056e-01,-5.519844910434470364e+01,-5.520040501061684068e+01,1.955906272137042379e-03
7.830000000000001137e+01,1.000000000000000056e-01,-5.519745685882298147e+01,-5.519940548645649869e+01,1.948627633517219238e-03
7.840000000000000568e+01,1.000000000000000056e-01,-5.519646957452886937e+01,-5.519841094744370480e+01,1.941372914835426400e-03
7.850000000000000000e+01,1.000000000000000056e-01,-5.519548722665622620e+01,-5.519742136871492733e+01,1.934142058701127098e-03
7.860000000000000853e+01,1.000000000000000056e-01,-5.519450979052294315e+01,-5.519643672553065272e+01,1.926935007709573711e-03
7.870000000000000284e+01,1.000000000000000056e-01,-5.519353724157032559e+01,-5.519545699327474608e+01,1.919751704420491478e-03
7.880000000000001137e+01,1.000000000000000056e-01,-5.519256955536247489e+01,-5.519448214745385428e+01,1.912592091379394788e-03
7.890000000000000568e+01,1.000000000000000056e-01,-5.519160670758566312e+01,-5.519351216369677360e+01,1.905456111110481743e-03
7.900000000000000000e+01,1.000000000000000056e-01,-5.519064867404773622e+01,-5.519254701775386707e+01,1.898343706130845021e-03
7.910000000000000853e+01,1.000000000000000056e-01,-5.518969543067749584e+01,-5.519158668549643210e+01,1.891254818936261017e-03
7.920000000000000284e+01,1.000000000000000056e-01,-5.518874695352410953e+01,-5.519063114291611782e+01,1.884189392008295272e-03
7.930000000000001137e+01,1.000000000000000056e-01,-5.518780321875648553e+01,-5.518968036612429984e+01,1.877147367814302470e-03
7.940000000000000568e+01,1.000000000000000056e-01,-5.518686420266270432e+01,-5.518873433135151174e+01,1.870128688807426443e-03
7.950000000000000000e+01,1.000000000000000056e-01,-5.518592988164939328e+01,-5.518779301494684120e+01,1.863133297447916448e-03
7.960000000000000853e+01,1.000000000000000056e-01,-5.518500023224114415e+01,-5.518685639337732596e+01,1.856161136181810889e-03
7.970000000000000284e+01,1.000000000000000056e-01,-5.518407523107993740e+01,-5.518592444322737833e+01,1.849212147440937315e-03
7.980000000000001137e+01,1.000000000000000056e-01,-5.518315485492453831e+01,-5.518499714119819544e+01,1.842286273657123274e-03
7.990000000000000568e+01,1.000000000000000056e-01,-5.518223908064991434e+01,-5.518407446410716943e+01,1.835383457255090889e-03
8.000000000000000000e+01,1.000000000000000056e-01,-5.518132788524666665e+01,-5.518315638888734043e+01,1.828503640673773134e-03
8.010000000000000853e+01,1.000000000000000056e-01,-5.518042124582043328e+01,-5.518224289258677118e+01,1.821646766337892132e-03
8.020000000000000284e+01,1.000000000000000056e-01,-5.517951913959132781e+01,-5.518133395236801420e+01,1.814812776686380857e-03
8.030000000000001137e+01,1.000000000000000056e-01,-5.517862154389337093e+01,-5.518042954550750068e+01,1.808001614129750578e-03
8.040000000000000568e+01,1.000000000000000056e-01,-5.517772843617390066e+01,-5.517952964939502891e+01,1.801213221128250552e-03
8.050000000000000000e+01,1.000000000000000056e-01,-5.517683979399303240e+01,-5.517863424153313900e+01,1.794447540106602901e-03
8.060000000000000853e+01,1.000000000000000056e-01,-5.517595559502306912e+01,-5.517774329953659418e+01,1.787704513525056882e-03
8.070000000000000284e+01,1.000000000000000056e-01,-5.517507581704795427e+01,-5.517685680113179103e+01,1.780984083836756326e-03
8.080000000000001137e+01,1.000000000000000056e-01,-5.517420043796271756e+01,-5.517597472415623372e+01,1.774286193516161347e-03
8.090000000000000568e+01,1.000000000000000056e-01,-5.517332943577290649e+01,-5.517509704655794422e+01,1.767610785037732057e-03
8.100000000000000000e+01,1.000000000000000056e-01,-5.517246278859403930e+01,-5.517422374639493654e+01,1.760957800897244852e-03
8.110000000000000853e+01,1.000000000000000056e-01,-5.517160047465107198e+01,-5.517335480183466245e+01,1.754327183590476125e-03
8.120000000000000284e+01,1.000000000000000056e-01,-5.517074247227781569e+01,-5.517249019115346442e+01,1.747718875648729409e-03
8.130000000000001137e+01,1.000000000000000056e-01,-5.516988875991642516e+01,-5.517162989273602847e+01,1.741132819603308235e-03
8.140000000000000568e+01,1.000000000000000056e-01,-5.516903931611684442e+01,-5.517077388507485125e+01,1.734568958006832418e-03
8.150000000000000000e+01,1.000000000000000056e-01,-5.516819411953625973e+01,-5.516992214676969297e+01,1.728027233433238052e-03
8.160000000000000853e+01,1.000000000000000056e-01,-5.516735314893858089e+01,-5.516907465652705156e+01,1.721507588470672090e-03
8.170000000000000284e+01,1.000000000000000056e-01,-5.516651638319388695e+01,-5.516823139315963687e+01,1.715009965749914045e-03
8.180000000000001137e+01,1.000000000000000056e-01,-5.516568380127791471e+01,-5.516739233558580935e+01,1.708534307894638005e-03
8.190000000000000568e+01,1.000000000000000056e-01,-5.516485538227152574e+01,-5.516655746282908979e+01,1.702080557564045193e-03
8.200000000000000000e+01,1.000000000000000056e-01,-5.516403110536016641e+01,-5.516572675401761217e+01,1.695648657445758545e-03
8.210000000000000853e+01,1.000000000000000056e-01,-5.516321094983336337e+01,-5.516490018838361920e+01,1.689238550255822702e-03
8.220000000000000284e+01,1.000000000000000056e-01,-5.516239489508419780e+01,-5.516407774526292940e+01,1.682850178731598589e-03
8.230000000000001137e+01,1.000000000000000056e-01,-5.516158292060877955e+01,-5.516325940409441131e+01,1.676483485631763415e-03
8.240000000000000568e+01,1.000000000000000056e-01,-5.516077500600573558e+01,-5.516244514441950031e+01,1.670138413764732377e-03
8.250000000000000000e+01,1.000000000000000056e-01,-5.515997113097570548e+01,-5.516163494588165861e+01,1.663814905953131529e-03
8.260000000000000853e+01,1.000000000000000056e-01,-5.515917127532082986e+01,-5.516082878822588498e+01,1.657512905055114061e-03
8.270000000000000284e+01,1.000000000000000056e-01,-5.515837541894422458e+01,-5.516002665129818894e+01,1.651232353964360300e-03
8.280000000000001137e+01,1.000000000000000056e-01,-5.515758354184950463e+01,-5.515922851504511470e+01,1.644973195610077710e-03
8.290000000000000568e+01,1.000000000000000056e-01,-5.515679562414025838e+01,-5.515843435951320828e+01,1.638735372949895464e-03
8.300000000000000000e+01,1.000000000000000056e-01,-5.515601164601955730e+01,-5.515764416484854138e+01,1.632518828984075299e-03
8.310000000000000853e+01,1.000000000000000056e-01,-5.515523158778945856e+01,-5.515685791129621407e+01,1.626323506755511517e-03
8.320000000000000284e+01,1.000000000000000056e-01,-5.515445542985051475e+01,-5.515607557919982895e+01,1.620149349314203846e-03
8.330000000000001137e+01,1.000000000000000056e-01,-5.515368315270126232e+01,-5.515529714900105773e+01,1.613996299795417144e-03
8.340000000000000568e+01,1.000000000000000056e-01,-5.515291473693775259e+01,-5.515452260123909412e+01,1.607864301341521696e-03
8.350000000000000000e+01,1.000000000000000056e-01,-5.515215016325306152e+01,-5.515375191655021325e+01,1.601753297151731203e-03
8.360000000000000853e+01,1.000000000000000056e-01,-5.515138941243679938e+01,-5.515298507566725306e+01,1.595663230453681081e-03
8.370000000000000284e+01,1.000000000000000056e-01,-5.515063246537461339e+01,-5.515222205941915234e+01,1.589594044538955586e-03
8.380000000000001137e+01,1.000000000000000056e-01,-5.514987930304774011e+01,-5.515146284873046767e+01,1.583545682727560688e-03
8.390000000000000568e+01,1.000000000000000056e-01,-5.514912990653250091e+01,-5.515070742462089015e+01,1.577518088389240347e-03
8.400000000000000000e+01,1.000000000000000056e-01,-5.514838425699984015e+01,-5.514995576820477652e+01,1.571511204936371087e-03
8.410000000000000853e+01,1.000000000000000056e-01,-5.514764233571484198e+01,-5.514920786069068015e+01,1.565524975838172850e-03
8.420000000000000284e+01,1.000000000000000056e-01,-5.514690412403626851e+01,-5.514846368338086791e+01,1.559559344599392716e-03
8.430000000000001137e+01,1.000000000000000056e-01,-5.514616960341608376e+01,-5.514772321767087249e+01,1.553614254788726612e-03
8.440000000000000568e+01,1.000000000000000056e-01,-5.514543875539900597e+01,-5.514698644504901637e+01,1.547689650010397600e-03
8.450000000000000000e+01,1.000000000000000056e-01,-5.514471156162201027e+01,-5.514625334709594284e+01,1.541785473932577588e-03
8.460000000000000853e+01,1.000000000000000056e-01,-5.514398800381390231e+01,-5.514552390548416128e+01,1.535901670258965623e-03
8.470000000000000284e+01,1.000000000000000056e-01,-5.514326806379483514e+01,-5.514479810197759946e+01,1.530038182764315025e-03
8.480000000000001137e+01,1.000000000000000056e-01,-5.514255172347586154e+01,-5.514407591843112044e+01,1.524194955258906248e-03
8.490000000000000568e+01,1.000000000000000056e-01,-5.514183896485847924e+01,-5.514335733679011753e+01,1.518371931638284877e-03
8.500000000000000000e+01,1.000000000000000056e-01,-5.514112977003418337e+01,-5.514264233908999557e+01,1.512569055812207353e-03
8.510000000000000853e+01,1.000000000000000056e-01,-5.514042412118401160e+01,-5.514193090745577308e+01,1.506786271761484386e-03
8.520000000000000284e+01,1.000000000000000056e-01,-5.513972200057808948e+01,-5.514122302410164167e+01,1.501023523552191818e-03
8.530000000000001137e+01,1.000000000000000056e-01,-5.513902339057519697e+01,-5.514051867133046159e+01,1.495280755264616346e-03
8.540000000000000568e+01,1.000000000000000056e-01,-5.513832827362232081e+01,-5.513981783153338512e+01,1.489557911064309792e-03
8.550000000000000000e+01,1.000000000000000056e-01,-5.513763663225420686e+01,-5.513912048718937342e+01,1.483854935166561972e-03
8.560000000000000853e+01,1.000000000000000056e-01,-5.513694844909293380e+01,-5.513842662086479152e+01,1.478171771857716976e-03
8.570000000000000284e+01,1.000000000000000056e-01,-5.513626370684747258e+01,-5.513773621521294643e+01,1.472508365473856884e-03
8.580000000000001137e+01,1.000000000000000056e-01,-5.513558238831323877e+01,-5.513704925297364667e+01,1.466864660407907195e-03
8.590000000000000568e+01,1.000000000000000056e-01,-5.513490447637167335e+01,-5.513636571697281852e+01,1.461240601145163964e-03
8.600000000000000000e+01,1.000000000000000056e-01,-5.513422995398981641e+01,-5.513568559012200865e+01,1.455636132192239529e-03
8.610000000000000853e+01,1.000000000000000056e-01,-5.513355880421986654e+01,-5.513500885541802177e+01,1.450051198155222210e-03
8.620000000000000284e+01,1.000000000000000056e-01,-5.513289101019876881e+01,-5.513433549594245164e+01,1.444485743682832890e-03
8.630000000000001137e+01,1.000000000000000056e-01,-5.513222655514777415e+01,-5.513366549486127610e+01,1.438939713501952156e-03
8.640000000000000568e+01,1.000000000000000056e-01,-5.513156542237203439e+01,-5.513299883542443780e+01,1.433413052403409438e-03
8.650000000000000000e+01,1.000000000000000056e-01,-5.513090759526017592e+01,-5.513233550096541080e+01,1.427905705234877587e-03
8.660000000000000853e+01,1.000000000000000056e-01,-5.513025305728387337e+01,-5.513167547490079556e+01,1.422417616922189154e-03
8.670000000000000284e+01,1.000000000000000056e-01,-5.512960179199745170e+01,-5.513101874072991393e+01,1.416948732462230964e-03
8.680000000000001137e+01,1.000000000000000056e-01,-5.512895378303746696e+01,-5.513036528203437570e+01,1.411498996908733261e-03
8.690000000000000568e+01,1.000000000000000056e-01,-5.512830901412228002e+01,-5.512971508247768071e+01,1.406068355400691416e-03
8.700000000000000000e+01,1.000000000000000056e-01,-5.512766746905166571e+01,-5.512906812580479965e+01,1.400656753133944221e-03
8.710000000000000853e+01,1.000000000000000056e-01,-5.512702913170640784e+01,-5.512842439584178322e+01,1.395264135375384740e-03
8.720000000000000284e+01,1.000000000000000056e-01,-5.512639398604787289e+01,-5.512778387649535716e+01,1.389890447484276592e-03
8.730000000000001137e+01,1.000000000000000056e-01,-5.512576201611763338e+01,-5.512714655175249590e+01,1.384535634862515963e-03
8.740000000000000568e+01,1.000000000000000056e-01,-5.512513320603704869e+01,-5.512651240568005306e+01,1.379199643004369591e-03
8.750000000000000000e+01,1.000000000000000056e-01,-5.512450754000686004e+01,-5.512588142242434230e+01,1.373882417482263918e-03
8.760000000000000853e+01,1.000000000000000056e-01,-5.512388500230682808e+01,-5.512525358621074645e+01,1.368583903918363376e-03
8.770000000000000284e+01,1.000000000000000056e-01,-5.512326557729529242e+01,-5.512462888134332673e+01,1.363304048034308380e-03
8.780000000000001137e+01,1.000000000000000056e-01,-5.512264924940881627e+01,-5.512400729220443196e+01,1.358042795615688192e-03
8.790000000000000568e+01,1.000000000000000056e-01,-5.512203600316177443e+01,-5.512338880325430779e+01,1.352800092533357201e-03
8.800000000000000000e+01,1.000000000000000056e-01,-5.512142582314596240e+01,-5.512277339903068452e+01,1.347575884722118644e-03
8.810000000000000853e+01,1.000000000000000056e-01,-5.512081869403023404e+01,-5.512216106414843608e+01,1.342370118202040885e-03
8.820000000000000284e+01,1.000000000000000056e-01,-5.512021460056008237e+01,-5.512155178329914662e+01,1.337182739064246562e-03
8.830000000000001137e+01,1.000000000000000056e-01,-5.511961352755728427e+01,-5.512094554125077650e+01,1.332013693492228867e-03
8.840000000000000568e+01,1.000000000000000056e-01,-5.511901545991949547e+01,-5.512034232284723601e+01,1.326862927740535270e-03
8.850000000000000000e+01,1.000000000000000056e-01,-5.511842038261989529e+01,-5.511974211300803717e+01,1.321730388141872936e-03
8.860000000000000853e+01,1.000000000000000056e-01,-5.511782828070679585e+01,-5.511914489672789585e+01,1.316616021100003309e-03
8.870000000000000284e+01,1.000000000000000056e-01,-5.511723913930325836e+01,-5.511855065907638362e+01,1.311519773125269239e-03
8.880000000000001137e+01,1.000000000000000056e-01,-5.511665294360674494e+01,-5.511795938519751559e+01,1.306441590770646144e-03
8.890000000000000568e+01,1.000000000000000056e-01,-5.511606967888871367e+01,-5.511737106030942357e+01,1.301381420709901704e-03
8.900000000000000000e+01,1.000000000000000056e-01,-5.511548933049427035e+01,-5.511678566970395110e+01,1.296339209680752447e-03
8.910000000000000853e+01,1.000000000000000056e-01,-5.511491188384179907e+01,-5.511620319874631235e+01,1.291314904513285455e-03
8.920000000000000284e+01,1.000000000000000056e-01,-5.511433732442259270e+01,-5.511562363287468713e+01,1.286308452094431232e-03
8.930000000000001137e+01,1.000000000000000056e-01,-5.511376563780047633e+01,-5.511504695759990824e+01,1.281319799431912543e-03
8.940000000000000568e+01,1.000000000000000056e-01,-5.511319680961147327e+01,-5.511447315850505646e+01,1.276348893583190147e-03
8.950000000000000000e+01,1.000000000000000056e-01,-5.511263082556341431e+01,-5.511390222124513372e+01,1.271395681719411641e-03
8.960000000000000853e+01,1.000000000000000056e-01,-5.511206767143559659e+01,-5.511333413154667227e+01,1.266460111075673467e-03
8.970000000000000284e+01,1.000000000000000056e-01,-5.511150733307842131e+01,-5.511276887520740786e+01,1.261542128986548050e-03
8.980000000000001137e+01,1.000000000000000056e-01,-5.511094979641303127e+01,-5.511220643809588893e+01,1.256641682857662090e-03
8.990000000000000568e+01,1.000000000000000056e-01,-5.511039504743096273e+01,-5.511164680615117106e+01,1.251758720208329123e-03
9.000000000000000000e+01,1.000000000000000056e-01,-5.510984307219380440e+01,-5.511108996538242621e+01,1.246893188621811532e-03
9.010000000000000853e+01,1.000000000000000056e-01,-5.510929385683283499e+01,-5.511053590186859452e+01,1.242045035759531402e-03
9.020000000000000284e+01,1.000000000000000056e-01,-5.510874738754866797e+01,-5.510998460175807168e+01,1.237214209403703080e-03
9.030000000000001137e+01,1.000000000000000056e-01,-5.510820365061092474e+01,-5.510943605126831812e+01,1.232400657393384336e-03
9.040000000000000568e+01,1.000000000000000056e-01,-5.510766263235787221e+01,-5.510889023668554643e+01,1.227604327674214346e-03
9.050000000000000000e+01,1.000000000000000056e-01,-5.510712431919608179e+01,-5.510834714436435888e+01,1.222825168277097418e-03
9.060000000000000853e+01,1.000000000000000056e-01,-5.510658869760010248e+01,-5.510780676072742779e+01,1.218063127325308415e-03
9.070000000000000284e+01,1.000000000000000056e-01,-5.510605575411209855e+01,-5.510726907226513305e+01,1.213318153034492752e-03
9.080000000000001137e+01,1.000000000000000056e-01,-5.510552547534153689e+01,-5.510673406553522824e+01,1.208590193691350123e-03
9.090000000000000568e+01,1.000000000000000056e-01,-5.510499784796483169e+01,-5.510620172716252085e+01,1.203879197689161629e-03
9.100000000000000000e+01,1.000000000000000056e-01,-5.510447285872501055e+01,-5.510567204383852413e+01,1.199185113513578926e-03
9.110000000000000853e+01,1.000000000000000056e-01,-5.510395049443138760e+01,-5.510514500232113022e+01,1.194507889742624229e-03
9.120000000000000284e+01,1.000000000000000056e-01,-5.510343074195922952e+01,-5.510462058943426911e+01,1.189847475039584879e-03
9.130000000000001137e+01,1.000000000000000056e-01,-5.510291358824943586e+01,-5.510409879206758887e+01,1.185203818153013344e-03
9.140000000000000568e+01,1.000000000000000056e-01,-5.510239902030819081e+01,-5.510357959717613596e+01,1.180576867945148933e-03
9.150000000000000000e+01,1.000000000000000056e-01,-5.510188702520665061e+01,-5.510306299178000700e+01,1.175966573356390654e-03
9.160000000000000853e+01,1.000000000000000056e-01,-5.510137759008061664e+01,-5.510254896296404326e+01,1.171372883426613498e-03
9.170000000000000284e+01,1.000000000000000056e-01,-5.510087070213021576e+01,-5.510203749787748961e+01,1.166795747273852157e-03
9.180000000000001137e+01,1.000000000000000056e-01,-5.510036634861956628e+01,-5.510152858373369611e+01,1.162235114129828162e-03
9.190000000000000568e+01,1.000000000000000056e-01,-5.509986451687646536e+01,-5.510102220780979110e+01,1.157690933325739024e-03
9.200000000000000000e+01,1.000000000000000056e-01,-5.509936519429208346e+01,-5.510051835744633308e+01,1.153163154249625677e-03
9.210000000000000853e+01,1.000000000000000056e-01,-5.509886836832062329e+01,-5.510001702004705493e+01,1.148651726431637599e-03
9.220000000000000284e+01,1.000000000000000056e-01,-5.509837402647902138e+01,-5.509951818307848725e+01,1.144156599465873114e-03
9.230000000000001137e+01,1.000000000000000056e-01,-5.509788215634662834e+01,-5.509902183406967424e+01,1.139677723045906532e-03
9.240000000000000568e+01,1.000000000000000056e-01,-5.509739274556489619e+01,-5.509852796061187519e+01,1.135215046978998998e-03
9.250000000000000000e+01,1.000000000000000056e-01,-5.509690578183707288e+01,-5.509803655035821635e+01,1.130768521143465932e-03
9.260000000000000853e+01,1.000000000000000056e-01,-5.509642125292788961e+01,-5.509754759102342803e+01,1.126338095538415018e-03
9.270000000000000284e+01,1.000000000000000056e-01,-5.509593914666324821e+01,-5.509706107038349643e+01,1.121923720248219070e-03
9.280000000000001137e+01,1.000000000000000056e-01,-5.509545945092992980e+01,-5.509657697627537942e+01,1.117525345449621454e-03
9.290000000000000568e+01,1.000000000000000056e-01,-5.509498215367528218e+01,-5.509609529659669391e+01,1.113142921411736097e-03
9.300000000000000000e+01,1.000000000000000056e-01,-5.509450724290690715e+01,-5.509561601930543162e+01,1.108776398524469187e-03
9.310000000000000853e+01,1.000000000000000056e-01,-5.509403470669236924e+01,-5.509513913241963934e+01,1.104425727270097468e-03
9.320000000000000284e+01,1.000000000000000056e-01,-5.509356453315890434e+01,-5.509466462401710629e+01,1.100090858201951960e-03
9.330000000000001137e+01,1.000000000000000056e-01,-5.509309671049310708e+01,-5.509419248223510124e+01,1.095771741994155946e-03
9.340000000000000568e+01,1.000000000000000056e-01,-5.509263122694063952e+01,-5.509372269527005983e+01,1.091468329420308692e-03
9.350000000000000000e+01,1.000000000000000056e-01,-5.509216807080593981e+01,-5.509325525137728619e+01,1.087180571346380020e-03
9.360000000000000853e+01,1.000000000000000056e-01,-5.509170723045190954e+01,-5.509279013887064735e+01,1.082908418737815737e-03
9.370000000000000284e+01,1.000000000000000056e-01,-5.509124869429965088e+01,-5.509232734612231752e+01,1.078651822666643056e-03
9.380000000000001137e+01,1.000000000000000056e-01,-5.509079245082815390e+01,-5.509186686156244406e+01,1.074410734290154323e-03
9.390000000000000568e+01,1.000000000000000056e-01,-5.509033848857401239e+01,-5.509140867367889882e+01,1.070185104886434146e-03
9.400000000000000000e+01,1.000000000000000056e-01,-5.508988679613113959e+01,-5.509095277101695842e+01,1.065974885818832263e-03
9.410000000000000853e+01,1.000000000000000056e-01,-5.508943736215048403e+01,-5.509049914217902710e+01,1.061780028543068966e-03
9.420000000000000284e+01,1.000000000000000056e-01,-5.508899017533973108e+01,-5.509004777582436674e+01,1.057600484635656812e-03
9.430000000000001137e+01,1.000000000000000056e-01,-5.508854522446303292e+01,-5.508959866066879130e+01,1.053436205758373490e-03
9.440000000000000568e+01,1.000000000000000056e-01,-5.508810249834071726e+01,-5.508915178548439684e+01,1.049287143679578094e-03
9.450000000000000000e+01,1.000000000000000056e-01,-5.508766198584901019e+01,-5.508870713909928440e+01,1.045153250274211132e-03
9.460000000000000853e+01,1.000000000000000056e-01,-5.508722367591976621e+01,-5.508826471039726869e+01,1.041034477502478239e-03
9.470000000000000284e+01,1.000000000000000056e-01,-5.508678755754016976e+01,-5.508782448831760803e+01,1.036930777438271889e-03
9.480000000000001137e+01,1.000000000000000056e-01,-5.508635361975247235e+01,-5.508738646185473442e+01,1.032842102262065964e-03
9.490000000000000568e+01,1.000000000000000056e-01,-5.508592185165370836e+01,-5.508695062005795506e+01,1.028768404246704904e-03
9.500000000000000000e+01,1.000000000000000056e-01,-5.508549224239543918e+01,-5.508651695203120369e+01,1.024709635764509130e-03
9.510000000000000853e+01,1.000000000000000056e-01,-5.508506478118346195e+01,-5.508608544693276343e+01,1.020665749301485903e-03
9.520000000000000284e+01,1.000000000000000056e-01,-5.508463945727754663e+01,-5.508565609397498264e+01,1.016636697436013037e-03
9.530000000000001137e+01,1.000000000000000056e-01,-5.508421625999115889e+01,-5.508522888242400484e+01,1.012622432845944331e-03
9.540000000000000568e+01,1.000000000000000056e-01,-5.508379517869120434e+01,-5.508480380159953427e+01,1.008622908329925849e-03
9.550000000000000000e+01,1.000000000000000056e-01,-5.508337620279775138e+01,-5.508438084087451614e+01,1.004638076764763355e-03
9.560000000000000853e+01,1.000000000000000056e-01,-5.508295932178376120e+01,-5.508395998967491636e+01,1.000667891155160305e-03
9.570000000000000284e+01,1.000000000000000056e-01,-5.508254452517483912e+01,-5.508354123747943021e+01,9.967123045910852852e-04
9.580000000000001137e+01,1.000000000000000056e-01,-5.508213180254896457e+01,-5.508312457381923366e+01,9.927712702690882907e-04
9.590000000000000568e+01,1.000000000000000056e-01,-5.508172114353622106e+01,-5.508270998827770626e+01,9.888447414851952999e-04
9.600000000000000000e+01,1.000000000000000056e-01,-5.508131253781854042e+01,-5.508229747049020375e+01,9.849326716633299839e-04
9.610000000000000853e+01,1.000000000000000056e-01,-5.508090597512944697e+01,-5.508188701014373834e+01,9.810350142913648597e-04
9.620000000000000284e+01,1.000000000000000056e-01,-5.508050144525380176e+01,-5.508147859697680104e+01,9.771517229992809916e-04
9.630000000000001137e+01,1.000000000000000056e-01,-5.508009893802753254e+01,-5.508107222077902776e+01,9.732827514952191450e-04
9.640000000000000568e+01,1.000000000000000056e-01,-5.507969844333739218e+01,-5.508066787139099318e+01,9.694280536010069227e-04
9.650000000000000000e+01,1.000000000000000056e-01,-5.507929995112070287e+01,-5.508026553870395503e+01,9.655875832521587654e-04
9.660000000000000853e+01,1.000000000000000056e-01,-5.507890345136510035e+01,-5.507986521265955560e+01,9.617612944552433873e-04
9.670000000000000284e+01,1.000000000000000056e-01,-5.507850893410827808e+01,-5.507946688324963702e+01,9.579491413589380500e-04
9.680000000000001137e+01,1.000000000000000056e-01,-5.507811638943773858e+01,-5.507907054051593576e+01,9.541510781971851429e-04
9.690000000000000568e+01,1.000000000000000056e-01,-5.507772580749055180e+01,-5.507867617454986231e+01,9.503670593105084663e-04
9.700000000000000000e+01,1.000000000000000056e-01,-5.507733717845309940e+01,-5.507828377549225962e+01,9.465970391602240852e-04
9.710000000000000853e+01,1.000000000000000056e-01,-5.507695049256083308e+01,-5.507789333353311179e+01,9.428409722787023384e-04
9.720000000000000284e+01,1.000000000000000056e-01,-5.507656574009802597e+01,-5.507750483891136639e+01,9.390988133404221117e-04
9.730000000000001137e+01,1.000000000000000056e-01,-5.507618291139753808e+01,-5.507711828191462899e+01,9.353705170909165645e-04
9.740000000000000568e+01,1.000000000000000056e-01,-5.507580199684055344e+01,-5.507673365287895706e+01,9.316560384036165487e-04
9.750000000000000000e+01,1.000000000000000056e-01,-5.507542298685635274e+01,-5.507635094218859706e+01,9.279553322443234720e-04
9.760000000000000853e+01,1.000000000000000056e-01,-5.507504587192207168e+01,-5.507597014027577842e+01,9.242683537067364341e-04
9.770000000000000284e+01,1.000000000000000056e-01,-5.507467064256245948e+01,-5.507559123762041509e+01,9.205950579556088087e-04
9.780000000000001137e+01,1.000000000000000056e-01,-5.507429728934964430e+01,-5.507521422474993500e+01,9.169354002906970891e-04
9.790000000000000568e+01,1.000000000000000056e-01,-5.507392580290289885e+01,-5.507483909223898877e+01,9.132893360899174695e-04
9.800000000000000000e+01,1.000000000000000056e-01,-5.507355617388838454e+01,-5.507446583070924362e+01,9.096568208590838367e-04
9.810000000000000853e+01,1.000000000000000056e-01,-5.507318839301894542e+01,-5.507409443082914891e+01,9.060378102034860603e-04
9.820000000000000284e+01,1.000000000000000056e-01,-5.507282245105385243e+01,-5.507372488331368032e+01,9.024322598278899932e-04
9.830000000000001137e+01,1.000000000000000056e-01,-5.507245833879858310e+01,-5.507335717892413385e+01,8.988401255507483256e-04
9.840000000000000568e+01,1.000000000000000056e-01,-5.507209604710458706e+01,-5.507299130846788415e+01,8.952613632970951585e-04
9.850000000000000000e+01,1.000000000000000056e-01,-5.507173556686906579e+01,-5.507262726279815013e+01,8.916959290843351482e-04
9.860000000000000853e+01,1.000000000000000056e-01,-5.507137688903472394e+01,-5.507226503281376750e+01,8.881437790435597890e-04
9.870000000000000284e+01,1.000000000000000056e-01,-5.507102000458954905e+01,-5.507190460945896149e+01,8.846048694124419853e-04
9.880000000000001137e+01,1.000000000000000056e-01,-5.507066490456659835e+01,-5.507154598372314780e+01,8.810791565494469069e-04
9.890000000000000568e+01,1.000000000000000056e-01,-5.507031158004376437e+01,-5.507118914664064846e+01,8.775665968840939968e-04
9.900000000000000000e+01,1.000000000000000056e-01,-5.506996002214354746e+01,-5.507083408929052126e+01,8.740671469738003907e-04
9.910000000000000853e+01,1.000000000000000056e-01,-5.506961022203282852e+01,-5.507048080279631819e+01,8.705807634896700620e-04
9.920000000000000284e+01,1.000000000000000056e-01,-5.506926217092266285e+01,-5.507012927832585092e+01,8.671074031880721122e-04
9.930000000000001137e+01,1.000000000000000056e-01,-5.506891586006805284e+01,-5.506977950709099900e+01,8.636470229461679082e-04
9.940000000000000568e+01,1.000000000000000056e-01,-5.506857128076771346e+01,-5.506943148034746116e+01,8.601995797477002270e-04
9.950000000000000000e+01,1.000000000000000056e-01,-5.506822842436387333e+01,-5.506908518939454211e+01,8.567650306687824013e-04
9.960000000000000853e+01,1.000000000000000056e-01,-5.506788728224205443e+01,-5.506874062557496075e+01,8.533433329063200290e-04
9.970000000000000284e+01,1.000000000000000056e-01,-5.506754784583084472e+01,-5.506839778027460142e+01,8.499344437566946908e-04
9.980000000000001137e+01,1.000000000000000056e-01,-5.506721010660169213e+01,-5.506805664492230790e+01,8.465383206157639506e-04
9.990000000000000568e+01,1.000000000000000056e-01,-5.506687405606868424e+01,-5.506771721098967731e+01,8.431549209930722100e-04
1.000000000000000000e+02,1.000000000000000056e-01,-5.506653968578834224e+01,-5.506737946999085409e+01,8.397842025118507081e-04
1.001000000000000085e+02,1.000000000000000056e-01,-5.506620698735940067e+01,-5.506704341348228837e+01,8.364261228877012400e-04
1.002000000000000028e+02,1.000000000000000056e-01,-5.506587595242260136e+01,-5.506670903306255127e+01,8.330806399499124382e-04
1.003000000000000114e+02,1.000000000000000056e-01,-5.506554657266048736e+01,-5.506637632037211461e+01,8.297477116272489184e-04
1.004000000000000057e+02,1.000000000000000056e-01,-5.506521883979718268e+01,-5.506604526709314484e+01,8.264272959621621339e-04
1.005000000000000000e+02,1.000000000000000056e-01,-5.506489274559819336e+01,-5.506571586494929704e+01,8.231193511036849486e-04
1.006000000000000085e+02,1.000000000000000056e-01,-5.506456828187020136e+01,-5.506538810570548748e+01,8.198238352861153544e-04
1.007000000000000028e+02,1.000000000000000056e-01,-5.506424544046085146e+01,-5.506506198116773021e+01,8.165407068787544631e-04
1.008000000000000114e+02,1.000000000000000056e-01,-5.506392421325854514e+01,-5.506473748318289552e+01,8.132699243503793696e-04
1.009000000000000057e+02,1.000000000000000056e-01,-5.506360459219225589e+01,-5.506441460363850382e+01,8.100114462479268695e-04
1.010000000000000000e+02,1.000000000000000056e-01,-5.506328656923129472e+01,-5.506409333446256227e+01,8.067652312675477333e-04
1.011000000000000085e+02,1.000000000000000056e-01,-5.506297013638513960e+01,-5.506377366762332315e+01,8.035312381835524320e-04
1.012000000000000028e+02,1.000000000000000056e-01,-5.506265528570321521e+01,-5.506345559512909205e+01,8.003094258768328473e-04
1.013000000000000114e+02,1.000000000000000056e-01,-5.506234200927470113e+01,-5.506313910902804309e+01,7.970997533419676984e-04
1.014000000000000057e+02,1.000000000000000056e-01,-5.506203029922832570e+01,-5.506282420140801293e+01,7.939021796872225423e-04
1.015000000000000000e+02,1.000000000000000056e-01,-5.506172014773218137e+01,-5.506251086439628750e+01,7.907166641061280643e-04
1.016000000000000085e+02,1.000000000000000056e-01,-5.506141154699351858e+01,-5.506219909015942449e+01,7.875431659059017875e-04
1.017000000000000028e+02,1.000000000000000056e-01,-5.506110448925855394e+01,-5.506188887090306139e+01,7.843816445074480725e-04
1.018000000000000114e+02,1.000000000000000056e-01,-5.506079896681226415e+01,-5.506158019887168820e+01,7.812320594240418359e-04
1.019000000000000057e+02,1.000000000000000056e-01,-5.506049497197820131e+01,-5.506127306634849816e+01,7.780943702968556863e-04
1.020000000000000000e+02,1.000000000000000056e-01,-5.506019249711830810e+01,-5.506096746565515332e+01,7.749685368452219336e-04
1.021000000000000085e+02,1.000000000000000056e-01,-5.505989153463271890e+01,-5.506066338915163527e+01,7.718545189163705800e-04
1.022000000000000028e+02,1.000000000000000056e-01,-5.505959207695955371e+01,-5.506036082923599650e+01,7.687522764427967559e-04
1.023000000000000114e+02,1.000000000000000056e-01,-5.505929411657475470e+01,-5.506005977834423248e+01,7.656617694777878569e-04
1.024000000000000057e+02,1.000000000000000056e-01,-5.505899764599188018e+01,-5.505976022895006139e+01,7.625829581812126889e-04
1.025000000000000000e+02,1.000000000000000056e-01,-5.505870265776191985e+01,-5.505946217356471806e+01,7.595158027982051863e-04
1.026000000000000085e+02,1.000000000000000056e-01,-5.505840914447311008e+01,-5.505916560473681898e+01,7.564602637089024029e-04
1.027000000000000028e+02,1.000000000000000056e-01,-5.505811709875074200e+01,-5.505887051505211360e+01,7.534163013716010937e-04
1.028000000000000114e+02,1.000000000000000056e-01,-5.505782651325699106e+01,-5.505857689713335645e+01,7.503838763653902788e-04
1.029000000000000057e+02,1.000000000000000056e-01,-5.505753738069070380e+01,-5.505828474364007263e+01,7.473629493688349612e-04
1.030000000000000000e+02,1.000000000000000056e-01,-5.505724969378724865e+01,-5.505799404726842283e+01,7.443534811741869817e-04
1.031000000000000085e+02,1.000000000000000056e-01,-5.505696344531830988e+01,-5.505770480075096884e+01,7.413554326589633092e-04
1.032000000000000028e+02,1.000000000000000056e-01,-5.505667862809171709e+01,-5.505741699685653856e+01,7.383687648214731780e-04
1.033000000000000114e+02,1.000000000000000056e-01,-5.505639523495126042e+01,-5.505713062839002703e+01,7.353934387666072325e-04
1.034000000000000057e+02,1.000000000000000056e-01,-5.505611325877650586e+01,-5.505684568819219749e+01,7.324294156916266729e-04
1.035000000000000000e+02,1.000000000000000056e-01,-5.505583269248262468e+01,-5.505656216913953216e+01,7.294766569074795370e-04
1.036000000000000085e+02,1.000000000000000056e-01,-5.505555352902020871e+01,-5.505628006414404041e+01,7.265351238316952731e-04
1.037000000000000028e+02,1.000000000000000056e-01,-5.505527576137510692e+01,-5.505599936615308820e+01,7.236047779812793124e-04
1.038000000000000114e+02,1.000000000000000056e-01,-5.505499938256823356e+01,-5.505572006814919916e+01,7.206855809656076417e-04
1.039000000000000057e+02,1.000000000000000056e-01,-5.505472438565539051e+01,-5.505544216314991957e+01,7.177774945290593678e-04
1.040000000000000000e+02,1.000000000000000056e-01,-5.505445076372711100e+01,-5.505516564420760517e+01,7.148804804941732982e-04
1.041000000000000085e+02,1.000000000000000056e-01,-5.505417850990847484e+01,-5.505489050440927201e+01,7.119945007971750783e-04
1.042000000000000028e+02,1.000000000000000056e-01,-5.505390761735893079e+01,-5.505461673687640456e+01,7.091195174737663365e-04
1.043000000000000114e+02,1.000000000000000056e-01,-5.505363807927213315e+01,-5.505434433476480649e+01,7.062554926733355387e-04
1.044000000000000057e+02,1.000000000000000056e-01,-5.505336988887577121e+01,-5.505407329126440885e+01,7.034023886376417067e-04
1.045000000000000000e+02,1.000000000000000056e-01,-5.505310303943139161e+01,-5.505380359959910663e+01,7.005601677150252726e-04
1.046000000000000085e+02,1.000000000000000056e-01,-5.505283752423423493e+01,-5.505353525302660245e+01,6.977287923675135062e-04
1.047000000000000028e+02,1.000000000000000056e-01,-5.505257333661306518e+01,-5.505326824483820047e+01,6.949082251352933781e-04
1.048000000000000114e+02,1.000000000000000056e-01,-5.505231046992999921e+01,-5.505300256835870698e+01,6.920984287077658337e-04
1.049000000000000057e+02,1.000000000000000056e-01,-5.505204891758035046e+01,-5.505273821694617453e+01,6.892993658240698096e-04
1.050000000000000000e+02,1.000000000000000056e-01,-5.505178867299245127e+01,-5.505247518399181672e+01,6.865109993654527898e-04
1.051000000000000085e+02,1.000000000000000056e-01,-5.505152972962748947e+01,-5.505221346291978790e+01,6.837332922984273864e-04
1.052000000000000028e+02,1.000000000000000056e-01,-5.505127208097935210e+01,-5.505195304718705529e+01,6.809662077031930494e-04
1.053000000000000114e+02,1.000000000000000056e-01,-5.505101572057445480e+01,-5.505169393028320002e+01,6.782097087452143569e-04
1.054000000000000057e+02,1.000000000000000056e-01,-5.505076064197158558e+01,-5.505143610573030344e+01,6.754637587178535796e-04
1.055000000000000000e+02,1.000000000000000056e-01,-5.505050683876172712e+01,-5.505117956708272686e+01,6.727283209997381164e-04
1.056000000000000085e+02,1.000000000000000056e-01,-5.505025430456792179e+01,-5.505092430792699076e+01,6.700033590689713492e-04
1.057000000000000028e+02,1.000000000000000056e-01,-5.505000303304507980e+01,-5.505067032188160425e+01,6.672888365244489250e-04
1.058000000000000114e+02,1.000000000000000056e-01,-5.504975301787985131e+01,-5.505041760259690875e+01,6.645847170574370466e-04
1.059000000000000057e+02,1.000000000000000056e-01,-5.504950425279044879e+01,-5.505016614375490036e+01,6.618909644515724722e-04
1.060000000000000000e+02,1.000000000000000056e-01,-5.504925673152649779e+01,-5.504991593906910197e+01,6.592075426041787978e-04
1.061000000000000085e+02,1.000000000000000056e-01,-5.504901044786886644e+01,-5.504966698228437849e+01,6.565344155120556024e-04
1.062000000000000028e+02,1.000000000000000056e-01,-5.504876539562952331e+01,-5.504941926717679479e+01,6.538715472714784482e-04
1.063000000000000114e+02,1.000000000000000056e-01,-5.504852156865137403e+01,-5.504917278755347354e+01,6.512189020995151623e-04
1.064000000000000057e+02,1.000000000000000056e-01,-5.504827896080811911e+01,-5.504892753725239629e+01,6.485764442771824179e-04
1.065000000000000000e+02,1.000000000000000056e-01,-5.504803756600407638e+01,-5.504868351014229688e+01,6.459441382205000082e-04
1.066000000000000085e+02,1.000000000000000056e-01,-5.504779737817405305e+01,-5.504844070012249091e+01,6.433219484378582820e-04
1.067000000000000028e+02,1.000000000000000056e-01,-5.504755839128318229e+01,-5.504819910112270520e+01,6.407098395229127163e-04
1.068000000000000114e+02,1.000000000000000056e-01,-5.504732059932676691e+01,-5.504795870710296413e+01,6.381077761972164808e-04
1.069000000000000057e+02,1.000000000000000056e-01,-5.504708399633013016e+01,-5.504771951205339775e+01,6.355157232675878731e-04
1.070000000000000000e+02,1.000000000000000056e-01,-5.504684857634848072e+01,-5.504748150999411394e+01,6.329336456332157468e-04
1.071000000000000085e+02,1.000000000000000056e-01,-5.504661433346673505e+01,-5.504724469497505623e+01,6.303615083211866477e-04
1.072000000000000028e+02,1.000000000000000056e-01,-5.504638126179940372e+01,-5.504700906107583336e+01,6.277992764296413952e-04
1.073000000000000114e+02,1.000000000000000056e-01,-5.504614935549040666e+01,-5.504677460240558418e+01,6.252469151775130740e-04
1.074000000000000057e+02,1.000000000000000056e-01,-5.504591860871295239e+01,-5.504654131310283560e+01,6.227043898832107516e-04
1.075000000000000000e+02,1.000000000000000056e-01,-5.504568901566938877e+01,-5.504630918733533207e+01,6.201716659433031964e-04
1.076000000000000085e+02,1.000000000000000056e-01,-5.504546057059103958e+01,-5.504607821929992895e+01,6.176487088893622968e-04
1.077000000000000028e+02,1.000000000000000056e-01,-5.504523326773808378e+01,-5.504584840322240780e+01,6.151354843240142145e-04
1.078000000000000114e+02,1.000000000000000056e-01,-5.504500710139939201e+01,-5.504561973335734848e+01,6.126319579564665219e-04
1.079000000000000057e+02,1.000000000000000056e-01,-5.504478206589239164e+01,-5.504539220398800836e+01,6.101380956167190561e-04
1.080000000000000000e+02,1.000000000000000056e-01,-5.504455815556293174e+01,-5.504516580942612336e+01,6.076538631916150734e-04
1.081000000000000085e+02,1.000000000000000056e-01,-5.504433536478511968e+01,-5.504494054401183689e+01,6.051792267172118045e-04
1.082000000000000028e+02,1.000000000000000056e-01,-5.504411368796119319e+01,-5.504471640211348671e+01,6.027141522935153262e-04
1.083000000000000114e+02,1.000000000000000056e-01,-5.504389311952138542e+01,-5.504449337812751253e+01,6.002586061271131257e-04
1.084000000000000057e+02,1.000000000000000056e-01,-5.504367365392377565e+01,-5.504427146647831393e+01,5.978125545382795281e-04
1.085000000000000000e+02,1.000000000000000056e-01,-5.504345528565415435e+01,-5.504405066161808691e+01,5.953759639325539865e-04
1.086000000000000085e+02,1.000000000000000056e-01,-5.504323800922588106e+01,-5.504383095802668890e+01,5.929488008078465100e-04
1.087000000000000028e+02,1.000000000000000056e-01,-5.504302181917974934e+01,-5.504361235021152510e+01,5.905310317757539451e-04
1.088000000000000114e+02,1.000000000000000056e-01,-5.504280671008385184e+01,-5.504339483270739208e+01,5.881226235402436942e-04
1.089000000000000057e+02,1.000000000000000056e-01,-5.504259267653343102e+01,-5.504317840007632867e+01,5.857235428976537150e-04
1.090000000000000000e+02,1.000000000000000056e-01,-5.504237971315076550e+01,-5.504296304690752351e+01,5.833337567580088034e-04
1.091000000000000085e+02,1.000000000000000056e-01,-5.504216781458501373e+01,-5.504274876781712322e+01,5.809532321094934559e-04
1.092000000000000028e+02,1.000000000000000056e-01,-5.504195697551208610e+01,-5.504253555744815429e+01,5.785819360681898615e-04
1.093000000000000114e+02,1.000000000000000056e-01,-5.504174719063452415e+01,-5.504232341047033117e+01,5.762198358070236281e-04
1.094000000000000057e+02,1.000000000000000056e-01,-5.504153845468135131e+01,-5.504211232157997102e+01,5.738668986197126287e-04
1.095000000000000000e+02,1.000000000000000056e-01,-5.504133076240794509e+01,-5.504190228549984454e+01,5.715230918994507192e-04
1.096000000000000085e+02,1.000000000000000056e-01,-5.504112410859590199e+01,-5.504169329697904089e+01,5.691883831389077386e-04
1.097000000000000028e+02,1.000000000000000056e-01,-5.504091848805292386e+01,-5.504148535079283278e+01,5.668627399089132268e-04
1.098000000000000114e+02,1.000000000000000056e-01,-5.504071389561266159e+01,-5.504127844174255557e+01,5.645461298939835615e-04
1.099000000000000057e+02,1.000000000000000056e-01,-5.504051032613460137e+01,-5.504107256465547238e+01,5.622385208710056759e-04
1.100000000000000000e+02,1.000000000000000056e-01,-5.504030777450392975e+01,-5.504086771438463899e+01,5.599398807092370589e-04
1.101000000000000085e+02,1.000000000000000056e-01,-5.504010623563141280e+01,-5.504066388580879732e+01,5.576501773845166099e-04
1.102000000000000028e+02,1.000000000000000056e-01,-5.503990570445325403e+01,-5.504046107383221909e+01,5.553693789650537838e-04
1.103000000000000114e+02,1.000000000000000056e-01,-5.503970617593098780e+01,-5.504025927338459923e+01,5.530974536114285911e-04
1.104000000000000057e+02,1.000000000000000056e-01,-5.503950764505133009e+01,-5.504005847942090668e+01,5.508343695765915982e-04
1.105000000000000000e+02,1.000000000000000056e-01,-5.503931010682607194e+01,-5.503985868692128491e+01,5.485800952129693542e-04
1.106000000000000085e+02,1.000000000000000056e-01,-5.503911355629194446e+01,-5.503965989089090982e+01,5.463345989653589641e-04
1.107000000000000028e+02,1.000000000000000056e-01,-5.503891798851048378e+01,-5.503946208635987603e+01,5.440978493922443704e-04
1.108000000000000114e+02,1.000000000000000056e-01,-5.503872339856793161e+01,-5.503926526838305477e+01,5.418698151231637894e-04
1.109000000000000057e+02,1.000000000000000056e-01,-5.503852978157509312e+01,-5.503906943203998736e+01,5.396504648942368476e-04
1.110000000000000000e+02,1.000000000000000056e-01,-5.503833713266721617e+01,-5.503887457243476433e+01,5.374397675481645820e-04
1.111000000000000085e+02,1.000000000000000056e-01,-5.503814544700387756e+01,-5.503868068469586916e+01,5.352376919915968756e-04
1.112000000000000028e+02,1.000000000000000056e-01,-5.503795471976885523e+01,-5.503848776397610720e+01,5.330442072519758767e-04
1.113000000000000114e+02,1.000000000000000056e-01,-5.503776494617001447e+01,-5.503829580545244937e+01,5.308592824349034345e-04
1.114000000000000057e+02,1.000000000000000056e-01,-5.503757612143916589e+01,-5.503810480432591845e+01,5.286828867525628084e-04
1.115000000000000000e+02,1.000000000000000056e-01,-5.503738824083197301e+01,-5.503791475582148962e+01,5.265149895166132410e-04
1.116000000000000085e+02,1.000000000000000056e-01,-5.503720129962781016e+01,-5.503772565518791993e+01,5.243555601097682484e-04
1.117000000000000028e+02,1.000000000000000056e-01,-5.503701529312967011e+01,-5.503753749769770565e+01,5.222045680355336117e-04
1.118000000000000114e+02,1.000000000000000056e-01,-5.503683021666402198e+01,-5.503735027864688334e+01,5.200619828613639584e-04
1.119000000000000057e+02,1.000000000000000056e-01,-5.503664606558070460e+01,-5.503716399335497300e+01,5.179277742684007535e-04
1.120000000000000000e+02,1.000000000000000056e-01,-5.503646283525279870e+01,-5.503697863716482885e+01,5.158019120301560179e-04
1.121000000000000085e+02,1.000000000000000056e-01,-5.503628052107653446e+01,-5.503679420544254697e+01,5.136843660125123279e-04
1.122000000000000028e+02,1.000000000000000056e-01,-5.503609911847114944e+01,-5.503661069357730895e+01,5.115751061595119609e-04
1.123000000000000114e+02,1.000000000000000056e-01,-5.503591862287879621e+01,-5.503642809698132510e+01,5.094741025288840319e-04
1.124000000000000057e+02,1.000000000000000056e-01,-5.503573902976440024e+01,-5.503624641108965676e+01,5.073813252565173570e-04
1.125000000000000000e+02,1.000000000000000056e-01,-5.503556033461558172e+01,-5.503606563136015950e+01,5.052967445777767352e-04
1.126000000000000085e+02,1.000000000000000056e-01,-5.503538253294250637e+01,-5.503588575327331966e+01,5.032203308132920938e-04
1.127000000000000028e+02,1.000000000000000056e-01,-5.503520562027779306e+01,-5.503570677233218333e+01,5.011520543902747704e-04
1.128000000000000114e+02,1.000000000000000056e-01,-5.503502959217640722e+01,-5.503552868406221421e+01,4.990918858069903763e-04
1.129000000000000057e+02,1.000000000000000056e-01,-5.503485444421552586e+01,-5.503535148401119415e+01,4.970397956682859331e-04
1.130000000000000000e+02,1.000000000000000056e-01,-5.503468017199444517e+01,-5.503517516774912366e+01,4.949957546784844453e-04
1.131000000000000085e+02,1.000000000000000056e-01,-5.503450677113447398e+01,-5.503499973086807273e+01,4.929597335987523365e-04
1.132000000000000028e+02,1.000000000000000056e-01,-5.503433423727879870e+01,-5.503482516898211685e+01,4.909317033181537226e-04
1.133000000000000114e+02,1.000000000000000056e-01,-5.503416256609240520e+01,-5.503465147772720201e+01,4.889116347968069931e-04
1.134000000000000057e+02,1.000000000000000056e-01,-5.503399175326194381e+01,-5.503447865276103101e+01,4.868994990872010931e-04
1.135000000000000000e+02,1.000000000000000056e-01,-5.503382179449563694e+01,-5.503430668976297824e+01,4.848952673413009506e-04
1.136000000000000085e+02,1.000000000000000056e-01,-5.503365268552315825e+01,-5.503413558443395459e+01,4.828989107963366223e-04
1.137000000000000028e+02,1.000000000000000056e-01,-5.503348442209554037e+01,-5.503396533249632228e+01,4.809104007819087201e-04
1.138000000000000114e+02,1.000000000000000056e-01,-5.503331699998506110e+01,-5.503379592969376688e+01,4.789297087057775570e-04
1.139000000000000057e+02,1.000000000000000056e-01,-5.503315041498513693e+01,-5.503362737179121922e+01,4.769568060822848565e-04
1.140000000000000000e+02,1.000000000000000056e-01,-5.503298466291020929e+01,-5.503345965457471323e+01,4.749916645039320429e-04
1.141000000000000085e+02,1.000000000000000056e-01,-5.503281973959565931e+01,-5.503329277385131491e+01,4.730342556555910960e-04
1.142000000000000028e+02,1.000000000000000056e-01,-5.503265564089767992e+01,-5.503312672544900153e+01,4.710845513216099789e-04
1.143000000000000114e+02,1.000000000000000056e-01,-5.503249236269319056e+01,-5.503296150521654084e+01,4.691425233502855008e-04
1.144000000000000057e+02,1.000000000000000056e-01,-5.503232990087972354e+01,-5.503279710902343425e+01,4.672081437107067359e-04
1.145000000000000000e+02,1.000000000000000056e-01,-5.503216825137532453e+01,-5.503263353275976044e+01,4.652813844359116047e-04
1.146000000000000085e+02,1.000000000000000056e-01,-5.503200741011844599e+01,-5.503247077233610440e+01,4.633622176584140107e-04
1.147000000000000028e+02,1.000000000000000056e-01,-5.503184737306785479e+01,-5.503230882368345078e+01,4.614506155959929856e-04
1.148000000000000114e+02,1.000000000000000056e-01,-5.503168813620251854e+01,-5.503214768275307023e+01,4.595465505516926896e-04
1.149000000000000057e+02,1.000000000000000056e-01,-5.503152969552150608e+01,-5.503198734551643412e+01,4.576499949280332658e-04
1.150000000000000000e+02,1.000000000000000056e-01,-5.503137204704389518e+01,-5.503182780796509377e+01,4.557609211985891307e-04
1.151000000000000085e+02,1.000000000000000056e-01,-5.503121518680867297e+01,-5.503166906611061648e+01,4.538793019435161114e-04
1.152000000000000028e+02,1.000000000000000056e-01,-5.503105911087462943e+01,-5.503151111598444345e+01,4.520051098140243084e-04
1.153000000000000114e+02,1.000000000000000056e-01,-5.503090381532025788e+01,-5.503135395363781157e+01,4.501383175536943781e-04
1.154000000000000057e+02,1.000000000000000056e-01,-5.503074929624365552e+01,-5.503119757514164689e+01,4.482788979913721050e-04
1.155000000000000000e+02,1.000000000000000056e-01,-5.503059554976243817e+01,-5.503104197658649355e+01,4.464268240553792566e-04
1.156000000000000085e+02,1.000000000000000056e-01,-5.503044257201362655e+01,-5.503088715408236453e+01,4.445820687379864466e-04
1.157000000000000028e+02,1.000000000000000056e-01,-5.503029035915356104e+01,-5.503073310375870619e+01,4.427446051451511266e-04
1.158000000000000114e+02,1.000000000000000056e-01,-5.503013890735779512e+01,-5.503057982176423479e+01,4.409144064396741669e-04
1.159000000000000057e+02,1.000000000000000056e-01,-5.502998821282100295e+01,-5.503042730426690099e+01,4.390914458980432755e-04
1.160000000000000000e+02,1.000000000000000056e-01,-5.502983827175690124e+01,-5.503027554745375483e+01,4.372756968535895794e-04
1.161000000000000085e+02,1.000000000000000056e-01,-5.502968908039811424e+01,-5.503012454753088178e+01,4.354671327675418979e-04
1.162000000000000028e+02,1.000000000000000056e-01,-5.502954063499612403e+01,-5.502997430072326068e+01,4.336657271366561872e-04
1.163000000000000114e+02,1.000000000000000056e-01,-5.502939293182114255e+01,-5.502982480327471393e+01,4.318714535713752412e-04
1.164000000000000057e+02,1.000000000000000056e-01,-5.502924596716203354e+01,-5.502967605144780805e+01,4.300842857745124093e-04
1.165000000000000000e+02,1.000000000000000056e-01,-5.502909973732622007e+01,-5.502952804152373290e+01,4.283041975128298873e-04
1.166000000000000085e+02,1.000000000000000056e-01,-5.502895423863959223e+01,-5.502938076980223769e+01,4.265311626454604266e-04
1.167000000000000028e+02,1.000000000000000056e-01,-5.502880946744639346e+01,-5.502923423260151026e+01,4.247651551168019068e-04
1.168000000000000114e+02,1.000000000000000056e-01,-5.502866542010916362e+01,-5.502908842625812724e+01,4.230061489636227634e-04
1.169000000000000057e+02,1.000000000000000056e-01,-5.502852209300861830e+01,-5.502894334712691204e+01,4.212541182937457052e-04
1.170000000000000000e+02,1.000000000000000056e-01,-5.502837948254357769e+01,-5.502879899158088506e+01,4.195090373073639967e-04
1.171000000000000085e+02,1.000000000000000056e-01,-5.502823758513086005e+01,-5.502865535601114289e+01,4.177708802828306034e-04
1.172000000000000028e+02,1.000000000000000056e-01,-5.502809639720520352e+01,-5.502851243682679439e+01,4.160396215908690465e-04
1.173000000000000114e+02,1.000000000000000056e-01,-5.502795591521918084e+01,-5.502837023045485410e+01,4.143152356732571207e-04
1.174000000000000057e+02,1.000000000000000056e-01,-5.502781613564308572e+01,-5.502822873334014986e+01,4.125976970641431762e-04
1.175000000000000000e+02,1.000000000000000056e-01,-5.502767705496486883e+01,-5.502808794194525177e+01,4.108869803829406919e-04
1.176000000000000085e+02,1.000000000000000056e-01,-5.502753866969004548e+01,-5.502794785275036560e+01,4.091830603201174199e-04
1.177000000000000028e+02,1.000000000000000056e-01,-5.502740097634159611e+01,-5.502780846225325462e+01,4.074859116585116681e-04
1.178000000000000114e+02,1.000000000000000056e-01,-5.502726397145988813e+01,-5.502766976696914725e+01,4.057955092591214452e-04
1.179000000000000057e+02,1.000000000000000056e-01,-5.502712765160259067e+01,-5.502753176343065888e+01,4.041118280682098884e-04
1.180000000000000000e+02,1.000000000000000056e-01,-5.502699201334457513e+01,-5.502739444818768533e+01,4.024348431101998358e-04
1.181000000000000085e+02,1.000000000000000056e-01,-5.502685705327785115e+01,-5.502725781780734593e+01,4.007645294947792536e-04
1.182000000000000028e+02,1.000000000000000056e-01,-5.502672276801146012e+01,-5.502712186887386991e+01,3.991008624097958091e-04
1.183000000000000114e+02,1.000000000000000056e-01,-5.502658915417140406e+01,-5.502698659798852532e+01,3.974438171212568705e-04
1.184000000000000057e+02,1.000000000000000056e-01,-5.502645620840054619e+01,-5.502685200176954083e+01,3.957933689946457889e-04
1.185000000000000000e+02,1.000000000000000056e-01,-5.502632392735854694e+01,-5.502671807685199212e+01,3.941494934451839072e-04
1.186000000000000085e+02,1.000000000000000056e-01,-5.502619230772175740e+01,-5.502658481988776629e+01,3.925121660088848330e-04
1.187000000000000028e+02,1.000000000000000056e-01,-5.502606134618314826e+01,-5.502645222754541265e+01,3.908813622643947383e-04
1.188000000000000114e+02,1.000000000000000056e-01,-5.502593103945223163e+01,-5.502632029651012857e+01,3.892570578969412054e-04
1.189000000000000057e+02,1.000000000000000056e-01,-5.502580138425496870e+01,-5.502618902348363150e+01,3.876392286628060901e-04
1.190000000000000000e+02,1.000000000000000056e-01,-5.502567237733369154e+01,-5.502605840518408797e+01,3.860278503964309493e-04
1.191000000000000085e+02,1.000000000000000056e-01,-5.502554401544702500e+01,-5.502592843834602121e+01,3.844228989962061860e-04
1.192000000000000028e+02,1.000000000000000056e-01,-5.502541629536978718e+01,-5.502579911972026849e+01,3.828243504813144682e-04
1.193000000000000114e+02,1.000000000000000056e-01,-5.502528921389293970e+01,-5.502567044607385327e+01,3.812321809135710282e-04
1.194000000000000057e+02,1.000000000000000056e-01,-5.502516276782347404e+01,-5.502554241418992831e+01,3.796463664542670813e-04
1.195000000000000000e+02,1.000000000000000056e-01,-5.502503695398435468e+01,-5.502541502086769043e+01,3.780668833357481162e-04
1.196000000000000085e+02,1.000000000000000056e-01,-5.502491176921443383e+01,-5.502528826292229525e+01,3.764937078614138954e-04
1.197000000000000028e+02,1.000000000000000056e-01,-5.502478721036835907e+01,-5.502516213718478610e+01,3.749268164270347370e-04
1.198000000000000114e+02,1.000000000000000056e-01,-5.502466327431651649e+01,-5.502503664050202303e+01,3.733661855065406598e-04
1.199000000000000057e+02,1.000000000000000056e-01,-5.502453995794493125e+01,-5.502491176973656906e+01,3.718117916378105292e-04
1.200000000000000000e+02,1.000000000000000056e-01,-5.502441725815520357e+01,-5.502478752176666177e+01,3.702636114581991933e-04
1.201000000000000085e+02,1.000000000000000056e-01,-5.502429517186443064e+01,-5.502466389348609255e+01,3.687216216619049192e-04
1.202000000000000028e+02,1.000000000000000056e-01,-5.502417369600510710e+01,-5.502454088180414260e+01,3.671857990354965295e-04
1.203000000000000114e+02,1.000000000000000056e-01,-5.502405282752508242e+01,-5.502441848364551191e+01,3.656561204294916934e-04
1.204000000000000057e+02,1.000000000000000056e-01,-5.502393256338745431e+01,-5.502429669595024819e+01,3.641325627938840626e-04
1.205000000000000000e+02,1.000000000000000056e-01,-5.502381290057051899e+01,-5.502417551567364740e+01,3.626151031284052806e-04
1.206000000000000085e+02,1.000000000000000056e-01,-5.502369383606766462e+01,-5.502405493978619688e+01,3.611037185322629739e-04
1.207000000000000028e+02,1.000000000000000056e-01,-5.502357536688732864e+01,-5.502393496527349015e+01,3.595983861615081878e-04
1.208000000000000114e+02,1.000000000000000056e-01,-5.502345749005289122e+01,-5.502381558913616999e+01,3.580990832787733780e-04
1.209000000000000057e+02,1.000000000000000056e-01,-5.502334020260262548e+01,-5.502369680838981481e+01,3.566057871893235642e-04
1.210000000000000000e+02,1.000000000000000056e-01,-5.502322350158961228e+01,-5.502357862006490308e+01,3.551184752907943221e-04
1.211000000000000085e+02,1.000000000000000056e-01,-5.502310738408166202e+01,-5.502346102120672100e+01,3.536371250589809279e-04
1.212000000000000028e+02,1.000000000000000056e-01,-5.502299184716125069e+01,-5.502334400887529142e+01,3.521617140407329316e-04
1.213000000000000114e+02,1.000000000000000056e-01,-5.502287688792544174e+01,-5.502322758014530280e+01,3.506922198610595842e-04
1.214000000000000057e+02,1.000000000000000056e-01,-5.502276250348581499e+01,-5.502311173210602391e+01,3.492286202089189828e-04
1.215000000000000000e+02,1.000000000000000056e-01,-5.502264869096838851e+01,-5.502299646186124704e+01,3.477708928585343529e-04
1.216000000000000085e+02,1.000000000000000056e-01,-5.502253544751354752e+01,-5.502288176652922402e+01,3.463190156764994754e-04
1.217000000000000028e+02,1.000000000000000056e-01,-5.502242277027598050e+01,-5.502276764324255254e+01,3.448729665720406956e-04
1.218000000000000114e+02,1.000000000000000056e-01,-5.502231065642460095e+01,-5.502265408914814060e+01,3.434327235396494871e-04
1.219000000000000057e+02,1.000000000000000056e-01,-5.502219910314247642e+01,-5.502254110140714261e+01,3.419982646661878789e-04
1.220000000000000000e+02,1.000000000000000056e-01,-5.502208810762676450e+01,-5.502242867719485986e+01,3.405695680953613191e-04
1.221000000000000085e+02,1.000000000000000056e-01,-5.502197766708862758e+01,-5.502231681370066951e+01,3.391466120419295294e-04
1.222000000000000028e+02,1.000000000000000056e-01,-5.502186777875318313e+01,-5.502220550812798194e+01,3.377293747988119321e-04
1.223000000000000114e+02,1.000000000000000056e-01,-5.502175843985941839e+01,-5.502209475769415548e+01,3.363178347370876509e-04
1.224000000000000057e+02,1.000000000000000056e-01,-5.502164964766011934e+01,-5.502198455963042534e+01,3.349119703059955100e-04
1.225000000000000000e+02,1.000000000000000056e-01,-5.502154139942182098e+01,-5.502187491118182550e+01,3.335117600045123254e-04
1.226000000000000085e+02,1.000000000000000056e-01,-5.502143369242471493e+01,-5.502176580960715313e+01,3.321171824381963233e-04
1.227000000000000028e+02,1.000000000000000056e-01,-5.502132652396259260e+01,-5.502165725217884784e+01,3.307282162552382943e-04
1.228000000000000114e+02,1.000000000000000056e-01,-5.502121989134278124e+01,-5.502154923618297744e+01,3.293448401961995842e-04
1.229000000000000057e+02,1.000000000000000056e-01,-5.502111379188606577e+01,-5.502144175891913136e+01,3.279670330655903854e-04
1.230000000000000000e+02,1.000000000000000056e-01,-5.502100822292663196e+01,-5.502133481770037804e+01,3.265947737460805911e-04
1.231000000000000085e+02,1.000000000000000056e-01,-5.502090318181199535e+01,-5.502122840985317964e+01,3.252280411842889407e-04
1.232000000000000028e+02,1.000000000000000056e-01,-5.502079866590293733e+01,-5.502112253271732811e+01,3.238668143907830199e-04
1.233000000000000114e+02,1.000000000000000056e-01,-5.502069467257341984e+01,-5.502101718364589544e+01,3.225110724756063973e-04
1.234000000000000057e+02,1.000000000000000056e-01,-5.502059119921054986e+01,-5.502091236000514840e+01,3.211607945985406332e-04
1.235000000000000000e+02,1.000000000000000056e-01,-5.502048824321449416e+01,-5.502080805917449879e+01,3.198159600046324158e-04
1.236000000000000085e+02,1.000000000000000056e-01,-5.502038580199842244e+01,-5.502070427854640400e+01,3.184765479815609979e-04
1.237000000000000028e+02,1.000000000000000056e-01,-5.502028387298842915e+01,-5.502060101552635274e+01,3.171425379235870423e-04
1.238000000000000114e+02,1.000000000000000056e-01,-5.502018245362348381e+01,-5.502049826753276562e+01,3.158139092818146310e-04
1.239000000000000057e+02,1.000000000000000056e-01,-5.502008154135536699e+01,-5.502039603199693119e+01,3.144906415641912645e-04
1.240000000000000000e+02,1.000000000000000056e-01,-5.501998113364859222e+01,-5.502029430636295615e+01,3.131727143639295718e-04
1.241000000000000085e+02,1.000000000000000056e-01,-5.501988122798034908e+01,-5.502019308808770148e+01,3.118601073524018830e-04
1.242000000000000028e+02,1.000000000000000056e-01,-5.501978182184044641e+01,-5.502009237464069713e+01,3.105528002507185192e-04
1.243000000000000114e+02,1.000000000000000056e-01,-5.501968291273124123e+01,-5.501999216350411359e+01,3.092507728723603577e-04
1.244000000000000057e+02,1.000000000000000056e-01,-5.501958449816758190e+01,-5.501989245217264823e+01,3.079540050663354123e-04
1.245000000000000000e+02,1.000000000000000056e-01,-5.501948657567674417e+01,-5.501979323815353240e+01,3.066624767882331071e-04
1.246000000000000085e+02,1.000000000000000056e-01,-5.501938914279836013e+01,-5.501969451896639640e+01,3.053761680362754305e-04
1.247000000000000028e+02,1.000000000000000056e-01,-5.501929219708436847e+01,-5.501959629214326242e+01,3.040950588939494992e-04
1.248000000000000114e+02,1.000000000000000056e-01,-5.501919573609894343e+01,-5.501949855522845212e+01,3.028191295086912760e-04
1.249000000000000057e+02,1.000000000000000056e-01,-5.501909975741845216e+01,-5.501940130577853694e+01,3.015483600847801426e-04
1.250000000000000000e+02,1.000000000000000056e-01,-5.501900425863136235e+01,-5.501930454136227411e+01,3.002827309117606092e-04
1.251000000000000085e+02,1.000000000000000056e-01,-5.501890923733820671e+01,-5.501920825956055694e+01,2.990222223502314591e-04
1.252000000000000028e+02,1.000000000000000056e-01,-5.501881469115151901e+01,-5.501911245796632954e+01,2.977668148105294676e-04
1.253000000000000114e+02,1.000000000000000056e-01,-5.501872061769576305e+01,-5.501901713418453710e+01,2.965164887740456834e-04
1.254000000000000057e+02,1.000000000000000056e-01,-5.501862701460728289e+01,-5.501892228583209743e+01,2.952712248145417107e-04
1.255000000000000000e+02,1.000000000000000056e-01,-5.501853387953424601e+01,-5.501882791053778732e+01,2.940310035413062906e-04
1.256000000000000085e+02,1.000000000000000056e-01,-5.501844121013657229e+01,-5.501873400594222119e+01,2.927958056488932925e-04
1.257000000000000028e+02,1.000000000000000056e-01,-5.501834900408589135e+01,-5.501864056969778005e+01,2.915656118887000048e-04
1.258000000000000114e+02,1.000000000000000056e-01,-5.501825725906546438e+01,-5.501854759946855467e+01,2.903404030902834165e-04
1.259000000000000057e+02,1.000000000000000056e-01,-5.501816597277013443e+01,-5.501845509293028158e+01,2.891201601471493632e-04
1.260000000000000000e+02,1.000000000000000056e-01,-5.501807514290628376e+01,-5.501836304777028630e+01,2.879048640025416717e-04
1.261000000000000085e+02,1.000000000000000056e-01,-5.501798476719175568e+01,-5.501827146168744775e+01,2.866944956920747245e-04
1.262000000000000028e+02,1.000000000000000056e-01,-5.501789484335579772e+01,-5.501818033239210592e+01,2.854890363082063232e-04
1.263000000000000114e+02,1.000000000000000056e-01,-5.501780536913901898e+01,-5.501808965760601211e+01,2.842884669931322605e-04
1.264000000000000057e+02,1.000000000000000056e-01,-5.501771634229332619e+01,-5.501799943506230761e+01,2.830927689814188852e-04
1.265000000000000000e+02,1.000000000000000056e-01,-5.501762776058185977e+01,-5.501790966250541004e+01,2.819019235502651100e-04
1.266000000000000085e+02,1.000000000000000056e-01,-5.501753962177895119e+01,-5.501782033769101332e+01,2.807159120621349757e-04
1.267000000000000028e+02,1.000000000000000056e-01,-5.501745192367005899e+01,-5.501773145838598822e+01,2.795347159292305150e-04
1.268000000000000114e+02,1.000000000000000056e-01,-5.501736466405171200e+01,-5.501764302236834681e+01,2.783583166348080340e-04
1.269000000000000057e+02,1.000000000000000056e-01,-5.501727784073145244e+01,-5.501755502742717852e+01,2.771866957260726849e-04
1.270000000000000000e+02,1.000000000000000056e-01,-5.501719145152779333e+01,-5.501746747136261462e+01,2.760198348212838937e-04
1.271000000000000085e+02,1.000000000000000056e-01,-5.501710549427015451e+01,-5.501738035198573584e+01,2.748577155813336503e-04
1.272000000000000028e+02,1.000000000000000056e-01,-5.501701996679880580e+01,-5.501729366711857239e+01,2.737003197665899279e-04
1.273000000000000114e+02,1.000000000000000056e-01,-5.501693486696481017e+01,-5.501720741459398312e+01,2.725476291729478362e-04
1.274000000000000057e+02,1.000000000000000056e-01,-5.501685019262998821e+01,-5.501712159225565557e+01,2.713996256673567586e-04
1.275000000000000000e+02,1.000000000000000056e-01,-5.501676594166683998e+01,-5.501703619795802780e+01,2.702562911878203522e-04
1.276000000000000085e+02,1.000000000000000056e-01,-5.501668211195850233e+01,-5.501695122956623152e+01,2.691176077291856927e-04
1.277000000000000028e+02,1.000000000000000056e-01,-5.501659870139870634e+01,-5.501686668495606369e+01,2.679835573573541296e-04
1.278000000000000114e+02,1.000000000000000056e-01,-5.501651570789171330e+01,-5.501678256201389416e+01,2.668541221808595765e-04
1.279000000000000057e+02,1.000000000000000056e-01,-5.501643312935225794e+01,-5.501669885863665144e+01,2.657292843935010751e-04
1.280000000000000000e+02,1.000000000000000056e-01,-5.501635096370549860e+01,-5.501661557273173742e+01,2.646090262388156589e-04
1.280999999999999943e+02,1.000000000000000056e-01,-5.501626920888696759e+01,-5.501653270221701320e+01,2.634933300456054894e-04
1.282000000000000171e+02,1.000000000000000056e-01,-5.501618786284253559e+01,-5.501645024502070669e+01,2.623821781710944379e-04
1.283000000000000114e+02,1.000000000000000056e-01,-5.501610692352832643e+01,-5.501636819908137710e+01,2.612755530506660762e-04
1.284000000000000057e+02,1.000000000000000056e-01,-5.501602638891068153e+01,-5.501628656234787940e+01,2.601734371978636773e-04
1.285000000000000000e+02,1.000000000000000056e-01,-5.501594625696613150e+01,-5.501620533277929326e+01,2.590758131617576510e-04
1.285999999999999943e+02,1.000000000000000056e-01,-5.501586652568130376e+01,-5.501612450834486623e+01,2.579826635624726805e-04
1.287000000000000171e+02,1.000000000000000056e-01,-5.501578719305289411e+01,-5.501604408702399240e+01,2.568939710982931501e-04
1.288000000000000114e+02,1.000000000000000056e-01,-5.501570825708763124e+01,-5.501596406680612006e+01,2.558097184888197262e-04
1.289000000000000057e+02,1.000000000000000056e-01,-5.501562971580219141e+01,-5.501588444569075875e+01,2.547298885673399127e-04
1.290000000000000000e+02,1.000000000000000056e-01,-5.501555156722317719e+01,-5.501580522168736564e+01,2.536544641884574958e-04
1.290999999999999943e+02,1.000000000000000056e-01,-5.501547380938706056e+01,-5.501572639281533128e+01,2.525834282707251077e-04
1.292000000000000171e+02,1.000000000000000056e-01,-5.501539644034012611e+01,-5.501564795710394407e+01,2.515167638179605092e-04
1.293000000000000114e+02,1.000000000000000056e-01,-5.501531945813842839e+01,-5.501556991259229079e+01,2.504544538624031702e-04
1.294000000000000057e+02,1.000000000000000056e-01,-5.501524286084773507e+01,-5.501549225732927084e+01,2.493964815357685438e-04
1.295000000000000000e+02,1.000000000000000056e-01,-5.501516664654349853e+01,-5.501541498937348962e+01,2.483428299910883652e-04
1.295999999999999943e+02,1.000000000000000056e-01,-5.501509081331077766e+01,-5.501533810679324432e+01,2.472934824666594977e-04
1.297000000000000171e+02,1.000000000000000056e-01,-5.501501535924422370e+01,-5.501526160766646711e+01,2.462484222434113690e-04
1.298000000000000114e+02,1.000000000000000056e-01,-5.501494028244800205e+01,-5.501518549008067538e+01,2.452076326733276801e-04
1.299000000000000057e+02,1.000000000000000056e-01,-5.501486558103576385e+01,-5.501510975213292909e+01,2.441710971652355511e-04
1.300000000000000000e+02,1.000000000000000056e-01,-5.501479125313058205e+01,-5.501503439192977396e+01,2.431387991919109481e-04
1.300999999999999943e+02,1.000000000000000056e-01,-5.501471729686493006e+01,-5.501495940758719883e+01,2.421107222687624017e-04
1.302000000000000171e+02,1.000000000000000056e-01,-5.501464371038060364e+01,-5.501488479723059299e+01,2.410868499893581429e-04
1.303000000000000114e+02,1.000000000000000056e-01,-5.501457049182869952e+01,-5.501481055899469652e+01,2.400671659970043947e-04
1.304000000000000057e+02,1.000000000000000056e-01,-5.501449763936955861e+01,-5.501473669102354336e+01,2.390516539847453714e-04
1.305000000000000000e+02,1.000000000000000056e-01,-5.501442515117270915e+01,-5.501466319147042583e+01,2.380402977166795608e-04
1.305999999999999943e+02,1.000000000000000056e-01,-5.501435302541684536e+01,-5.501459005849786621e+01,2.370330810208542971e-04
1.307000000000000171e+02,1.000000000000000056e-01,-5.501428126028976351e+01,-5.501451729027753146e+01,2.360299877679494784e-04
1.308000000000000114e+02,1.000000000000000056e-01,-5.501420985398831220e+01,-5.501444488499020480e+01,2.350310018925938493e-04
1.309000000000000057e+02,1.000000000000000056e-01,-5.501413880471837103e+01,-5.501437284082575729e+01,2.340361073862595731e-04
1.310000000000000000e+02,1.000000000000000056e-01,-5.501406811069477953e+01,-5.501430115598307680e+01,2.330452882972622319e-04
1.310999999999999943e+02,1.000000000000000056e-01,-5.501399777014130876e+01,-5.501422982867004663e+01,2.320585287378662542e-04
1.312000000000000171e+02,1.000000000000000056e-01,-5.501392778129060446e+01,-5.501415885710346743e+01,2.310758128629686325e-04
1.313000000000000114e+02,1.000000000000000056e-01,-5.501385814238415151e+01,-5.501408823950905713e+01,2.300971249056260604e-04
1.314000000000000057e+02,1.000000000000000056e-01,-5.501378885167223132e+01,-5.501401797412136574e+01,2.291224491344223679e-04
1.315000000000000000e+02,1.000000000000000056e-01,-5.501371990741387208e+01,-5.501394805918376107e+01,2.281517698889956591e-04
1.315999999999999943e+02,1.000000000000000056e-01,-5.501365130787680613e+01,-5.501387849294835775e+01,2.271850715516166019e-04
1.317000000000000171e+02,1.000000000000000056e-01,-5.501358305133742022e+01,-5.501380927367600293e+01,2.262223385827155653e-04
1.318000000000000114e+02,1.000000000000000056e-01,-5.501351513608073418e+01,-5.501374039963621243e+01,2.252635554782500549e-04
1.319000000000000057e+02,1.000000000000000056e-01,-5.501344756040032991e+01,-5.501367186910712803e+01,2.243087067981264227e-04
1.320000000000000000e+02,1.000000000000000056e-01,-5.501338032259833000e+01,-5.501360368037548199e+01,2.233577771519890121e-04
1.320999999999999943e+02,1.000000000000000056e-01,-5.501331342098534094e+01,-5.501353583173654727e+01,2.224107512063255854e-04
1.322000000000000171e+02,1.000000000000000056e-01,-5.501324685388041758e+01,-5.501346832149411625e+01,2.214676136986781785e-04
1.323000000000000114e+02,1.000000000000000056e-01,-5.501318061961101336e+01,-5.501340114796042968e+01,2.205283494163268188e-04
1.324000000000000057e+02,1.000000000000000056e-01,-5.501311471651295903e+01,-5.501333430945613401e+01,2.195929431749732430e-04
1.325000000000000000e+02,1.000000000000000056e-01,-5.501304914293039161e+01,-5.501326780431026719e+01,2.186613798755843163e-04
1.325999999999999943e+02,1.000000000000000056e-01,-5.501298389721574011e+01,-5.501320163086020187e+01,2.177336444617594680e-04
1.327000000000000171e+02,1.000000000000000056e-01,-5.501291897772966166e+01,-5.501313578745160271e+01,2.168097219410469734e-04
1.328000000000000114e+02,1.000000000000000056e-01,-5.501285438284101303e+01,-5.501307027243836245e+01,2.158895973494168175e-04
1.329000000000000057e+02,1.000000000000000056e-01,-5.501279011092680804e+01,-5.501300508418262325e+01,2.149732558152095407e-04
1.330000000000000000e+02,1.000000000000000056e-01,-5.501272616037217489e+01,-5.501294022105465586e+01,2.140606824809765385e-04
1.330999999999999943e+02,1.000000000000000056e-01,-5.501266252957031355e+01,-5.501287568143289519e+01,2.131518625816397616e-04
1.332000000000000171e+02,1.000000000000000056e-01,-5.501259921692246024e+01,-5.501281146370384079e+01,2.122467813805428705e-04
1.333000000000000114e+02,1.000000000000000056e-01,-5.501253622083784478e+01,-5.501274756626204976e+01,2.113454242049783716e-04
1.334000000000000057e+02,1.000000000000000056e-01,-5.501247353973365506e+01,-5.501268398751007282e+01,2.104477764177659083e-04
1.335000000000000000e+02,1.000000000000000056e-01,-5.501241117203498732e+01,-5.501262072585844720e+01,2.095538234598848248e-04
1.335999999999999943e+02,1.000000000000000056e-01,-5.501234911617481060e+01,-5.501255777972562555e+01,2.086635508149470297e-04
1.337000000000000171e+02,1.000000000000000056e-01,-5.501228737059393836e+01,-5.501249514753794756e+01,2.077769440091969955e-04
1.338000000000000114e+02,1.000000000000000056e-01,-5.501222593374097158e+01,-5.501243282772961152e+01,2.068939886399334682e-04
1.339000000000000057e+02,1.000000000000000056e-01,-5.501216480407226328e+01,-5.501237081874261747e+01,2.060146703541931856e-04
1.340000000000000000e+02,1.000000000000000056e-01,-5.501210398005190427e+01,-5.501230911902673171e+01,2.051389748274345948e-04
1.340999999999999943e+02,1.000000000000000056e-01,-5.501204346015164504e+01,-5.501224772703947252e+01,2.042668878274866984e-04
1.342000000000000171e+02,1.000000000000000056e-01,-5.501198324285088859e+01,-5.501218664124601787e+01,2.033983951292839265e-04
1.343000000000000114e+02,1.000000000000000056e-01,-5.501192332663663365e+01,-5.501212586011923378e+01,2.025334826001312649e-04
1.344000000000000057e+02,1.000000000000000056e-01,-5.501186371000345332e+01,-5.501206538213958197e+01,2.016721361286499814e-04
1.345000000000000000e+02,1.000000000000000056e-01,-5.501180439145343826e+01,-5.501200520579511277e+01,2.008143416745156173e-04
1.345999999999999943e+02,1.000000000000000056e-01,-5.501174536949616822e+01,-5.501194532958140826e+01,1.999600852400362783e-04
1.347000000000000171e+02,1.000000000000000056e-01,-5.501168664264869079e+01,-5.501188575200157516e+01,1.991093528843634886e-04
1.348000000000000114e+02,1.000000000000000056e-01,-5.501162820943545029e+01,-5.501182647156615246e+01,1.982621307021759094e-04
1.349000000000000057e+02,1.000000000000000056e-01,-5.501157006838827357e+01,-5.501176748679313988e+01,1.974184048663119029e-04
1.350000000000000000e+02,1.000000000000000056e-01,-5.501151221804633451e+01,-5.501170879620791254e+01,1.965781615780315406e-04
1.350999999999999943e+02,1.000000000000000056e-01,-5.501145465695610426e+01,-5.501165039834319259e+01,1.957413870883328855e-04
1.352000000000000171e+02,1.000000000000000056e-01,-5.501139738367132281e+01,-5.501159229173904919e+01,1.949080677263737016e-04
1.353000000000000114e+02,1.000000000000000056e-01,-5.501134039675296350e+01,-5.501153447494279192e+01,1.940781898284171803e-04
1.354000000000000057e+02,1.000000000000000056e-01,-5.501128369476919744e+01,-5.501147694650901343e+01,1.932517398159916411e-04
1.355000000000000000e+02,1.000000000000000056e-01,-5.501122727629535092e+01,-5.501141970499949707e+01,1.924287041461525405e-04
1.355999999999999943e+02,1.000000000000000056e-01,-5.501117113991387697e+01,-5.501136274898319556e+01,1.916090693185878990e-04
1.357000000000000171e+02,1.000000000000000056e-01,-5.501111528421430563e+01,-5.501130607703621678e+01,1.907928219111454382e-04
1.358000000000000114e+02,1.000000000000000056e-01,-5.501105970779323684e+01,-5.501124968774174562e+01,1.899799485087783069e-04
1.359000000000000057e+02,1.000000000000000056e-01,-5.501100440925426938e+01,-5.501119357969005819e+01,1.891704357888102095e-04
1.360000000000000000e+02,1.000000000000000056e-01,-5.501094938720800087e+01,-5.501113775147845075e+01,1.883642704498811327e-04
1.360999999999999943e+02,1.000000000000000056e-01,-5.501089464027196385e+01,-5.501108220171120422e+01,1.875614392403690545e-04
1.362000000000000171e+02,1.000000000000000056e-01,-5.501084016707060442e+01,-5.501102692899957702e+01,1.867619289726007992e-04
1.363000000000000114e+02,1.000000000000000056e-01,-5.501078596623525385e+01,-5.501097193196174828e+01,1.859657264944303279e-04
1.364000000000000057e+02,1.000000000000000056e-01,-5.501073203640407883e+01,-5.501091720922279649e+01,1.851728187176604479e-04
1.365000000000000000e+02,1.000000000000000056e-01,-5.501067837622206014e+01,-5.501086275941463555e+01,1.843831925754102485e-04
1.365999999999999943e+02,1.000000000000000056e-01,-5.501062498434095005e+01,-5.501080858117603611e+01,1.835968350860639475e-04
1.367000000000000171e+02,1.000000000000000056e-01,-5.501057185941924388e+01,-5.501075467315251899e+01,1.828137332751111899e-04
1.368000000000000114e+02,1.000000000000000056e-01,-5.501051900012214446e+01,-5.501070103399639777e+01,1.820338742533067489e-04
1.369000000000000057e+02,1.000000000000000056e-01,-5.501046640512153374e+01,-5.501064766236667936e+01,1.812572451456162526e-04
1.370000000000000000e+02,1.000000000000000056e-01,-5.501041407309592302e+01,-5.501059455692907818e+01,1.804838331551650299e-04
1.370999999999999943e+02,1.000000000000000056e-01,-5.501036200273044585e+01,-5.501054171635594514e+01,1.797136254992892646e-04
1.372000000000000171e+02,1.000000000000000056e-01,-5.501031019271679412e+01,-5.501048913932627471e+01,1.789466094805902685e-04
1.373000000000000114e+02,1.000000000000000056e-01,-5.501025864175321090e+01,-5.501043682452563388e+01,1.781827724229856358e-04
1.374000000000000057e+02,1.000000000000000056e-01,-5.501020734854444783e+01,-5.501038477064615506e+01,1.774221017072363793e-04
1.375000000000000000e+02,1.000000000000000056e-01,-5.501015631180172250e+01,-5.501033297638647923e+01,1.766645847567360761e-04
1.375999999999999943e+02,1.000000000000000056e-01,-5.501010553024271132e+01,-5.501028144045174884e+01,1.759102090375108673e-04
1.377000000000000171e+02,1.000000000000000056e-01,-5.501005500259149983e+01,-5.501023016155356515e+01,1.751589620653248858e-04
1.378000000000000114e+02,1.000000000000000056e-01,-5.501000472757853998e+01,-5.501017913840995277e+01,1.744108314127856829e-04
1.379000000000000057e+02,1.000000000000000056e-01,-5.500995470394065023e+01,-5.501012836974533116e+01,1.736658046809225198e-04
1.380000000000000000e+02,1.000000000000000056e-01,-5.500990493042094442e+01,-5.501007785429048624e+01,1.729238695418189309e-04
1.380999999999999943e+02,1.000000000000000056e-01,-5.500985540576883892e+01,-5.501002759078252069e+01,1.721850136817693055e-04
1.382000000000000171e+02,1.000000000000000056e-01,-5.500980612873999576e+01,-5.500997757796483967e+01,1.714492248439114519e-04
1.383000000000000114e+02,1.000000000000000056e-01,-5.500975709809629421e+01,-5.500992781458713665e+01,1.707164908424374516e-04
1.384000000000000057e+02,1.000000000000000056e-01,-5.500970831260580951e+01,-5.500987829940531526e+01,1.699867995057502412e-04
1.385000000000000000e+02,1.000000000000000056e-01,-5.500965977104277727e+01,-5.500982903118148926e+01,1.692601387119907486e-04
1.385999999999999943e+02,1.000000000000000056e-01,-5.500961147218756508e+01,-5.500978000868395412e+01,1.685364963890378931e-04
1.387000000000000171e+02,1.000000000000000056e-01,-5.500956341482662992e+01,-5.500973123068714443e+01,1.678158605145085858e-04
1.388000000000000114e+02,1.000000000000000056e-01,-5.500951559775249677e+01,-5.500968269597161253e+01,1.670982191157577290e-04
1.389000000000000057e+02,1.000000000000000056e-01,-5.500946801976373735e+01,-5.500963440332398591e+01,1.663835602485619347e-04
1.390000000000000000e+02,1.000000000000000056e-01,-5.500942067966492033e+01,-5.500958635153693876e+01,1.656718720184358062e-04
1.390999999999999943e+02,1.000000000000000056e-01,-5.500937357626659718e+01,-5.500953853940918492e+01,1.649631425877373658e-04
1.392000000000000171e+02,1.000000000000000056e-01,-5.500932670838526661e+01,-5.500949096574540675e+01,1.642573601401409178e-04
1.393000000000000114e+02,1.000000000000000056e-01,-5.500928007484333904e+01,-5.500944362935626941e+01,1.635545129303750400e-04
1.394000000000000057e+02,1.000000000000000056e-01,-5.500923367446912238e+01,-5.500939652905836397e+01,1.628545892415900198e-04
1.395000000000000000e+02,1.000000000000000056e-01,-5.500918750609677943e+01,-5.500934966367416479e+01,1.621575773853578539e-04
1.395999999999999943e+02,1.000000000000000056e-01,-5.500914156856629234e+01,-5.500930303203205085e+01,1.614634657585156674e-04
1.397000000000000171e+02,1.000000000000000056e-01,-5.500909586072346258e+01,-5.500925663296622048e+01,1.607722427579005853e-04
1.398000000000000114e+02,1.000000000000000056e-01,-5.500905038141984704e+01,-5.500921046531669134e+01,1.600838968442985788e-04
1.399000000000000057e+02,1.000000000000000056e-01,-5.500900512951275090e+01,-5.500916452792927913e+01,1.593984165282336107e-04
1.400000000000000000e+02,1.000000000000000056e-01,-5.500896010386518498e+01,-5.500911881965554784e+01,1.587157903628622080e-04
1.400999999999999943e+02,1.000000000000000056e-01,-5.500891530334585866e+01,-5.500907333935277421e+01,1.580360069155517522e-04
1.402000000000000171e+02,1.000000000000000056e-01,-5.500887072682913015e+01,-5.500902808588396198e+01,1.573590548318293258e-04
1.403000000000000114e+02,1.000000000000000056e-01,-5.500882637319498514e+01,-5.500898305811776368e+01,1.566849227785382936e-04
1.404000000000000057e+02,1.000000000000000056e-01,-5.500878224132900840e+01,-5.500893825492848777e+01,1.560135994793654390e-04
1.405000000000000000e+02,1.000000000000000056e-01,-5.500873833012236247e+01,-5.500889367519604889e+01,1.553450736864192550e-04
1.405999999999999943e+02,1.000000000000000056e-01,-5.500869463847175211e+01,-5.500884931780596077e+01,1.546793342086516532e-04
1.407000000000000171e+02,1.000000000000000056e-01,-5.500865116527939591e+01,-5.500880518164927224e+01,1.540163698763308275e-04
1.408000000000000114e+02,1.000000000000000056e-01,-5.500860790945299783e+01,-5.500876126562258150e+01,1.533561695836738181e-04
1.409000000000000057e+02,1.000000000000000056e-01,-5.500856486990573302e+01,-5.500871756862799344e+01,1.526987222604248018e-04
1.410000000000000000e+02,1.000000000000000056e-01,-5.500852204555620517e+01,-5.500867408957306992e+01,1.520440168647496648e-04
1.410999999999999943e+02,1.000000000000000056e-01,-5.500847943532842521e+01,-5.500863082737083687e+01,1.513920424116577124e-04
1.412000000000000171e+02,1.000000000000000056e-01,-5.500843703815178287e+01,-5.500858778093974166e+01,1.507427879587908137e-04
1.413000000000000114e+02,1.000000000000000056e-01,-5.500839485296102538e+01,-5.500854494920361759e+01,1.500962425922125476e-04
1.414000000000000057e+02,1.000000000000000056e-01,-5.500835287869622192e+01,-5.500850233109166965e+01,1.494523954477244843e-04
1.415000000000000000e+02,1.000000000000000056e-01,-5.500831111430274234e+01,-5.500845992553843899e+01,1.488112356966553307e-04
1.415999999999999943e+02,1.000000000000000056e-01,-5.500826955873122870e+01,-5.500841773148378877e+01,1.481727525600717854e-04
1.417000000000000171e+02,1.000000000000000056e-01,-5.500822821093757398e+01,-5.500837574787286144e+01,1.475369352874622564e-04
1.418000000000000114e+02,1.000000000000000056e-01,-5.500818706988288653e+01,-5.500833397365606459e+01,1.469037731780531431e-04
1.419000000000000057e+02,1.000000000000000056e-01,-5.500814613453346880e+01,-5.500829240778904961e+01,1.462732555808088364e-04
1.420000000000000000e+02,1.000000000000000056e-01,-5.500810540386080305e+01,-5.500825104923266196e+01,1.456453718589045820e-04
1.420999999999999943e+02,1.000000000000000056e-01,-5.500806487684150170e+01,-5.500820989695292695e+01,1.450201114252536172e-04
1.422000000000000171e+02,1.000000000000000056e-01,-5.500802455245729305e+01,-5.500816894992104977e+01,1.443974637567180253e-04
1.423000000000000114e+02,1.000000000000000056e-01,-5.500798442969500712e+01,-5.500812820711334439e+01,1.437774183372653169e-04
1.424000000000000057e+02,1.000000000000000056e-01,-5.500794450754653298e+01,-5.500808766751124068e+01,1.431599647077064219e-04
1.425000000000000000e+02,1.000000000000000056e-01,-5.500790478500879743e+01,-5.500804733010124892e+01,1.425450924514848339e-04
1.425999999999999943e+02,1.000000000000000056e-01,-5.500786526108375085e+01,-5.500800719387492421e+01,1.419327911733603287e-04
1.427000000000000171e+02,1.000000000000000056e-01,-5.500782593477833160e+01,-5.500796725782886654e+01,1.413230505349361010e-04
1.428000000000000114e+02,1.000000000000000056e-01,-5.500778680510443763e+01,-5.500792752096466387e+01,1.407158602262370550e-04
1.429000000000000057e+02,1.000000000000000056e-01,-5.500774787107891228e+01,-5.500788798228890641e+01,1.401112099941315137e-04
1.430000000000000000e+02,1.000000000000000056e-01,-5.500770913172351584e+01,-5.500784864081310843e+01,1.395090895925932273e-04
1.430999999999999943e+02,1.000000000000000056e-01,-5.500767058606489712e+01,-5.500780949555374377e+01,1.389094888466502198e-04
1.432000000000000171e+02,1.000000000000000056e-01,-5.500763223313457218e+01,-5.500777054553217482e+01,1.383123976026467972e-04
1.433000000000000114e+02,1.000000000000000056e-01,-5.500759407196889583e+01,-5.500773178977465250e+01,1.377178057566652569e-04
1.434000000000000057e+02,1.000000000000000056e-01,-5.500755610160905462e+01,-5.500769322731227362e+01,1.371257032189987513e-04
1.435000000000000000e+02,1.000000000000000056e-01,-5.500751832110100992e+01,-5.500765485718097381e+01,1.365360799638892786e-04
1.435999999999999943e+02,1.000000000000000056e-01,-5.500748072949550505e+01,-5.500761667842150615e+01,1.359489260011059741e-04
1.437000000000000171e+02,1.000000000000000056e-01,-5.500744332584802976e+01,-5.500757869007939860e+01,1.353642313688396825e-04
1.438000000000000114e+02,1.000000000000000056e-01,-5.500740610921879181e+01,-5.500754089120493262e+01,1.347819861408083852e-04
1.439000000000000057e+02,1.000000000000000056e-01,-5.500736907867269565e+01,-5.500750328085314322e+01,1.342021804475734825e-04
1.440000000000000000e+02,1.000000000000000056e-01,-5.500733223327933530e+01,-5.500746585808376921e+01,1.336248044339072294e-04
1.440999999999999943e+02,1.000000000000000056e-01,-5.500729557211293752e+01,-5.500742862196123184e+01,1.330498482943198724e-04
1.442000000000000171e+02,1.000000000000000056e-01,-5.500725909425237603e+01,-5.500739157155462777e+01,1.324773022517433674e-04
1.443000000000000114e+02,1.000000000000000056e-01,-5.500722279878111465e+01,-5.500735470593770060e+01,1.319071565859530892e-04
1.444000000000000057e+02,1.000000000000000056e-01,-5.500718668478720730e+01,-5.500731802418880534e+01,1.313394015980406948e-04
1.445000000000000000e+02,1.000000000000000056e-01,-5.500715075136326959e+01,-5.500728152539089422e+01,1.307740276246249778e-04
1.445999999999999943e+02,1.000000000000000056e-01,-5.500711499760645040e+01,-5.500724520863149536e+01,1.302110250449572959e-04
1.447000000000000171e+02,1.000000000000000056e-01,-5.500707942261841765e+01,-5.500720907300269857e+01,1.296503842809215712e-04
1.448000000000000114e+02,1.000000000000000056e-01,-5.500704402550532279e+01,-5.500717311760109141e+01,1.290920957686125803e-04
1.449000000000000057e+02,1.000000000000000056e-01,-5.500700880537779369e+01,-5.500713734152780177e+01,1.285361500080739461e-04
1.450000000000000000e+02,1.000000000000000056e-01,-5.500697376135090622e+01,-5.500710174388842688e+01,1.279825375206655735e-04
1.450999999999999943e+02,1.000000000000000056e-01,-5.500693889254414870e+01,-5.500706632379301197e+01,1.274312488632745044e-04
1.452000000000000171e+02,1.000000000000000056e-01,-5.500690419808142906e+01,-5.500703108035606448e+01,1.268822746354203446e-04
1.453000000000000114e+02,1.000000000000000056e-01,-5.500686967709102504e+01,-5.500699601269649008e+01,1.263356054650444094e-04
1.454000000000000057e+02,1.000000000000000056e-01,-5.500683532870557002e+01,-5.500696111993759985e+01,1.257912320298260056e-04
1.455000000000000000e+02,1.000000000000000056e-01,-5.500680115206203880e+01,-5.500692640120706756e+01,1.252491450287607222e-04
1.455999999999999943e+02,1.000000000000000056e-01,-5.500676714630172626e+01,-5.500689185563692973e+01,1.247093352034767122e-04
1.457000000000000171e+02,1.000000000000000056e-01,-5.500673331057021898e+01,-5.500685748236353589e+01,1.241717933169184107e-04
1.458000000000000114e+02,1.000000000000000056e-01,-5.500669964401736678e+01,-5.500682328052756276e+01,1.236365101959790991e-04
1.459000000000000057e+02,1.000000000000000056e-01,-5.500666614579728275e+01,-5.500678924927395741e+01,1.231034766746574860e-04
1.460000000000000000e+02,1.000000000000000056e-01,-5.500663281506829350e+01,-5.500675538775193729e+01,1.225726836437956990e-04
1.460999999999999943e+02,1.000000000000000056e-01,-5.500659965099295334e+01,-5.500672169511496179e+01,1.220441220084467204e-04
1.462000000000000171e+02,1.000000000000000056e-01,-5.500656665273798751e+01,-5.500668817052071802e+01,1.215177827305069513e-04
1.463000000000000114e+02,1.000000000000000056e-01,-5.500653381947429921e+01,-5.500665481313108529e+01,1.209936567860836476e-04
1.464000000000000057e+02,1.000000000000000056e-01,-5.500650115037692700e+01,-5.500662162211212092e+01,1.204717351939166292e-04
1.465000000000000000e+02,1.000000000000000056e-01,-5.500646864462504482e+01,-5.500658859663406020e+01,1.199520090153782803e-04
1.465999999999999943e+02,1.000000000000000056e-01,-5.500643630140191931e+01,-5.500655573587125957e+01,1.194344693402626945e-04
1.467000000000000171e+02,1.000000000000000056e-01,-5.500640411989490985e+01,-5.500652303900218953e+01,1.189191072796802473e-04
1.468000000000000114e+02,1.000000000000000056e-01,-5.500637209929543303e+01,-5.500649050520944172e+01,1.184059140086901607e-04
1.469000000000000057e+02,1.000000000000000056e-01,-5.500634023879895551e+01,-5.500645813367965786e+01,1.178948807023516565e-04
1.470000000000000000e+02,1.000000000000000056e-01,-5.500630853760495853e+01,-5.500642592360355820e+01,1.173859985996728028e-04
1.470999999999999943e+02,1.000000000000000056e-01,-5.500627699491693079e+01,-5.500639387417587756e+01,1.168792589467670950e-04
1.472000000000000171e+02,1.000000000000000056e-01,-5.500624560994234713e+01,-5.500636198459538662e+01,1.163746530394860201e-04
1.473000000000000114e+02,1.000000000000000056e-01,-5.500621438189263301e+01,-5.500633025406484222e+01,1.158721722092082018e-04
1.474000000000000057e+02,1.000000000000000056e-01,-5.500618330998317163e+01,-5.500629868179097315e+01,1.153718078015231185e-04
1.475000000000000000e+02,1.000000000000000056e-01,-5.500615239343325413e+01,-5.500626726698448721e+01,1.148735512330745223e-04
1.475999999999999943e+02,1.000000000000000056e-01,-5.500612163146608680e+01,-5.500623600885999309e+01,1.143773939062953104e-04
1.477000000000000171e+02,1.000000000000000056e-01,-5.500609102330875544e+01,-5.500620490663605011e+01,1.138833272946726538e-04
1.478000000000000114e+02,1.000000000000000056e-01,-5.500606056819221124e+01,-5.500617395953509714e+01,1.133913428859045780e-04
1.479000000000000057e+02,1.000000000000000056e-01,-5.500603026535124940e+01,-5.500614316678345261e+01,1.129014322032162454e-04
1.480000000000000000e+02,1.000000000000000056e-01,-5.500600011402449496e+01,-5.500611252761129322e+01,1.124135867982545278e-04
1.480999999999999943e+02,1.000000000000000056e-01,-5.500597011345437437e+01,-5.500608204125264677e+01,1.119277982724042886e-04
1.482000000000000171e+02,1.000000000000000056e-01,-5.500594026288710126e+01,-5.500605170694534962e+01,1.114440582483666731e-04
1.483000000000000114e+02,1.000000000000000056e-01,-5.500591056157266223e+01,-5.500602152393103950e+01,1.109623583772645361e-04
1.484000000000000057e+02,1.000000000000000056e-01,-5.500588100876479558e+01,-5.500599149145514133e+01,1.104826903457478693e-04
1.485000000000000000e+02,1.000000000000000056e-01,-5.500585160372096993e+01,-5.500596160876684593e+01,1.100050458759938010e-04
1.485999999999999943e+02,1.000000000000000056e-01,-5.500582234570236295e+01,-5.500593187511907445e+01,1.095294167114957418e-04
1.487000000000000171e+02,1.000000000000000056e-01,-5.500579323397385423e+01,-5.500590228976849261e+01,1.090557946383796661e-04
1.488000000000000114e+02,1.000000000000000056e-01,-5.500576426780398265e+01,-5.500587285197546095e+01,1.085841714782986855e-04
1.489000000000000057e+02,1.000000000000000056e-01,-5.500573544646496060e+01,-5.500584356100403483e+01,1.081145390742221934e-04
1.490000000000000000e+02,1.000000000000000056e-01,-5.500570676923263846e+01,-5.500581441612193601e+01,1.076468892975412928e-04
1.490999999999999943e+02,1.000000000000000056e-01,-5.500567823538647616e+01,-5.500578541660054555e+01,1.071812140693850779e-04
1.492000000000000171e+02,1.000000000000000056e-01,-5.500564984420954318e+01,-5.500575656171487537e+01,1.067175053321989253e-04
1.493000000000000114e+02,1.000000000000000056e-01,-5.500562159498849724e+01,-5.500572785074353988e+01,1.062557550426390662e-04
1.494000000000000057e+02,1.000000000000000056e-01,-5.500559348701355589e+01,-5.500569928296877720e+01,1.057959552213105781e-04
1.495000000000000000e+02,1.000000000000000056e-01,-5.500556551957848939e+01,-5.500567085767638531e+01,1.053380978959239656e-04
1.495999999999999943e+02,1.000000000000000056e-01,-5.500553769198059939e+01,-5.500564257415572911e+01,1.048821751297168703e-04
1.497000000000000171e+02,1.000000000000000056e-01,-5.500551000352069764e+01,-5.500561443169971909e+01,1.044281790214540706e-04
1.498000000000000114e+02,1.000000000000000056e-01,-5.500548245350309173e+01,-5.500558642960479716e+01,1.039761017054274816e-04
1.499000000000000057e+02,1.000000000000000056e-01,-5.500545504123557805e+01,-5.500555856717090109e+01,1.035259353230344459e-04
1.500000000000000000e+02,1.000000000000000056e-01,-5.500542776602939909e+01,-5.500553084370147872e+01,1.030776720796211521e-04
1.500999999999999943e+02,1.000000000000000056e-01,-5.500540062719925061e+01,-5.500550325850343825e+01,1.026313041876392163e-04
1.502000000000000171e+02,1.000000000000000056e-01,-5.500537362406325315e+01,-5.500547581088714111e+01,1.021868238879619639e-04
1.503000000000000114e+02,1.000000000000000056e-01,-5.500534675594293788e+01,-5.500544850016640197e+01,1.017442234640952847e-04
1.504000000000000057e+02,1.000000000000000056e-01,-5.500532002216322525e+01,-5.500542132565845321e+01,1.013034952279667777e-04
1.505000000000000000e+02,1.000000000000000056e-01,-5.500529342205241079e+01,-5.500539428668393072e+01,1.008646315199257515e-04
1.505999999999999943e+02,1.000000000000000056e-01,-5.500526695494215090e+01,-5.500536738256685254e+01,1.004276247016377965e-04
1.507000000000000171e+02,1.000000000000000056e-01,-5.500524062016744153e+01,-5.500534061263461894e+01,9.999246717740106760e-05
1.508000000000000114e+02,1.000000000000000056e-01,-5.500521441706660397e+01,-5.500531397621798391e+01,9.955915137993542885e-05
1.509000000000000057e+02,1.000000000000000056e-01,-5.500518834498127063e+01,-5.500528747265102680e+01,9.912766975617159915e-05
1.510000000000000000e+02,1.000000000000000056e-01,-5.500516240325636375e+01,-5.500526110127115942e+01,9.869801479567286151e-05
1.510999999999999943e+02,1.000000000000000056e-01,-5.500513659124008115e+01,-5.500523486141910467e+01,9.827017902352963574e-05
1.512000000000000171e+02,1.000000000000000056e-01,-5.500511090828388205e+01,-5.500520875243884689e+01,9.784415496483234165e-05
1.513000000000000114e+02,1.000000000000000056e-01,-5.500508535374246577e+01,-5.500518277367768150e+01,9.741993521572567261e-05
1.514000000000000057e+02,1.000000000000000056e-01,-5.500505992697375035e+01,-5.500515692448612270e+01,9.699751237235432200e-05
1.515000000000000000e+02,1.000000000000000056e-01,-5.500503462733887972e+01,-5.500513120421794611e+01,9.657687906639011999e-05
1.515999999999999943e+02,1.000000000000000056e-01,-5.500500945420218812e+01,-5.500510561223014605e+01,9.615802795792660618e-05
1.517000000000000171e+02,1.000000000000000056e-01,-5.500498440693117885e+01,-5.500508014788291433e+01,9.574095173547902959e-05
1.518000000000000114e+02,1.000000000000000056e-01,-5.500495948489652420e+01,-5.500505481053964019e+01,9.532564311598434870e-05
1.519000000000000057e+02,1.000000000000000056e-01,-5.500493468747204417e+01,-5.500502959956689608e+01,9.491209485190665873e-05
1.520000000000000000e+02,1.000000000000000056e-01,-5.500491001403468516e+01,-5.500500451433440929e+01,9.450029972413176438e-05
1.520999999999999943e+02,1.000000000000000056e-01,-5.500488546396451284e+01,-5.500497955421503349e+01,9.409025052065089767e-05
1.522000000000000171e+02,1.000000000000000056e-01,-5.500486103664469084e+01,-5.500495471858477714e+01,9.368194008629870950e-05
1.523000000000000114e+02,1.000000000000000056e-01,-5.500483673146146657e+01,-5.500493000682273959e+01,9.327536127301527813e-05
1.524000000000000057e+02,1.000000000000000056e-01,-5.500481254780415696e+01,-5.500490541831113234e+01,9.287050697537324595e-05
1.525000000000000000e+02,1.000000000000000056e-01,-5.500478848506513430e+01,-5.500488095243523645e+01,9.246737010215611008e-05
1.525999999999999943e+02,1.000000000000000056e-01,-5.500476454263981196e+01,-5.500485660858340253e+01,9.206594359056907706e-05
1.527000000000000171e+02,1.000000000000000056e-01,-5.500474071992661607e+01,-5.500483238614704362e+01,9.166622042755534494e-05
1.528000000000000114e+02,1.000000000000000056e-01,-5.500471701632698540e+01,-5.500480828452058546e+01,9.126819360005811177e-05
1.529000000000000057e+02,1.000000000000000056e-01,-5.500469343124535015e+01,-5.500478430310148781e+01,9.087185613765313974e-05
1.530000000000000000e+02,1.000000000000000056e-01,-5.500466996408912479e+01,-5.500476044129022313e+01,9.047720109833790048e-05
1.530999999999999943e+02,1.000000000000000056e-01,-5.500464661426867963e+01,-5.500473669849023395e+01,9.008422155432072032e-05
1.532000000000000171e+02,1.000000000000000056e-01,-5.500462338119733374e+01,-5.500471307410795418e+01,8.969291062044248974e-05
1.533000000000000114e+02,1.000000000000000056e-01,-5.500460026429134786e+01,-5.500468956755278072e+01,8.930326143286038132e-05
1.534000000000000057e+02,1.000000000000000056e-01,-5.500457726296988881e+01,-5.500466617823703075e+01,8.891526714194242231e-05
1.535000000000000000e+02,1.000000000000000056e-01,-5.500455437665503666e+01,-5.500464290557598446e+01,8.852892094779463150e-05
1.536000000000000227e+02,1.000000000000000056e-01,-5.500453160477176340e+01,-5.500461974898781392e+01,8.814421605052302766e-05
1.537000000000000171e+02,1.000000000000000056e-01,-5.500450894674790447e+01,-5.500459670789361866e+01,8.776114571418247579e-05
1.538000000000000114e+02,1.000000000000000056e-01,-5.500448640201416595e+01,-5.500457378171734746e+01,8.737970318151155880e-05
1.539000000000000057e+02,1.000000000000000056e-01,-5.500446397000409604e+01,-5.500455096988586945e+01,8.699988177340856055e-05
1.540000000000000000e+02,1.000000000000000056e-01,-5.500444165015407805e+01,-5.500452827182886750e+01,8.662167478945548282e-05
1.541000000000000227e+02,1.000000000000000056e-01,-5.500441944190330901e+01,-5.500450568697890219e+01,8.624507559318317362e-05
1.542000000000000171e+02,1.000000000000000056e-01,-5.500439734469379260e+01,-5.500448321477134073e+01,8.587007754812248095e-05
1.543000000000000114e+02,1.000000000000000056e-01,-5.500437535797032496e+01,-5.500446085464438539e+01,8.549667406043681694e-05
1.544000000000000057e+02,1.000000000000000056e-01,-5.500435348118047330e+01,-5.500443860603903090e+01,8.512485855760587583e-05
1.545000000000000000e+02,1.000000000000000056e-01,-5.500433171377456887e+01,-5.500441646839905019e+01,8.475462448132020654e-05
1.546000000000000227e+02,1.000000000000000056e-01,-5.500431005520569272e+01,-5.500439444117101573e+01,8.438596532300834951e-05
1.547000000000000171e+02,1.000000000000000056e-01,-5.500428850492966149e+01,-5.500437252380424269e+01,8.401887458120427254e-05
1.548000000000000114e+02,1.000000000000000056e-01,-5.500426706240501318e+01,-5.500435071575078894e+01,8.365334577575822550e-05
1.549000000000000057e+02,1.000000000000000056e-01,-5.500424572709298587e+01,-5.500432901646545503e+01,8.328937246915302239e-05
1.550000000000000000e+02,1.000000000000000056e-01,-5.500422449845751771e+01,-5.500430742540575579e+01,8.292694823808233195e-05
1.551000000000000227e+02,1.000000000000000056e-01,-5.500420337596523268e+01,-5.500428594203192034e+01,8.256606668766153234e-05
1.552000000000000171e+02,1.000000000000000056e-01,-5.500418235908540510e+01,-5.500426456580685652e+01,8.220672145142771114e-05
1.553000000000000114e+02,1.000000000000000056e-01,-5.500416144728998091e+01,-5.500424329619615804e+01,8.184890617712881067e-05
1.554000000000000057e+02,1.000000000000000056e-01,-5.500414064005352799e+01,-5.500422213266809024e+01,8.149261456225076472e-05
1.555000000000000000e+02,1.000000000000000056e-01,-5.500411993685325740e+01,-5.500420107469355457e+01,8.113784029717407975e-05
1.556000000000000227e+02,1.000000000000000056e-01,-5.500409933716898792e+01,-5.500418012174610993e+01,8.078457712201725371e-05
1.557000000000000171e+02,1.000000000000000056e-01,-5.500407884048314600e+01,-5.500415927330192289e+01,8.043281877689878456e-05
1.558000000000000114e+02,1.000000000000000056e-01,-5.500405844628073027e+01,-5.500413852883978905e+01,8.008255905878058911e-05
1.559000000000000057e+02,1.000000000000000056e-01,-5.500403815404932573e+01,-5.500411788784109035e+01,7.973379176462458418e-05
1.560000000000000000e+02,1.000000000000000056e-01,-5.500401796327908244e+01,-5.500409734978979515e+01,7.938651071270896864e-05
1.561000000000000227e+02,1.000000000000000056e-01,-5.500399787346268710e+01,-5.500407691417246525e+01,7.904070977815536025e-05
1.562000000000000171e+02,1.000000000000000056e-01,-5.500397788409537014e+01,-5.500405658047819912e+01,7.869638282897994941e-05
1.563000000000000114e+02,1.000000000000000056e-01,-5.500395799467489155e+01,-5.500403634819866028e+01,7.835352376872606328e-05
1.564000000000000057e+02,1.000000000000000056e-01,-5.500393820470151951e+01,-5.500401621682803466e+01,7.801212651514788377e-05
1.565000000000000000e+02,1.000000000000000056e-01,-5.500391851367800911e+01,-5.500399618586303774e+01,7.767218502863215690e-05
1.566000000000000227e+02,1.000000000000000056e-01,-5.500389892110961654e+01,-5.500397625480289321e+01,7.733369327667105608e-05
1.567000000000000171e+02,1.000000000000000056e-01,-5.500387942650407069e+01,-5.500395642314933298e+01,7.699664526228389150e-05
1.568000000000000114e+02,1.000000000000000056e-01,-5.500386002937155183e+01,-5.500393669040654743e+01,7.666103499559540069e-05
1.569000000000000057e+02,1.000000000000000056e-01,-5.500384072922469159e+01,-5.500391705608123516e+01,7.632685654357374005e-05
1.570000000000000000e+02,1.000000000000000056e-01,-5.500382152557856585e+01,-5.500389751968252483e+01,7.599410395897621129e-05
1.571000000000000227e+02,1.000000000000000056e-01,-5.500380241795067349e+01,-5.500387808072201068e+01,7.566277133719268022e-05
1.572000000000000171e+02,1.000000000000000056e-01,-5.500378340586092207e+01,-5.500385873871371700e+01,7.533285279492929476e-05
1.573000000000000114e+02,1.000000000000000056e-01,-5.500376448883162084e+01,-5.500383949317409815e+01,7.500434247731391224e-05
1.574000000000000057e+02,1.000000000000000056e-01,-5.500374566638745932e+01,-5.500382034362200301e+01,7.467723454368524472e-05
1.575000000000000000e+02,1.000000000000000056e-01,-5.500372693805552160e+01,-5.500380128957869630e+01,7.435152317469828631e-05
1.576000000000000227e+02,1.000000000000000056e-01,-5.500370830336524364e+01,-5.500378233056782307e+01,7.402720257942974058e-05
1.577000000000000171e+02,1.000000000000000056e-01,-5.500368976184842040e+01,-5.500376346611541578e+01,7.370426699537802051e-05
1.578000000000000114e+02,1.000000000000000056e-01,-5.500367131303917745e+01,-5.500374469574985881e+01,7.338271068135782116e-05
1.579000000000000057e+02,1.000000000000000056e-01,-5.500365295647398511e+01,-5.500372601900188840e+01,7.306252790328926494e-05
1.580000000000000000e+02,1.000000000000000056e-01,-5.500363469169161590e+01,-5.500370743540459273e+01,7.274371297683046578e-05
1.581000000000000227e+02,1.000000000000000056e-01,-5.500361651823315867e+01,-5.500368894449336921e+01,7.242626021053411023e-05
1.582000000000000171e+02,1.000000000000000056e-01,-5.500359843564199025e+01,-5.500367054580595294e+01,7.211016396269087636e-05
1.583000000000000114e+02,1.000000000000000056e-01,-5.500358044346378250e+01,-5.500365223888236699e+01,7.179541858448601488e-05
1.584000000000000057e+02,1.000000000000000056e-01,-5.500356254124646682e+01,-5.500363402326495077e+01,7.148201848394819535e-05
1.585000000000000000e+02,1.000000000000000056e-01,-5.500354472854023413e+01,-5.500361589849830324e+01,7.116995806910608735e-05
1.586000000000000227e+02,1.000000000000000056e-01,-5.500352700489753488e+01,-5.500359786412930418e+01,7.085923176930464251e-05
1.587000000000000171e+02,1.000000000000000056e-01,-5.500350936987305062e+01,-5.500357991970710003e+01,7.054983404941594927e-05
1.588000000000000114e+02,1.000000000000000056e-01,-5.500349182302368689e+01,-5.500356206478306831e+01,7.024175938141752340e-05
1.589000000000000057e+02,1.000000000000000056e-01,-5.500347436390856615e+01,-5.500354429891084607e+01,6.993500227991944485e-05
1.590000000000000000e+02,1.000000000000000056e-01,-5.500345699208902062e+01,-5.500352662164628015e+01,6.962955725953179353e-05
1.591000000000000227e+02,1.000000000000000056e-01,-5.500343970712857811e+01,-5.500350903254744139e+01,6.932541886328635883e-05
1.592000000000000171e+02,1.000000000000000056e-01,-5.500342250859293358e+01,-5.500349153117459622e+01,6.902258166263663952e-05
1.593000000000000114e+02,1.000000000000000056e-01,-5.500340539604997048e+01,-5.500347411709021372e+01,6.872104024324698912e-05
1.594000000000000057e+02,1.000000000000000056e-01,-5.500338836906971807e+01,-5.500345678985894438e+01,6.842078922630889792e-05
1.595000000000000000e+02,1.000000000000000056e-01,-5.500337142722437278e+01,-5.500343954904759158e+01,6.812182321880300151e-05
1.596000000000000227e+02,1.000000000000000056e-01,-5.500335457008824847e+01,-5.500342239422514723e+01,6.782413689876420904e-05
1.597000000000000171e+02,1.000000000000000056e-01,-5.500333779723780481e+01,-5.500340532496274193e+01,6.752772493712200230e-05
1.598000000000000114e+02,1.000000000000000056e-01,-5.500332110825161891e+01,-5.500338834083363082e+01,6.723258201191129046e-05
1.599000000000000057e+02,1.000000000000000056e-01,-5.500330450271036398e+01,-5.500337144141322199e+01,6.693870285801040154e-05
1.600000000000000000e+02,1.000000000000000056e-01,-5.500328798019680931e+01,-5.500335462627902672e+01,6.664608221740309091e-05
1.601000000000000227e+02,1.000000000000000056e-01,-5.500327154029582744e+01,-5.500333789501065951e+01,6.635471483207311394e-05
1.602000000000000171e+02,1.000000000000000056e-01,-5.500325518259435142e+01,-5.500332124718983806e+01,6.606459548663679016e-05
1.603000000000000114e+02,1.000000000000000056e-01,-5.500323890668138205e+01,-5.500330468240037618e+01,6.577571899413214851e-05
1.604000000000000057e+02,1.000000000000000056e-01,-5.500322271214797354e+01,-5.500328820022814114e+01,6.548808016759721795e-05
1.605000000000000000e+02,1.000000000000000056e-01,-5.500320659858723360e+01,-5.500327180026108209e+01,6.520167384849173686e-05
1.606000000000000227e+02,1.000000000000000056e-01,-5.500319056559429498e+01,-5.500325548208920168e+01,6.491649490669715306e-05
1.607000000000000171e+02,1.000000000000000056e-01,-5.500317461276632258e+01,-5.500323924530454889e+01,6.463253822630576906e-05
1.608000000000000114e+02,1.000000000000000056e-01,-5.500315873970249214e+01,-5.500322308950119066e+01,6.434979869851531475e-05
1.609000000000000057e+02,1.000000000000000056e-01,-5.500314294600398313e+01,-5.500320701427524028e+01,6.406827125715608418e-05
1.610000000000000000e+02,1.000000000000000056e-01,-5.500312723127396453e+01,-5.500319101922481480e+01,6.378795085026922607e-05
1.611000000000000227e+02,1.000000000000000056e-01,-5.500311159511759485e+01,-5.500317510395003495e+01,6.350883244010674389e-05
1.612000000000000171e+02,1.000000000000000056e-01,-5.500309603714200790e+01,-5.500315926805301814e+01,6.323091101023692318e-05
1.613000000000000114e+02,1.000000000000000056e-01,-5.500308055695629861e+01,-5.500314351113786415e+01,6.295418156554433153e-05
1.614000000000000057e+02,1.000000000000000056e-01,-5.500306515417151587e+01,-5.500312783281065521e+01,6.267863913933524600e-05
1.615000000000000000e+02,1.000000000000000056e-01,-5.500304982840065549e+01,-5.500311223267943461e+01,6.240427877912679833e-05
1.616000000000000227e+02,1.000000000000000056e-01,-5.500303457925865303e+01,-5.500309671035418546e+01,6.213109553243612027e-05
1.617000000000000171e+02,1.000000000000000056e-01,-5.500301940636236253e+01,-5.500308126544685905e+01,6.185908449651833507e-05
1.618000000000000114e+02,1.000000000000000056e-01,-5.500300430933054940e+01,-5.500306589757133224e+01,6.158824078283942072e-05
1.619000000000000057e+02,1.000000000000000056e-01,-5.500298928778389751e+01,-5.500305060634340037e+01,6.131855950286535517e-05
1.620000000000000000e+02,1.000000000000000056e-01,-5.500297434134498076e+01,-5.500303539138079145e+01,6.105003581069468055e-05
1.621000000000000227e+02,1.000000000000000056e-01,-5.500295946963825600e+01,-5.500302025230311642e+01,6.078266486042593897e-05
1.622000000000000171e+02,1.000000000000000056e-01,-5.500294467229006301e+01,-5.500300518873191180e+01,6.051644184879023669e-05
1.623000000000000114e+02,1.000000000000000056e-01,-5.500292994892861032e+01,-5.500299020029058283e+01,6.025136197251867998e-05
1.624000000000000057e+02,1.000000000000000056e-01,-5.500291529918396805e+01,-5.500297528660441770e+01,5.998742044965865716e-05
1.625000000000000000e+02,1.000000000000000056e-01,-5.500290072268804664e+01,-5.500296044730056622e+01,5.972461251957383865e-05
1.626000000000000227e+02,1.000000000000000056e-01,-5.500288621907460396e+01,-5.500294568200806111e+01,5.946293345715503165e-05
1.627000000000000171e+02,1.000000000000000056e-01,-5.500287178797923104e+01,-5.500293099035775413e+01,5.920237852308218862e-05
1.628000000000000114e+02,1.000000000000000056e-01,-5.500285742903933794e+01,-5.500291637198235861e+01,5.894294302066782620e-05
1.629000000000000057e+02,1.000000000000000056e-01,-5.500284314189413948e+01,-5.500290182651641402e+01,5.868462227454074309e-05
1.630000000000000000e+02,1.000000000000000056e-01,-5.500282892618466946e+01,-5.500288735359627879e+01,5.842741160932973798e-05
1.631000000000000227e+02,1.000000000000000056e-01,-5.500281478155374515e+01,-5.500287295286014455e+01,5.817130639940160108e-05
1.632000000000000171e+02,1.000000000000000056e-01,-5.500280070764597440e+01,-5.500285862394797221e+01,5.791630199780684052e-05
1.633000000000000114e+02,1.000000000000000056e-01,-5.500278670410774140e+01,-5.500284436650155584e+01,5.766239381443938328e-05
1.634000000000000057e+02,1.000000000000000056e-01,-5.500277277058719960e+01,-5.500283018016444458e+01,5.740957724498230164e-05
1.635000000000000000e+02,1.000000000000000056e-01,-5.500275890673426460e+01,-5.500281606458198524e+01,5.715784772064580466e-05
1.636000000000000227e+02,1.000000000000000056e-01,-5.500274511220059281e+01,-5.500280201940128677e+01,5.690720069395638347e-05
1.637000000000000171e+02,1.000000000000000056e-01,-5.500273138663958861e+01,-5.500278804427122026e+01,5.665763163165138394e-05
1.638000000000000114e+02,1.000000000000000056e-01,-5.500271772970639006e+01,-5.500277413884240474e+01,5.640913601467900662e-05
1.639000000000000057e+02,1.000000000000000056e-01,-5.500270414105785477e+01,-5.500276030276720718e+01,5.616170935240916151e-05
1.640000000000000000e+02,1.000000000000000056e-01,-5.500269062035256695e+01,-5.500274653569972116e+01,5.591534715421175861e-05
1.641000000000000227e+02,1.000000000000000056e-01,-5.500267716725080192e+01,-5.500273283729577400e+01,5.567004497208927205e-05
1.642000000000000171e+02,1.000000000000000056e-01,-5.500266378141454737e+01,-5.500271920721289831e+01,5.542579835093874863e-05
1.643000000000000114e+02,1.000000000000000056e-01,-5.500265046250747503e+01,-5.500270564511033911e+01,5.518260286407894455e-05
1.644000000000000057e+02,1.000000000000000056e-01,-5.500263721019494056e+01,-5.500269215064905381e+01,5.494045411325032546e-05
1.645000000000000000e+02,1.000000000000000056e-01,-5.500262402414396234e+01,-5.500267872349167675e+01,5.469934771440421173e-05
1.646000000000000227e+02,1.000000000000000056e-01,-5.500261090402324271e+01,-5.500266536330252620e+01,5.445927928349192371e-05
1.647000000000000171e+02,1.000000000000000056e-01,-5.500259784950312536e+01,-5.500265206974759735e+01,5.422024447199191854e-05
1.648000000000000114e+02,1.000000000000000056e-01,-5.500258486025560956e+01,-5.500263884249454804e+01,5.398223893848808075e-05
1.649000000000000057e+02,1.000000000000000056e-01,-5.500257193595432881e+01,-5.500262568121269879e+01,5.374525836998600425e-05
1.650000000000000000e+02,1.000000000000000056e-01,-5.500255907627455798e+01,-5.500261258557301858e+01,5.350929846059671036e-05
1.651000000000000227e+02,1.000000000000000056e-01,-5.500254628089318487e+01,-5.500259955524811062e+01,5.327435492574750242e-05
1.652000000000000171e+02,1.000000000000000056e-01,-5.500253354948871731e+01,-5.500258658991221949e+01,5.304042350218196589e-05
1.653000000000000114e+02,1.000000000000000056e-01,-5.500252088174127607e+01,-5.500257368924121693e+01,5.280749994085454091e-05
1.654000000000000057e+02,1.000000000000000056e-01,-5.500250827733256642e+01,-5.500256085291257335e+01,5.257558000693052236e-05
1.655000000000000000e+02,1.000000000000000056e-01,-5.500249573594590657e+01,-5.500254808060538636e+01,5.234465947978605982e-05
1.656000000000000227e+02,1.000000000000000056e-01,-5.500248325726617793e+01,-5.500253537200034515e+01,5.211473416721901231e-05
1.657000000000000171e+02,1.000000000000000056e-01,-5.500247084097984640e+01,-5.500252272677974474e+01,5.188579989834352091e-05
1.658000000000000114e+02,1.000000000000000056e-01,-5.500245848677494820e+01,-5.500251014462743626e+01,5.165785248806287200e-05
1.659000000000000057e+02,1.000000000000000056e-01,-5.500244619434107562e+01,-5.500249762522887664e+01,5.143088780101834345e-05
1.660000000000000000e+02,1.000000000000000056e-01,-5.500243396336936996e+01,-5.500248516827107892e+01,5.120490170895664050e-05
1.661000000000000227e+02,1.000000000000000056e-01,-5.500242179355252148e+01,-5.500247277344261931e+01,5.097989009783532310e-05
1.662000000000000171e+02,1.000000000000000056e-01,-5.500240968458476232e+01,-5.500246044043362303e+01,5.075584886071737856e-05
1.663000000000000114e+02,1.000000000000000056e-01,-5.500239763616183808e+01,-5.500244816893576427e+01,5.053277392619293096e-05
1.664000000000000057e+02,1.000000000000000056e-01,-5.500238564798102914e+01,-5.500243595864225910e+01,5.031066122995753176e-05
1.665000000000000000e+02,1.000000000000000056e-01,-5.500237371974112222e+01,-5.500242380924784413e+01,5.008950672191758713e-05
1.666000000000000227e+02,1.000000000000000056e-01,-5.500236185114241749e+01,-5.500241172044878368e+01,4.986930636619035795e-05
1.667000000000000171e+02,1.000000000000000056e-01,-5.500235004188670729e+01,-5.500239969194286260e+01,4.965005615531481453e-05
1.668000000000000114e+02,1.000000000000000056e-01,-5.500233829167727606e+01,-5.500238772342937210e+01,4.943175209604078191e-05
1.669000000000000057e+02,1.000000000000000056e-01,-5.500232660021888620e+01,-5.500237581460908132e+01,4.921439019511808510e-05
1.670000000000000000e+02,1.000000000000000056e-01,-5.500231496721779223e+01,-5.500236396518428705e+01,4.899796649482368593e-05
1.671000000000000227e+02,1.000000000000000056e-01,-5.500230339238170529e+01,-5.500235217485874273e+01,4.878247703743454622e-05
1.672000000000000171e+02,1.000000000000000056e-01,-5.500229187541980025e+01,-5.500234044333769390e+01,4.856791789364933720e-05
1.673000000000000114e+02,1.000000000000000056e-01,-5.500228041604270146e+01,-5.500232877032784984e+01,4.835428514837758485e-05
1.674000000000000057e+02,1.000000000000000056e-01,-5.500226901396248991e+01,-5.500231715553738354e+01,4.814157489363424247e-05
1.675000000000000000e+02,1.000000000000000056e-01,-5.500225766889267476e+01,-5.500230559867592461e+01,4.792978324985597283e-05
1.676000000000000227e+02,1.000000000000000056e-01,-5.500224638054821469e+01,-5.500229409945455217e+01,4.771890633747943866e-05
1.677000000000000171e+02,1.000000000000000056e-01,-5.500223514864547525e+01,-5.500228265758578772e+01,4.750894031246843952e-05
1.678000000000000114e+02,1.000000000000000056e-01,-5.500222397290225018e+01,-5.500227127278358807e+01,4.729988133789220228e-05
1.679000000000000057e+02,1.000000000000000056e-01,-5.500221285303774010e+01,-5.500225994476331692e+01,4.709172557681995386e-05
1.680000000000000000e+02,1.000000000000000056e-01,-5.500220178877255250e+01,-5.500224867324178746e+01,4.688446923495348528e-05
1.681000000000000227e+02,1.000000000000000056e-01,-5.500219077982868754e+01,-5.500223745793720553e+01,4.667810851799458760e-05
1.682000000000000171e+02,1.000000000000000056e-01,-5.500217982592954513e+01,-5.500222629856919099e+01,4.647263964585590656e-05
1.683000000000000114e+02,1.000000000000000056e-01,-5.500216892679989655e+01,-5.500221519485874921e+01,4.626805885266094265e-05
1.684000000000000057e+02,1.000000000000000056e-01,-5.500215808216589863e+01,-5.500220414652829959e+01,4.606436240095490575e-05
1.685000000000000000e+02,1.000000000000000056e-01,-5.500214729175507244e+01,-5.500219315330162573e+01,4.586154655328300578e-05
1.686000000000000227e+02,1.000000000000000056e-01,-5.500213655529629619e+01,-5.500218221490390391e+01,4.565960760771758942e-05
1.687000000000000171e+02,1.000000000000000056e-01,-5.500212587251981233e+01,-5.500217133106166756e+01,4.545854185522557600e-05
1.688000000000000114e+02,1.000000000000000056e-01,-5.500211524315721334e+01,-5.500216050150281433e+01,4.525834560098473958e-05
1.689000000000000057e+02,1.000000000000000056e-01,-5.500210466694142752e+01,-5.500214972595661322e+01,4.505901518569999098e-05
1.690000000000000000e+02,1.000000000000000056e-01,-5.500209414360671900e+01,-5.500213900415367618e+01,4.486054695718166840e-05
1.691000000000000227e+02,1.000000000000000056e-01,-5.500208367288868772e+01,-5.500212833582595096e+01,4.466293726324011004e-05
1.692000000000000171e+02,1.000000000000000056e-01,-5.500207325452424101e+01,-5.500211772070673533e+01,4.446618249431821823e-05
1.693000000000000114e+02,1.000000000000000056e-01,-5.500206288825162204e+01,-5.500210715853064869e+01,4.427027902664804060e-05
1.694000000000000057e+02,1.000000000000000056e-01,-5.500205257381036716e+01,-5.500209664903363205e+01,4.407522326488333420e-05
1.695000000000000000e+02,1.000000000000000056e-01,-5.500204231094131302e+01,-5.500208619195294801e+01,4.388101163499413815e-05
1.696000000000000227e+02,1.000000000000000056e-01,-5.500203209938660365e+01,-5.500207578702717370e+01,4.368764057005591894e-05
1.697000000000000171e+02,1.000000000000000056e-01,-5.500202193888966917e+01,-5.500206543399618653e+01,4.349510651735499778e-05
1.698000000000000114e+02,1.000000000000000056e-01,-5.500201182919521870e+01,-5.500205513260115708e+01,4.330340593838855057e-05
1.699000000000000057e+02,1.000000000000000056e-01,-5.500200177004924029e+01,-5.500204488258454205e+01,4.311253530175918058e-05
1.700000000000000000e+02,1.000000000000000056e-01,-5.500199176119899391e+01,-5.500203468369010551e+01,4.292249111159662789e-05
1.701000000000000227e+02,1.000000000000000056e-01,-5.500198180239299717e+01,-5.500202453566286920e+01,4.273326987203063254e-05
1.702000000000000171e+02,1.000000000000000056e-01,-5.500197189338103243e+01,-5.500201443824911962e+01,4.254486808719093460e-05
1.703000000000000114e+02,1.000000000000000056e-01,-5.500196203391412553e+01,-5.500200439119643647e+01,4.235728231094526564e-05
1.704000000000000057e+02,1.000000000000000056e-01,-5.500195222374455284e+01,-5.500199439425364289e+01,4.217050909005592985e-05
1.705000000000000000e+02,1.000000000000000056e-01,-5.500194246262582709e+01,-5.500198444717080548e+01,4.198454497839065880e-05
1.706000000000000227e+02,1.000000000000000056e-01,-5.500193275031269735e+01,-5.500197454969924848e+01,4.179938655113346613e-05
1.707000000000000171e+02,1.000000000000000056e-01,-5.500192308656113482e+01,-5.500196470159153961e+01,4.161503040478464754e-05
1.708000000000000114e+02,1.000000000000000056e-01,-5.500191347112832574e+01,-5.500195490260146869e+01,4.143147314294992611e-05
1.709000000000000057e+02,1.000000000000000056e-01,-5.500190390377268557e+01,-5.500194515248406901e+01,4.124871138344587962e-05
1.710000000000000000e+02,1.000000000000000056e-01,-5.500189438425382349e+01,-5.500193545099558179e+01,4.106674175829994056e-05
1.711000000000000227e+02,1.000000000000000056e-01,-5.500188491233255661e+01,-5.500192579789347036e+01,4.088556091375039614e-05
1.712000000000000171e+02,1.000000000000000056e-01,-5.500187548777089575e+01,-5.500191619293640599e+01,4.070516551024638829e-05
1.713000000000000114e+02,1.000000000000000056e-01,-5.500186611033203832e+01,-5.500190663588426077e+01,4.052555222244791366e-05
1.714000000000000057e+02,1.000000000000000056e-01,-5.500185677978037546e+01,-5.500189712649812179e+01,4.034671774633125096e-05
1.715000000000000000e+02,1.000000000000000056e-01,-5.500184749588147071e+01,-5.500188766454023437e+01,4.016865876366182420e-05
1.716000000000000227e+02,1.000000000000000056e-01,-5.500183825840205998e+01,-5.500187824977406592e+01,3.999137200594304886e-05
1.717000000000000171e+02,1.000000000000000056e-01,-5.500182906711005160e+01,-5.500186888196423496e+01,3.981485418336205839e-05
1.718000000000000114e+02,1.000000000000000056e-01,-5.500181992177449786e+01,-5.500185956087655370e+01,3.963910205584397772e-05
1.719000000000000057e+02,1.000000000000000056e-01,-5.500181082216562345e+01,-5.500185028627798545e+01,3.946411236199764971e-05
1.720000000000000000e+02,1.000000000000000056e-01,-5.500180176805479704e+01,-5.500184105793667300e+01,3.928988187595905401e-05
1.721000000000000227e+02,1.000000000000000056e-01,-5.500179275921452415e+01,-5.500183187562191023e+01,3.911640738607502499e-05
1.722000000000000171e+02,1.000000000000000056e-01,-5.500178379541845430e+01,-5.500182273910412789e+01,3.894368567358696964e-05
1.723000000000000114e+02,1.000000000000000056e-01,-5.500177487644135965e+01,-5.500181364815492202e+01,3.877171356236885913e-05
1.724000000000000057e+02,1.000000000000000056e-01,-5.500176600205915634e+01,-5.500180460254701131e+01,3.860048785497838253e-05
1.725000000000000000e+02,1.000000000000000056e-01,-5.500175717204886183e+01,-5.500179560205425844e+01,3.843000539660579307e-05
1.726000000000000227e+02,1.000000000000000056e-01,-5.500174838618861628e+01,-5.500178664645164872e+01,3.826026303244134397e-05
1.727000000000000171e+02,1.000000000000000056e-01,-5.500173964425767537e+01,-5.500177773551529725e+01,3.809125762188614317e-05
1.728000000000000114e+02,1.000000000000000056e-01,-5.500173094603638901e+01,-5.500176886902242757e+01,3.792298603855215333e-05
1.729000000000000057e+02,1.000000000000000056e-01,-5.500172229130620849e+01,-5.500176004675137165e+01,3.775544516315676447e-05
1.730000000000000000e+02,1.000000000000000056e-01,-5.500171367984967929e+01,-5.500175126848157703e+01,3.758863189773364866e-05
1.731000000000000227e+02,1.000000000000000056e-01,-5.500170511145043406e+01,-5.500174253399358548e+01,3.742254315142190535e-05
1.732000000000000171e+02,1.000000000000000056e-01,-5.500169658589318544e+01,-5.500173384306903301e+01,3.725717584757148870e-05
1.733000000000000114e+02,1.000000000000000056e-01,-5.500168810296371902e+01,-5.500172519549064987e+01,3.709252693084863495e-05
1.734000000000000057e+02,1.000000000000000056e-01,-5.500167966244890039e+01,-5.500171659104224631e+01,3.692859334591958032e-05
1.735000000000000000e+02,1.000000000000000056e-01,-5.500167126413665386e+01,-5.500170802950870552e+01,3.676537205166141575e-05
1.736000000000000227e+02,1.000000000000000056e-01,-5.500166290781596956e+01,-5.500169951067599072e+01,3.660286002116208692e-05
1.737000000000000171e+02,1.000000000000000056e-01,-5.500165459327688922e+01,-5.500169103433113094e+01,3.644105424172039420e-05
1.738000000000000114e+02,1.000000000000000056e-01,-5.500164632031050616e+01,-5.500168260026222100e+01,3.627995171484599268e-05
1.739000000000000057e+02,1.000000000000000056e-01,-5.500163808870895110e+01,-5.500167420825840026e+01,3.611954944915396482e-05
1.740000000000000000e+02,1.000000000000000056e-01,-5.500162989826540638e+01,-5.500166585810987385e+01,3.595984446747024776e-05
1.741000000000000227e+02,1.000000000000000056e-01,-5.500162174877407750e+01,-5.500165754960789144e+01,3.580083381393706077e-05
1.742000000000000171e+02,1.000000000000000056e-01,-5.500161364003020736e+01,-5.500164928254473296e+01,3.564251452559119571e-05
1.743000000000000114e+02,1.000000000000000056e-01,-5.500160557183005494e+01,-5.500164105671372283e+01,3.548488366789115389e-05
1.744000000000000057e+02,1.000000000000000056e-01,-5.500159754397090239e+01,-5.500163287190921579e+01,3.532793831340086399e-05
1.745000000000000000e+02,1.000000000000000056e-01,-5.500158955625104795e+01,-5.500162472792659685e+01,3.517167554889510939e-05
1.746000000000000227e+02,1.000000000000000056e-01,-5.500158160846979172e+01,-5.500161662456225287e+01,3.501609246114867346e-05
1.747000000000000171e+02,1.000000000000000056e-01,-5.500157370042744276e+01,-5.500160856161361522e+01,3.486118617246347640e-05
1.748000000000000114e+02,1.000000000000000056e-01,-5.500156583192530491e+01,-5.500160053887909584e+01,3.470695379093058364e-05
1.749000000000000057e+02,1.000000000000000056e-01,-5.500155800276567675e+01,-5.500159255615812981e+01,3.455339245306277007e-05
1.750000000000000000e+02,1.000000000000000056e-01,-5.500155021275185163e+01,-5.500158461325115411e+01,3.440049930247823795e-05
1.751000000000000227e+02,1.000000000000000056e-01,-5.500154246168808925e+01,-5.500157670995959336e+01,3.424827150411147159e-05
1.752000000000000171e+02,1.000000000000000056e-01,-5.500153474937965115e+01,-5.500156884608586694e+01,3.409670621579152794e-05
1.753000000000000114e+02,1.000000000000000056e-01,-5.500152707563275101e+01,-5.500156102143336767e+01,3.394580061666374604e-05
1.754000000000000057e+02,1.000000000000000056e-01,-5.500151944025459017e+01,-5.500155323580649025e+01,3.379555190008431964e-05
1.755000000000000000e+02,1.000000000000000056e-01,-5.500151184305331498e+01,-5.500154548901058860e+01,3.364595727362029720e-05
1.756000000000000227e+02,1.000000000000000056e-01,-5.500150428383804524e+01,-5.500153778085199008e+01,3.349701394483872718e-05
1.757000000000000171e+02,1.000000000000000056e-01,-5.500149676241885288e+01,-5.500153011113798840e+01,3.334871913551751277e-05
1.758000000000000114e+02,1.000000000000000056e-01,-5.500148927860676196e+01,-5.500152247967685071e+01,3.320107008875083920e-05
1.759000000000000057e+02,1.000000000000000056e-01,-5.500148183221372733e+01,-5.500151488627778917e+01,3.305406406184374646e-05
1.760000000000000000e+02,1.000000000000000056e-01,-5.500147442305265599e+01,-5.500150733075095388e+01,3.290769829789041978e-05
1.761000000000000227e+02,1.000000000000000056e-01,-5.500146705093739286e+01,-5.500149981290746837e+01,3.276197007551218121e-05
1.762000000000000171e+02,1.000000000000000056e-01,-5.500145971568270653e+01,-5.500149233255938697e+01,3.261687668043578014e-05
1.763000000000000114e+02,1.000000000000000056e-01,-5.500145241710429644e+01,-5.500148488951969483e+01,3.247241539838796598e-05
1.764000000000000057e+02,1.000000000000000056e-01,-5.500144515501877152e+01,-5.500147748360232214e+01,3.232858355062262490e-05
1.765000000000000000e+02,1.000000000000000056e-01,-5.500143792924367858e+01,-5.500147011462210855e+01,3.218537842997193366e-05
1.766000000000000227e+02,1.000000000000000056e-01,-5.500143073959745976e+01,-5.500146278239484587e+01,3.204279738611148787e-05
1.767000000000000171e+02,1.000000000000000056e-01,-5.500142358589947378e+01,-5.500145548673721407e+01,3.190083774029517372e-05
1.768000000000000114e+02,1.000000000000000056e-01,-5.500141646796997463e+01,-5.500144822746682394e+01,3.175949684930401418e-05
1.769000000000000057e+02,1.000000000000000056e-01,-5.500140938563012583e+01,-5.500144100440220285e+01,3.161877207702445958e-05
1.770000000000000000e+02,1.000000000000000056e-01,-5.500140233870197193e+01,-5.500143381736276638e+01,3.147866079444838761e-05
1.771000000000000227e+02,1.000000000000000056e-01,-5.500139532700845990e+01,-5.500142666616883247e+01,3.133916037256767595e-05
1.772000000000000171e+02,1.000000000000000056e-01,-5.500138835037341778e+01,-5.500141955064162858e+01,3.120026821079591173e-05
1.773000000000000114e+02,1.000000000000000056e-01,-5.500138140862154756e+01,-5.500141247060327032e+01,3.106198172275753677e-05
1.774000000000000057e+02,1.000000000000000056e-01,-5.500137450157843944e+01,-5.500140542587674730e+01,3.092429830786613820e-05
1.775000000000000000e+02,1.000000000000000056e-01,-5.500136762907055044e+01,-5.500139841628594439e+01,3.078721539395701257e-05
1.776000000000000227e+02,1.000000000000000056e-01,-5.500136079092519736e+01,-5.500139144165562044e+01,3.065073042307631113e-05
1.777000000000000171e+02,1.000000000000000056e-01,-5.500135398697057099e+01,-5.500138450181140826e+01,3.051484083727018515e-05
1.778000000000000114e+02,1.000000000000000056e-01,-5.500134721703571472e+01,-5.500137759657981462e+01,3.037954409990106797e-05
1.779000000000000057e+02,1.000000000000000056e-01,-5.500134048095053885e+01,-5.500137072578821318e+01,3.024483767433139292e-05
1.780000000000000000e+02,1.000000000000000056e-01,-5.500133377854578498e+01,-5.500136388926482311e+01,3.011071903813444806e-05
1.781000000000000227e+02,1.000000000000000056e-01,-5.500132710965305449e+01,-5.500135708683873048e+01,2.997718567598894879e-05
1.782000000000000171e+02,1.000000000000000056e-01,-5.500132047410478719e+01,-5.500135031833988819e+01,2.984423510099531995e-05
1.783000000000000114e+02,1.000000000000000056e-01,-5.500131387173426134e+01,-5.500134358359907338e+01,2.971186481204313168e-05
1.784000000000000057e+02,1.000000000000000056e-01,-5.500130730237558652e+01,-5.500133688244791585e+01,2.958007232933823616e-05
1.785000000000000000e+02,1.000000000000000056e-01,-5.500130076586371075e+01,-5.500133021471889094e+01,2.944885518019191295e-05
1.786000000000000227e+02,1.000000000000000056e-01,-5.500129426203439209e+01,-5.500132358024529822e+01,2.931821090612629632e-05
1.787000000000000171e+02,1.000000000000000056e-01,-5.500128779072421992e+01,-5.500131697886128279e+01,2.918813706287437526e-05
1.788000000000000114e+02,1.000000000000000056e-01,-5.500128135177060074e+01,-5.500131041040181401e+01,2.905863121327456611e-05
1.789000000000000057e+02,1.000000000000000056e-01,-5.500127494501175107e+01,-5.500130387470266413e+01,2.892969091305985785e-05
1.790000000000000000e+02,1.000000000000000056e-01,-5.500126857028669036e+01,-5.500129737160045806e+01,2.880131376770123097e-05
1.791000000000000227e+02,1.000000000000000056e-01,-5.500126222743525517e+01,-5.500129090093260231e+01,2.867349734714252918e-05
1.792000000000000171e+02,1.000000000000000056e-01,-5.500125591629807786e+01,-5.500128446253734182e+01,2.854623926396016032e-05
1.793000000000000114e+02,1.000000000000000056e-01,-5.500124963671658662e+01,-5.500127805625371025e+01,2.841953712362510487e-05
1.794000000000000057e+02,1.000000000000000056e-01,-5.500124338853300543e+01,-5.500127168192155125e+01,2.829338854581919804e-05
1.795000000000000000e+02,1.000000000000000056e-01,-5.500123717159033987e+01,-5.500126533938151141e+01,2.816779117154055712e-05
1.796000000000000227e+02,1.000000000000000056e-01,-5.500123098573239133e+01,-5.500125902847501891e+01,2.804274262757644465e-05
1.797000000000000171e+02,1.000000000000000056e-01,-5.500122483080372859e+01,-5.500125274904429773e+01,2.791824056913583263e-05
1.798000000000000114e+02,1.000000000000000056e-01,-5.500121870664970913e+01,-5.500124650093237477e+01,2.779428266563854777e-05
1.799000000000000057e+02,1.000000000000000056e-01,-5.500121261311645782e+01,-5.500124028398303722e+01,2.767086657939898942e-05
1.800000000000000000e+02,1.000000000000000056e-01,-5.500120655005087400e+01,-5.500123409804086805e+01,2.754798999404783899e-05
1.801000000000000227e+02,1.000000000000000056e-01,-5.500120051730061732e+01,-5.500122794295121054e+01,2.742565059321577792e-05
1.802000000000000171e+02,1.000000000000000056e-01,-5.500119451471411480e+01,-5.500122181856018955e+01,2.730384607474434233e-05
1.803000000000000114e+02,1.000000000000000056e-01,-5.500118854214054664e+01,-5.500121572471469733e+01,2.718257415068592309e-05
1.804000000000000057e+02,1.000000000000000056e-01,-5.500118259942984622e+01,-5.500120966126238642e+01,2.706183254019833839e-05
1.805000000000000000e+02,1.000000000000000056e-01,-5.500117668643270008e+01,-5.500120362805166963e+01,2.694161896954483382e-05
1.806000000000000227e+02,1.000000000000000056e-01,-5.500117080300053374e+01,-5.500119762493172004e+01,2.682193118630493700e-05
1.807000000000000171e+02,1.000000000000000056e-01,-5.500116494898553299e+01,-5.500119165175245683e+01,2.670276692384732087e-05
1.808000000000000114e+02,1.000000000000000056e-01,-5.500115912424060838e+01,-5.500118570836454523e+01,2.658412393685694042e-05
1.809000000000000057e+02,1.000000000000000056e-01,-5.500115332861940232e+01,-5.500117979461940365e+01,2.646600000133503272e-05
1.810000000000000000e+02,1.000000000000000056e-01,-5.500114756197630328e+01,-5.500117391036918946e+01,2.634839288617740749e-05
1.811000000000000227e+02,1.000000000000000056e-01,-5.500114182416642450e+01,-5.500116805546679899e+01,2.623130037449072915e-05
1.812000000000000171e+02,1.000000000000000056e-01,-5.500113611504558975e+01,-5.500116222976585334e+01,2.611472026359251686e-05
1.813000000000000114e+02,1.000000000000000056e-01,-5.500113043447036176e+01,-5.500115643312071256e+01,2.599865035080028974e-05
1.814000000000000057e+02,1.000000000000000056e-01,-5.500112478229800672e+01,-5.500115066538646147e+01,2.588308845474784903e-05
1.815000000000000000e+02,1.000000000000000056e-01,-5.500111915838651555e+01,-5.500114492641890251e+01,2.576803238696356857e-05
1.816000000000000227e+02,1.000000000000000056e-01,-5.500111356259458262e+01,-5.500113921607457002e+01,2.565347998739753166e-05
1.817000000000000171e+02,1.000000000000000056e-01,-5.500110799478161283e+01,-5.500113353421069462e+01,2.553942908178896687e-05
1.818000000000000114e+02,1.000000000000000056e-01,-5.500110245480770743e+01,-5.500112788068523173e+01,2.542587752429881220e-05
1.819000000000000057e+02,1.000000000000000056e-01,-5.500109694253367110e+01,-5.500112225535684729e+01,2.531282317619343303e-05
1.820000000000000000e+02,1.000000000000000056e-01,-5.500109145782100484e+01,-5.500111665808490358e+01,2.520026389873919470e-05
1.821000000000000227e+02,1.000000000000000056e-01,-5.500108600053189889e+01,-5.500111108872946630e+01,2.508819756741331730e-05
1.822000000000000171e+02,1.000000000000000056e-01,-5.500108057052923982e+01,-5.500110554715131173e+01,2.497662207190387562e-05
1.823000000000000114e+02,1.000000000000000056e-01,-5.500107516767659632e+01,-5.500110003321189112e+01,2.486553529479351710e-05
1.824000000000000057e+02,1.000000000000000056e-01,-5.500106979183821210e+01,-5.500109454677335918e+01,2.475493514708659859e-05
1.825000000000000000e+02,1.000000000000000056e-01,-5.500106444287902008e+01,-5.500108908769855276e+01,2.464481953268204961e-05
1.826000000000000227e+02,1.000000000000000056e-01,-5.500105912066462821e+01,-5.500108365585099079e+01,2.453518636258422703e-05
1.827000000000000171e+02,1.000000000000000056e-01,-5.500105382506130525e+01,-5.500107825109488857e+01,2.442603358332462449e-05
1.828000000000000114e+02,1.000000000000000056e-01,-5.500104855593600206e+01,-5.500107287329511507e+01,2.431735911301302622e-05
1.829000000000000057e+02,1.000000000000000056e-01,-5.500104331315632322e+01,-5.500106752231723561e+01,2.420916091239178058e-05
1.830000000000000000e+02,1.000000000000000056e-01,-5.500103809659054122e+01,-5.500106219802746210e+01,2.410143692088695389e-05
1.831000000000000227e+02,1.000000000000000056e-01,-5.500103290610758933e+01,-5.500105690029270278e+01,2.399418511345174920e-05
1.832000000000000171e+02,1.000000000000000056e-01,-5.500102774157705454e+01,-5.500105162898049826e+01,2.388740344372308755e-05
1.833000000000000114e+02,1.000000000000000056e-01,-5.500102260286917044e+01,-5.500104638395907841e+01,2.378108990797045408e-05
1.834000000000000057e+02,1.000000000000000056e-01,-5.500101748985482430e+01,-5.500104116509731256e+01,2.367524248825247923e-05
1.835000000000000000e+02,1.000000000000000056e-01,-5.500101240240555001e+01,-5.500103597226472374e+01,2.356985917373322081e-05
1.836000000000000227e+02,1.000000000000000056e-01,-5.500100734039352091e+01,-5.500103080533149580e+01,2.346493797489301869e-05
1.837000000000000171e+02,1.000000000000000056e-01,-5.500100230369154986e+01,-5.500102566416845917e+01,2.336047690931764009e-05
1.838000000000000114e+02,1.000000000000000056e-01,-5.500099729217308919e+01,-5.500102054864707668e+01,2.325647398748742489e-05
1.839000000000000057e+02,1.000000000000000056e-01,-5.500099230571222364e+01,-5.500101545863946484e+01,2.315292724119899503e-05
1.840000000000000000e+02,1.000000000000000056e-01,-5.500098734418366320e+01,-5.500101039401837255e+01,2.304983470935439982e-05
1.841000000000000227e+02,1.000000000000000056e-01,-5.500098240746274314e+01,-5.500100535465718110e+01,2.294719443796111591e-05
1.842000000000000171e+02,1.000000000000000056e-01,-5.500097749542543113e+01,-5.500100034042991126e+01,2.284500448013204732e-05
1.843000000000000114e+02,1.000000000000000056e-01,-5.500097260794830589e+01,-5.500099535121120198e+01,2.274326289608552543e-05
1.844000000000000057e+02,1.000000000000000056e-01,-5.500096774490856433e+01,-5.500099038687632458e+01,2.264196776025073632e-05
1.845000000000000000e+02,1.000000000000000056e-01,-5.500096290618402151e+01,-5.500098544730116856e+01,2.254111714705686609e-05
1.846000000000000227e+02,1.000000000000000056e-01,-5.500095809165310357e+01,-5.500098053236224871e+01,2.244070914514395554e-05
1.847000000000000171e+02,1.000000000000000056e-01,-5.500095330119484061e+01,-5.500097564193669086e+01,2.234074185025747283e-05
1.848000000000000114e+02,1.000000000000000056e-01,-5.500094853468886669e+01,-5.500097077590223194e+01,2.224121336524831349e-05
1.849000000000000057e+02,1.000000000000000056e-01,-5.500094379201541983e+01,-5.500096593413721990e+01,2.214212180007280040e-05
1.850000000000000000e+02,1.000000000000000056e-01,-5.500093907305534202e+01,-5.500096111652061381e+01,2.204346527179268378e-05
1.851000000000000227e+02,1.000000000000000056e-01,-5.500093437769006499e+01,-5.500095632293196957e+01,2.194524190457514123e-05
1.852000000000000171e+02,1.000000000000000056e-01,-5.500092970580161733e+01,-5.500095155325144702e+01,2.184744982969277771e-05
1.853000000000000114e+02,1.000000000000000056e-01,-5.500092505727261027e+01,-5.500094680735981001e+01,2.175008719973448024e-05
1.854000000000000057e+02,1.000000000000000056e-01,-5.500092043198624481e+01,-5.500094208513839789e+01,2.165315215307828112e-05
1.855000000000000000e+02,1.000000000000000056e-01,-5.500091582982631166e+01,-5.500093738646916819e+01,2.155664285652392209e-05
1.856000000000000227e+02,1.000000000000000056e-01,-5.500091125067717712e+01,-5.500093271123464689e+01,2.146055746976571754e-05
1.857000000000000171e+02,1.000000000000000056e-01,-5.500090669442379010e+01,-5.500092805931795681e+01,2.136489416670883656e-05
1.858000000000000114e+02,1.000000000000000056e-01,-5.500090216095166795e+01,-5.500092343060280342e+01,2.126965113546930297e-05
1.859000000000000057e+02,1.000000000000000056e-01,-5.500089765014691068e+01,-5.500091882497345352e+01,2.117482654284685850e-05
1.860000000000000000e+02,1.000000000000000056e-01,-5.500089316189617961e+01,-5.500091424231478499e+01,2.108041860537923640e-05
1.861000000000000227e+02,1.000000000000000056e-01,-5.500088869608669739e+01,-5.500090968251221568e+01,2.098642551828788783e-05
1.862000000000000171e+02,1.000000000000000056e-01,-5.500088425260626224e+01,-5.500090514545175324e+01,2.089284549100511867e-05
1.863000000000000114e+02,1.000000000000000056e-01,-5.500087983134323366e+01,-5.500090063101998084e+01,2.079967674717408954e-05
1.864000000000000057e+02,1.000000000000000056e-01,-5.500087543218651831e+01,-5.500089613910402875e+01,2.070691751043796103e-05
1.865000000000000000e+02,1.000000000000000056e-01,-5.500087105502558416e+01,-5.500089166959160281e+01,2.061456601865074845e-05
1.866000000000000227e+02,1.000000000000000056e-01,-5.500086669975045339e+01,-5.500088722237096306e+01,2.052262050966646711e-05
1.867000000000000171e+02,1.000000000000000056e-01,-5.500086236625170244e+01,-5.500088279733092378e+01,2.043107922133913235e-05
1.868000000000000114e+02,1.000000000000000056e-01,-5.500085805442044062e+01,-5.500087839436086767e+01,2.033994042704989624e-05
1.869000000000000057e+02,1.000000000000000056e-01,-5.500085376414833860e+01,-5.500087401335071746e+01,2.024920237886362884e-05
1.870000000000000000e+02,1.000000000000000056e-01,-5.500084949532759993e+01,-5.500086965419094298e+01,2.015886334305605487e-05
1.871000000000000227e+02,1.000000000000000056e-01,-5.500084524785096107e+01,-5.500086531677256829e+01,2.006892160721918117e-05
1.872000000000000171e+02,1.000000000000000056e-01,-5.500084102161170563e+01,-5.500086100098716457e+01,1.997937545894501454e-05
1.873000000000000114e+02,1.000000000000000056e-01,-5.500083681650365008e+01,-5.500085670672682170e+01,1.989022317161470710e-05
1.874000000000000057e+02,1.000000000000000056e-01,-5.500083263242112963e+01,-5.500085243388419798e+01,1.980146306834740244e-05
1.875000000000000000e+02,1.000000000000000056e-01,-5.500082846925902658e+01,-5.500084818235246331e+01,1.971309343673510739e-05
1.876000000000000227e+02,1.000000000000000056e-01,-5.500082432691273482e+01,-5.500084395202533472e+01,1.962511259989696555e-05
1.877000000000000171e+02,1.000000000000000056e-01,-5.500082020527817406e+01,-5.500083974279704790e+01,1.953751887384669317e-05
1.878000000000000114e+02,1.000000000000000056e-01,-5.500081610425178269e+01,-5.500083555456237150e+01,1.945031058880886121e-05
1.879000000000000057e+02,1.000000000000000056e-01,-5.500081202373052491e+01,-5.500083138721660703e+01,1.936348608211346800e-05
1.880000000000000000e+02,1.000000000000000056e-01,-5.500080796361186941e+01,-5.500082724065556761e+01,1.927704369819593921e-05
1.881000000000000227e+02,1.000000000000000056e-01,-5.500080392379381067e+01,-5.500082311477558505e+01,1.919098177438627317e-05
1.882000000000000171e+02,1.000000000000000056e-01,-5.500079990417484055e+01,-5.500081900947351699e+01,1.910529867643617763e-05
1.883000000000000114e+02,1.000000000000000056e-01,-5.500079590465396961e+01,-5.500081492464672550e+01,1.901999275588650562e-05
1.884000000000000057e+02,1.000000000000000056e-01,-5.500079192513069870e+01,-5.500081086019309140e+01,1.893506239269981961e-05
1.885000000000000000e+02,1.000000000000000056e-01,-5.500078796550504734e+01,-5.500080681601100707e+01,1.885050595973325471e-05
1.886000000000000227e+02,1.000000000000000056e-01,-5.500078402567752534e+01,-5.500080279199936228e+01,1.876632183694937339e-05
1.887000000000000171e+02,1.000000000000000056e-01,-5.500078010554913988e+01,-5.500079878805756550e+01,1.868250842562702019e-05
1.888000000000000114e+02,1.000000000000000056e-01,-5.500077620502139553e+01,-5.500079480408550836e+01,1.859906411283418493e-05
1.889000000000000057e+02,1.000000000000000056e-01,-5.500077232399628713e+01,-5.500079083998359408e+01,1.851598730695513950e-05
1.890000000000000000e+02,1.000000000000000056e-01,-5.500076846237630690e+01,-5.500078689565271617e+01,1.843327640926872846e-05
1.891000000000000227e+02,1.000000000000000056e-01,-5.500076462006442313e+01,-5.500078297099427971e+01,1.835092985658093312e-05
1.892000000000000171e+02,1.000000000000000056e-01,-5.500076079696410147e+01,-5.500077906591015164e+01,1.826894605017059803e-05
1.893000000000000114e+02,1.000000000000000056e-01,-5.500075699297928367e+01,-5.500077518030271762e+01,1.818732343394913187e-05
1.894000000000000057e+02,1.000000000000000056e-01,-5.500075320801438750e+01,-5.500077131407482511e+01,1.810606043761708861e-05
1.895000000000000000e+02,1.000000000000000056e-01,-5.500074944197431392e+01,-5.500076746712982612e+01,1.802515551219130430e-05
1.896000000000000227e+02,1.000000000000000056e-01,-5.500074569476443997e+01,-5.500076363937154866e+01,1.794460710868861497e-05
1.897000000000000171e+02,1.000000000000000056e-01,-5.500074196629061873e+01,-5.500075983070429686e+01,1.786441367812585668e-05
1.898000000000000114e+02,1.000000000000000056e-01,-5.500073825645916514e+01,-5.500075604103284377e+01,1.778457367862529281e-05
1.899000000000000057e+02,1.000000000000000056e-01,-5.500073456517687021e+01,-5.500075227026246694e+01,1.770508559673089621e-05
1.900000000000000000e+02,1.000000000000000056e-01,-5.500073089235098678e+01,-5.500074851829887734e+01,1.762594789056493028e-05
1.901000000000000227e+02,1.000000000000000056e-01,-5.500072723788922957e+01,-5.500074478504828335e+01,1.754715905377679519e-05
1.902000000000000171e+02,1.000000000000000056e-01,-5.500072360169978225e+01,-5.500074107041736227e+01,1.746871758001589114e-05
1.903000000000000114e+02,1.000000000000000056e-01,-5.500071998369128323e+01,-5.500073737431323195e+01,1.739062194872076361e-05
1.904000000000000057e+02,1.000000000000000056e-01,-5.500071638377282568e+01,-5.500073369664350764e+01,1.731287068196252221e-05
1.905000000000000000e+02,1.000000000000000056e-01,-5.500071280185396461e+01,-5.500073003731623089e+01,1.723546226628513978e-05
1.906000000000000227e+02,1.000000000000000056e-01,-5.500070923784469556e+01,-5.500072639623992643e+01,1.715839523086515328e-05
1.907000000000000171e+02,1.000000000000000056e-01,-5.500070569165546885e+01,-5.500072277332356663e+01,1.708166809777367234e-05
1.908000000000000114e+02,1.000000000000000056e-01,-5.500070216319718952e+01,-5.500071916847657150e+01,1.700527938197637923e-05
1.909000000000000057e+02,1.000000000000000056e-01,-5.500069865238120315e+01,-5.500071558160883001e+01,1.692922762686066562e-05
1.910000000000000000e+02,1.000000000000000056e-01,-5.500069515911929585e+01,-5.500071201263067167e+01,1.685351137581392322e-05
1.911000000000000227e+02,1.000000000000000056e-01,-5.500069168332370140e+01,-5.500070846145285941e+01,1.677812915801268900e-05
1.912000000000000171e+02,1.000000000000000056e-01,-5.500068822490707987e+01,-5.500070492798661803e+01,1.670307953816063673e-05
1.913000000000000114e+02,1.000000000000000056e-01,-5.500068478378254611e+01,-5.500070141214361996e+01,1.662836107385601281e-05
1.914000000000000057e+02,1.000000000000000056e-01,-5.500068135986363416e+01,-5.500069791383595685e+01,1.655397232269706365e-05
1.915000000000000000e+02,1.000000000000000056e-01,-5.500067795306431861e+01,-5.500069443297618221e+01,1.647991186359831772e-05
1.916000000000000227e+02,1.000000000000000056e-01,-5.500067456329900040e+01,-5.500069096947726166e+01,1.640617826126344880e-05
1.917000000000000171e+02,1.000000000000000056e-01,-5.500067119048250674e+01,-5.500068752325261556e+01,1.633277010881784008e-05
1.918000000000000114e+02,1.000000000000000056e-01,-5.500066783453009123e+01,-5.500068409421609061e+01,1.625968599938687476e-05
1.919000000000000057e+02,1.000000000000000056e-01,-5.500066449535744084e+01,-5.500068068228195273e+01,1.618692451188508130e-05
1.920000000000000000e+02,1.000000000000000056e-01,-5.500066117288065470e+01,-5.500067728736490835e+01,1.611448425364869763e-05
1.921000000000000227e+02,1.000000000000000056e-01,-5.500065786701625115e+01,-5.500067390938008316e+01,1.604236383201396166e-05
1.922000000000000171e+02,1.000000000000000056e-01,-5.500065457768116772e+01,-5.500067054824302915e+01,1.597056186142253864e-05
1.923000000000000114e+02,1.000000000000000056e-01,-5.500065130479276121e+01,-5.500066720386971042e+01,1.589907694921066650e-05
1.924000000000000057e+02,1.000000000000000056e-01,-5.500064804826880049e+01,-5.500066387617653163e+01,1.582790773113629257e-05
1.925000000000000000e+02,1.000000000000000056e-01,-5.500064480802745948e+01,-5.500066056508028822e+01,1.575705282874650948e-05
1.926000000000000227e+02,1.000000000000000056e-01,-5.500064158398732417e+01,-5.500065727049820197e+01,1.568651087779926456e-05
1.927000000000000171e+02,1.000000000000000056e-01,-5.500063837606738559e+01,-5.500065399234792096e+01,1.561628053536878724e-05
1.928000000000000114e+02,1.000000000000000056e-01,-5.500063518418704689e+01,-5.500065073054747700e+01,1.554636043010759749e-05
1.929000000000000057e+02,1.000000000000000056e-01,-5.500063200826610910e+01,-5.500064748501532819e+01,1.547674921908992474e-05
1.930000000000000000e+02,1.000000000000000056e-01,-5.500062884822477827e+01,-5.500064425567034476e+01,1.540744556649542574e-05
1.931000000000000227e+02,1.000000000000000056e-01,-5.500062570398365125e+01,-5.500064104243178065e+01,1.533844812939832991e-05
1.932000000000000171e+02,1.000000000000000056e-01,-5.500062257546372990e+01,-5.500063784521931609e+01,1.526975558618914874e-05
1.933000000000000114e+02,1.000000000000000056e-01,-5.500061946258641399e+01,-5.500063466395301504e+01,1.520136660104753901e-05
1.934000000000000057e+02,1.000000000000000056e-01,-5.500061636527347986e+01,-5.500063149855333933e+01,1.513327985946943954e-05
1.935000000000000000e+02,1.000000000000000056e-01,-5.500061328344711598e+01,-5.500062834894117003e+01,1.506549405405621656e-05
1.936000000000000227e+02,1.000000000000000056e-01,-5.500061021702988029e+01,-5.500062521503775059e+01,1.499800787030380889e-05
1.937000000000000171e+02,1.000000000000000056e-01,-5.500060716594472865e+01,-5.500062209676473657e+01,1.493082000791901010e-05
1.938000000000000114e+02,1.000000000000000056e-01,-5.500060413011500771e+01,-5.500061899404418142e+01,1.486392917371404110e-05
1.939000000000000057e+02,1.000000000000000056e-01,-5.500060110946443359e+01,-5.500061590679850809e+01,1.479733407450112281e-05
1.940000000000000000e+02,1.000000000000000056e-01,-5.500059810391711324e+01,-5.500061283495053033e+01,1.473103341709247616e-05
1.941000000000000227e+02,1.000000000000000056e-01,-5.500059511339753016e+01,-5.500060977842346688e+01,1.466502593672203147e-05
1.942000000000000171e+02,1.000000000000000056e-01,-5.500059213783054446e+01,-5.500060673714089177e+01,1.459931034730743704e-05
1.943000000000000114e+02,1.000000000000000056e-01,-5.500058917714139284e+01,-5.500060371102677692e+01,1.453388538408262320e-05
1.944000000000000057e+02,1.000000000000000056e-01,-5.500058623125568857e+01,-5.500060070000547086e+01,1.446874978228152031e-05
1.945000000000000000e+02,1.000000000000000056e-01,-5.500058330009940732e+01,-5.500059770400169157e+01,1.440390228424348606e-05
1.946000000000000227e+02,1.000000000000000056e-01,-5.500058038359890844e+01,-5.500059472294054785e+01,1.433934163941330553e-05
1.947000000000000171e+02,1.000000000000000056e-01,-5.500057748168091365e+01,-5.500059175674750378e+01,1.427506659013033641e-05
1.948000000000000114e+02,1.000000000000000056e-01,-5.500057459427250706e+01,-5.500058880534841421e+01,1.421107590715564584e-05
1.949000000000000057e+02,1.000000000000000056e-01,-5.500057172130114225e+01,-5.500058586866948929e+01,1.414736834703944623e-05
1.950000000000000000e+02,1.000000000000000056e-01,-5.500056886269463519e+01,-5.500058294663730862e+01,1.408394267343737738e-05
1.951000000000000227e+02,1.000000000000000056e-01,-5.500056601838116421e+01,-5.500058003917882843e+01,1.402079766421593376e-05
1.952000000000000171e+02,1.000000000000000056e-01,-5.500056318828925583e+01,-5.500057714622135308e+01,1.395793209724160988e-05
1.953000000000000114e+02,1.000000000000000056e-01,-5.500056037234780604e+01,-5.500057426769256352e+01,1.389534475748632758e-05
1.954000000000000057e+02,1.000000000000000056e-01,-5.500055757048606608e+01,-5.500057140352049601e+01,1.383303442992200871e-05
1.955000000000000000e+02,1.000000000000000056e-01,-5.500055478263363540e+01,-5.500056855363354913e+01,1.377099991373142984e-05
1.956000000000000227e+02,1.000000000000000056e-01,-5.500055200872046868e+01,-5.500056571796047677e+01,1.370924000809736754e-05
1.957000000000000171e+02,1.000000000000000056e-01,-5.500054924867686879e+01,-5.500056289643037388e+01,1.364775350509717100e-05
1.958000000000000114e+02,1.000000000000000056e-01,-5.500054650243348675e+01,-5.500056008897271909e+01,1.358653923233532623e-05
1.959000000000000057e+02,1.000000000000000056e-01,-5.500054376992132177e+01,-5.500055729551731076e+01,1.352559598899460980e-05
1.960000000000000000e+02,1.000000000000000056e-01,-5.500054105107171409e+01,-5.500055451599432388e+01,1.346492260978493505e-05
1.961000000000000227e+02,1.000000000000000056e-01,-5.500053834581635215e+01,-5.500055175033426025e+01,1.340451790809993327e-05
1.962000000000000171e+02,1.000000000000000056e-01,-5.500053565408727252e+01,-5.500054899846799117e+01,1.334438071864951780e-05
1.963000000000000114e+02,1.000000000000000056e-01,-5.500053297581683864e+01,-5.500054626032670768e+01,1.328450986903817466e-05
1.964000000000000057e+02,1.000000000000000056e-01,-5.500053031093775502e+01,-5.500054353584196321e+01,1.322490420818667189e-05
1.965000000000000000e+02,1.000000000000000056e-01,-5.500052765938306720e+01,-5.500054082494563801e+01,1.316556257080492287e-05
1.966000000000000227e+02,1.000000000000000056e-01,-5.500052502108615471e+01,-5.500053812756996763e+01,1.310648381291912301e-05
1.967000000000000171e+02,1.000000000000000056e-01,-5.500052239598072390e+01,-5.500053544364752156e+01,1.304766679766089510e-05
1.968000000000000114e+02,1.000000000000000056e-01,-5.500051978400082220e+01,-5.500053277311118194e+01,1.298911035974015249e-05
1.969000000000000057e+02,1.000000000000000056e-01,-5.500051718508081677e+01,-5.500053011589420748e+01,1.293081339071022740e-05
1.970000000000000000e+02,1.000000000000000056e-01,-5.500051459915541585e+01,-5.500052747193015534e+01,1.287277473949188789e-05
1.971000000000000227e+02,1.000000000000000056e-01,-5.500051202615964030e+01,-5.500052484115293083e+01,1.281499329053303882e-05
1.972000000000000171e+02,1.000000000000000056e-01,-5.500050946602884494e+01,-5.500052222349675901e+01,1.275746791407073033e-05
1.973000000000000114e+02,1.000000000000000056e-01,-5.500050691869869723e+01,-5.500051961889619889e+01,1.270019750165829464e-05
1.974000000000000057e+02,1.000000000000000056e-01,-5.500050438410520570e+01,-5.500051702728614345e+01,1.264318093774363660e-05
1.975000000000000000e+02,1.000000000000000056e-01,-5.500050186218467729e+01,-5.500051444860179828e+01,1.258641712098551579e-05
1.976000000000000227e+02,1.000000000000000056e-01,-5.500049935287375291e+01,-5.500051188277868874e+01,1.252990493583183707e-05
1.977000000000000171e+02,1.000000000000000056e-01,-5.500049685610938610e+01,-5.500050932975268125e+01,1.247364329515221471e-05
1.978000000000000114e+02,1.000000000000000056e-01,-5.500049437182883594e+01,-5.500050678945994065e+01,1.241763110471083564e-05
1.979000000000000057e+02,1.000000000000000056e-01,-5.500049189996968835e+01,-5.500050426183696572e+01,1.236186727737731417e-05
1.980000000000000000e+02,1.000000000000000056e-01,-5.500048944046984190e+01,-5.500050174682056081e+01,1.230635071891583721e-05
1.981000000000000227e+02,1.000000000000000056e-01,-5.500048699326749357e+01,-5.500049924434785709e+01,1.225108036351230112e-05
1.982000000000000171e+02,1.000000000000000056e-01,-5.500048455830115302e+01,-5.500049675435628416e+01,1.219605513114174755e-05
1.983000000000000114e+02,1.000000000000000056e-01,-5.500048213550964959e+01,-5.500049427678359137e+01,1.214127394177921815e-05
1.984000000000000057e+02,1.000000000000000056e-01,-5.500047972483210401e+01,-5.500049181156784783e+01,1.208673574382146398e-05
1.985000000000000000e+02,1.000000000000000056e-01,-5.500047732620794250e+01,-5.500048935864742106e+01,1.203243947855980878e-05
1.986000000000000227e+02,1.000000000000000056e-01,-5.500047493957690392e+01,-5.500048691796098410e+01,1.197838408018014889e-05
1.987000000000000171e+02,1.000000000000000056e-01,-5.500047256487901848e+01,-5.500048448944752266e+01,1.192456850418466274e-05
1.988000000000000114e+02,1.000000000000000056e-01,-5.500047020205462189e+01,-5.500048207304632086e+01,1.187099169897010142e-05
1.989000000000000057e+02,1.000000000000000056e-01,-5.500046785104434832e+01,-5.500047966869697547e+01,1.181765262714407072e-05
1.990000000000000000e+02,1.000000000000000056e-01,-5.500046551178912324e+01,-5.500047727633936745e+01,1.176455024420874906e-05
1.991000000000000227e+02,1.000000000000000056e-01,-5.500046318423017766e+01,-5.500047489591369754e+01,1.171168351987716960e-05
1.992000000000000171e+02,1.000000000000000056e-01,-5.500046086830902681e+01,-5.500047252736044356e+01,1.165905141675693812e-05
1.993000000000000114e+02,1.000000000000000056e-01,-5.500045856396748434e+01,-5.500047017062040311e+01,1.160665291877194250e-05
1.994000000000000057e+02,1.000000000000000056e-01,-5.500045627114764812e+01,-5.500046782563465086e+01,1.155448700274064322e-05
1.995000000000000000e+02,1.000000000000000056e-01,-5.500045398979190736e+01,-5.500046549234455995e+01,1.150255265258692816e-05
1.996000000000000227e+02,1.000000000000000056e-01,-5.500045171984294967e+01,-5.500046317069180901e+01,1.145084885934011254e-05
1.997000000000000171e+02,1.000000000000000056e-01,-5.500044946124373269e+01,-5.500046086061834671e+01,1.139937461402951158e-05
1.998000000000000114e+02,1.000000000000000056e-01,-5.500044721393751246e+01,-5.500045856206642014e+01,1.134812890768444049e-05
1.999000000000000057e+02,1.000000000000000056e-01,-5.500044497786782216e+01,-5.500045627497857481e+01,1.129711075265049658e-05
2.000000000000000000e+02,1.000000000000000056e-01,-5.500044275297848628e+01,-5.500045399929762624e+01,1.124631913995699506e-05
